[3gH    H    H    H    H    H    H    H    H    H    H    H    H    H    H    H    H    H    H    H   [INFO] Using python from: /home/kisuk/miniforge3/envs/lerobot-arena/bin/python
Loading user config located at: '/home/kisuk/miniforge3/envs/lerobot-arena/lib/python3.11/site-packages/isaacsim/kit/data/Kit/Isaac-Sim/5.1/user.config.json'
[Info] [carb] Logging to file: /home/kisuk/miniforge3/envs/lerobot-arena/lib/python3.11/site-packages/isaacsim/kit/logs/Kit/Isaac-Sim/5.1/kit_20261006_003441.log

|---------------------------------------------------------------------------------------------|
| Driver Version: 580.178.04    | Graphics API: Vulkan
|=============================================================================================|
| GPU | Name                             | Active | LDA | GPU Memory | Vendor-ID | LUID       |
|     |                                  |        |     |            | Device-ID | UUID       |
|     |                                  |        |     |            | Bus-ID    |            |
|---------------------------------------------------------------------------------------------|
| 0   | NVIDIA GeForce RTX 2080          | Yes: 0 |     | 8438    MB | 10de      | 0          |
|     |                                  |        |     |            | 1e82      | 47b0fe01.. |
|     |                                  |        |     |            | 1         |            |
|=============================================================================================|
| OS: 22.04.5 LTS (Jammy Jellyfish) ubuntu, Version: 22.04.5, Kernel: 6.8.0-138-generic
| XServer Vendor: The X.Org Foundation, XServer Version: 12101004 (1.21.1.4)
| Processor: Intel(R) Core(TM) i7-9700K CPU @ 3.60GHz
| Cores: 8 | Logical Cores: 8
|---------------------------------------------------------------------------------------------|
| Total Memory (MB): 32020 | Free Memory: 26208
| Total Page/Swap (MB): 0 | Free Page/Swap: 0
|---------------------------------------------------------------------------------------------|
2026-10-05T15:34:42Z [770ms] [Warning] [gpu.foundation.plugin] CPU performance profile is set to powersave. This profile sets the CPU to the lowest frequency reducing performance.
2026-10-05T15:34:42Z [777ms] [Warning] [gpu.foundation.plugin] PCIe link width current (8) and maximum (16) for device 0 don't match.
2026-10-05T15:34:42Z [777ms] [Warning] [gpu.foundation.plugin] IOMMU is enabled.
2026-10-05T15:34:42Z [948ms] [Error] [omni.ext._impl.custom_importer] Failed to import python module omni.kit.test. Error: /lib/x86_64-linux-gnu/libstdc++.so.6: version `CXXABI_1.3.15' not found (required by /home/kisuk/miniforge3/envs/lerobot-arena/lib/python3.11/lib-dynload/../.././libicui18n.so.78). Traceback:
Traceback (most recent call last):
  File "/home/kisuk/miniforge3/envs/lerobot-arena/lib/python3.11/site-packages/isaacsim/kit/kernel/py/omni/ext/_impl/custom_importer.py", line 85, in import_module
    return importlib.import_module(name)
           ^^^^^^^^^^^^^^^^^^^^^^^^^^^^^
  File "/home/kisuk/miniforge3/envs/lerobot-arena/lib/python3.11/importlib/__init__.py", line 126, in import_module
    return _bootstrap._gcd_import(name[level:], package, level)
           ^^^^^^^^^^^^^^^^^^^^^^^^^^^^^^^^^^^^^^^^^^^^^^^^^^^^
  File "<frozen importlib._bootstrap>", line 1204, in _gcd_import
  File "<frozen importlib._bootstrap>", line 1176, in _find_and_load
  File "<frozen importlib._bootstrap>", line 1147, in _find_and_load_unlocked
  File "<frozen importlib._bootstrap>", line 690, in _load_unlocked
  File "<frozen importlib._bootstrap_external>", line 940, in exec_module
  File "<frozen importlib._bootstrap>", line 241, in _call_with_frames_removed
  File "/home/kisuk/miniforge3/envs/lerobot-arena/lib/python3.11/site-packages/isaacsim/extscache/omni.kit.test-2.0.1+69cbf6ad.lx64.r.cp311/omni/kit/test/__init__.py", line 7, in <module>
    from . import unittests
  File "/home/kisuk/miniforge3/envs/lerobot-arena/lib/python3.11/site-packages/isaacsim/extscache/omni.kit.test-2.0.1+69cbf6ad.lx64.r.cp311/omni/kit/test/unittests.py", line 21, in <module>
    from .async_unittest import AsyncTestSuite, AsyncTextTestRunner, OmniTestResult, AsyncTestCase
  File "/home/kisuk/miniforge3/envs/lerobot-arena/lib/python3.11/site-packages/isaacsim/extscache/omni.kit.test-2.0.1+69cbf6ad.lx64.r.cp311/omni/kit/test/async_unittest.py", line 25, in <module>
    from .reporter import TestReporter
  File "/home/kisuk/miniforge3/envs/lerobot-arena/lib/python3.11/site-packages/isaacsim/extscache/omni.kit.test-2.0.1+69cbf6ad.lx64.r.cp311/omni/kit/test/reporter.py", line 27, in <module>
    from .test_coverage import generate_coverage_report
  File "/home/kisuk/miniforge3/envs/lerobot-arena/lib/python3.11/site-packages/isaacsim/extscache/omni.kit.test-2.0.1+69cbf6ad.lx64.r.cp311/omni/kit/test/test_coverage.py", line 10, in <module>
    import coverage
  File "/home/kisuk/miniforge3/envs/lerobot-arena/lib/python3.11/site-packages/coverage/__init__.py", line 24, in <module>
    from coverage.control import (
  File "/home/kisuk/miniforge3/envs/lerobot-arena/lib/python3.11/site-packages/coverage/control.py", line 28, in <module>
    from coverage.collector import Collector, HAS_CTRACER
  File "/home/kisuk/miniforge3/envs/lerobot-arena/lib/python3.11/site-packages/coverage/collector.py", line 19, in <module>
    from coverage.data import CoverageData
  File "/home/kisuk/miniforge3/envs/lerobot-arena/lib/python3.11/site-packages/coverage/data.py", line 24, in <module>
    from coverage.sqldata import CoverageData
  File "/home/kisuk/miniforge3/envs/lerobot-arena/lib/python3.11/site-packages/coverage/sqldata.py", line 16, in <module>
    import sqlite3
  File "/home/kisuk/miniforge3/envs/lerobot-arena/lib/python3.11/sqlite3/__init__.py", line 57, in <module>
    from sqlite3.dbapi2 import *
  File "/home/kisuk/miniforge3/envs/lerobot-arena/lib/python3.11/sqlite3/dbapi2.py", line 27, in <module>
    from _sqlite3 import *
ImportError: /lib/x86_64-linux-gnu/libstdc++.so.6: version `CXXABI_1.3.15' not found (required by /home/kisuk/miniforge3/envs/lerobot-arena/lib/python3.11/lib-dynload/../.././libicui18n.so.78)

2026-10-05T15:34:42Z [948ms] [Error] [carb.scripting-python.plugin] Exception: Extension python module: 'omni.kit.test' in '/home/kisuk/miniforge3/envs/lerobot-arena/lib/python3.11/site-packages/isaacsim/extscache/omni.kit.test-2.0.1+69cbf6ad.lx64.r.cp311' failed to load.

At:
  /home/kisuk/miniforge3/envs/lerobot-arena/lib/python3.11/site-packages/isaacsim/kit/kernel/py/omni/ext/_impl/_internal.py(222): startup
  /home/kisuk/miniforge3/envs/lerobot-arena/lib/python3.11/site-packages/isaacsim/kit/kernel/py/omni/ext/_impl/_internal.py(337): startup_extension
  PythonExtension.cpp::startup()(2): <module>
  /home/kisuk/miniforge3/envs/lerobot-arena/lib/python3.11/site-packages/isaacsim/exts/isaacsim.simulation_app/isaacsim/simulation_app/simulation_app.py(534): _start_app
  /home/kisuk/miniforge3/envs/lerobot-arena/lib/python3.11/site-packages/isaacsim/exts/isaacsim.simulation_app/isaacsim/simulation_app/simulation_app.py(270): __init__
  /home/kisuk/IsaacLab_RS/source/isaaclab/isaaclab/app/app_launcher.py(811): _create_app
  /home/kisuk/IsaacLab_RS/source/isaaclab/isaaclab/app/app_launcher.py(127): __init__
  /home/kisuk/IsaacLab_RS/scripts/reinforcement_learning/rsl_rl/play_one_episode.py(62): <module>

2026-10-05T15:34:42Z [948ms] [Error] [omni.ext.plugin] [ext: omni.kit.test-2.0.1] Failed to startup python extension.
2026-10-05T15:34:45Z [3,184ms] [Warning] [omni.log] Source: omni.hydra was already registered.
2026-10-05T15:34:45Z [3,447ms] [Error] [omni.graph.tools._impl.internal.extension_contents_1_18] Exception while importing test omni.graph.scriptnode.ogn.tests.TestOgnScriptNode: Traceback (most recent call last):
  File "/home/kisuk/miniforge3/envs/lerobot-arena/lib/python3.11/site-packages/isaacsim/extscache/omni.graph.tools-1.79.2+69cbf6ad/omni/graph/tools/_impl/internal/extension_contents_1_18.py", line 394, in do_import_test_definition
    test_module = load_module_from_file(test_module_name, test_file)
                  ^^^^^^^^^^^^^^^^^^^^^^^^^^^^^^^^^^^^^^^^^^^^^^^^^^
  File "/home/kisuk/miniforge3/envs/lerobot-arena/lib/python3.11/site-packages/isaacsim/extscache/omni.graph.tools-1.79.2+69cbf6ad/omni/graph/tools/_impl/internal/file_utils.py", line 239, in load_module_from_file
    spec.loader.exec_module(module)
  File "<frozen importlib._bootstrap_external>", line 940, in exec_module
  File "<frozen importlib._bootstrap>", line 241, in _call_with_frames_removed
  File "/home/kisuk/miniforge3/envs/lerobot-arena/lib/python3.11/site-packages/isaacsim/extscache/omni.graph.scriptnode-1.50.0+107.3.0/omni/graph/scriptnode/ogn/tests/TestOgnScriptNode.py", line 4, in <module>
    import omni.graph.core.tests as ogts
  File "/home/kisuk/miniforge3/envs/lerobot-arena/lib/python3.11/site-packages/isaacsim/extscache/omni.graph-1.141.2+69cbf6ad.lx64.r.cp311/omni/graph/core/tests/__init__.py", line 20, in <module>
    from .omnigraph_test_utils import OmniGraphTestCase
  File "/home/kisuk/miniforge3/envs/lerobot-arena/lib/python3.11/site-packages/isaacsim/extscache/omni.graph-1.141.2+69cbf6ad.lx64.r.cp311/omni/graph/core/tests/omnigraph_test_utils.py", line 198, in <module>
    OmniGraphTestCase = test_case_class()
                        ^^^^^^^^^^^^^^^^^
  File "/home/kisuk/miniforge3/envs/lerobot-arena/lib/python3.11/site-packages/isaacsim/extscache/omni.graph-1.141.2+69cbf6ad.lx64.r.cp311/omni/graph/core/tests/omnigraph_test_utils.py", line 135, in test_case_class
    base_class = omni.kit.test.AsyncTestCase
                 ^^^^^^^^^^^^^
AttributeError: module 'omni.kit' has no attribute 'test'

2026-10-05T15:34:45Z [3,459ms] [Warning] [carb] Acquiring non optional plugin interface which is not listed as dependency: [omni::physx::IPhysxBenchmarks v1.0] (plugin: <default plugin>), by client: omni.physics.physx.plugin. Add it to CARB_PLUGIN_IMPL_DEPS() macro of a client.
2026-10-05T15:34:45Z [3,479ms] [Warning] [omni.isaac.dynamic_control] omni.isaac.dynamic_control is deprecated as of Isaac Sim 4.5. No action is needed from end-users.
2026-10-05T15:34:45Z [3,806ms] [Error] [omni.graph.tools._impl.internal.extension_contents_1_18] Exception while importing test omni.graph.action_nodes.ogn.tests.TestOgnOnMouseInput: Traceback (most recent call last):
  File "/home/kisuk/miniforge3/envs/lerobot-arena/lib/python3.11/site-packages/isaacsim/extscache/omni.graph.tools-1.79.2+69cbf6ad/omni/graph/tools/_impl/internal/extension_contents_1_18.py", line 394, in do_import_test_definition
    test_module = load_module_from_file(test_module_name, test_file)
                  ^^^^^^^^^^^^^^^^^^^^^^^^^^^^^^^^^^^^^^^^^^^^^^^^^^
  File "/home/kisuk/miniforge3/envs/lerobot-arena/lib/python3.11/site-packages/isaacsim/extscache/omni.graph.tools-1.79.2+69cbf6ad/omni/graph/tools/_impl/internal/file_utils.py", line 239, in load_module_from_file
    spec.loader.exec_module(module)
  File "<frozen importlib._bootstrap_external>", line 940, in exec_module
  File "<frozen importlib._bootstrap>", line 241, in _call_with_frames_removed
  File "/home/kisuk/miniforge3/envs/lerobot-arena/lib/python3.11/site-packages/isaacsim/extscache/omni.graph.action_nodes-1.50.4+107.3.0.lx64.r.cp311.u353/omni/graph/action_nodes/ogn/tests/TestOgnOnMouseInput.py", line 4, in <module>
    import omni.graph.core.tests as ogts
  File "/home/kisuk/miniforge3/envs/lerobot-arena/lib/python3.11/site-packages/isaacsim/extscache/omni.graph-1.141.2+69cbf6ad.lx64.r.cp311/omni/graph/core/tests/__init__.py", line 20, in <module>
    from .omnigraph_test_utils import OmniGraphTestCase
  File "/home/kisuk/miniforge3/envs/lerobot-arena/lib/python3.11/site-packages/isaacsim/extscache/omni.graph-1.141.2+69cbf6ad.lx64.r.cp311/omni/graph/core/tests/omnigraph_test_utils.py", line 198, in <module>
    OmniGraphTestCase = test_case_class()
                        ^^^^^^^^^^^^^^^^^
  File "/home/kisuk/miniforge3/envs/lerobot-arena/lib/python3.11/site-packages/isaacsim/extscache/omni.graph-1.141.2+69cbf6ad.lx64.r.cp311/omni/graph/core/tests/omnigraph_test_utils.py", line 135, in test_case_class
    base_class = omni.kit.test.AsyncTestCase
                 ^^^^^^^^^^^^^
AttributeError: cannot access submodule 'test' of module 'omni.kit' (most likely due to a circular import)

2026-10-05T15:34:45Z [3,806ms] [Error] [omni.graph.tools._impl.internal.extension_contents_1_18] Exception while importing test omni.graph.action_nodes.ogn.tests.TestOgnOnTick: Traceback (most recent call last):
  File "/home/kisuk/miniforge3/envs/lerobot-arena/lib/python3.11/site-packages/isaacsim/extscache/omni.graph.tools-1.79.2+69cbf6ad/omni/graph/tools/_impl/internal/extension_contents_1_18.py", line 394, in do_import_test_definition
    test_module = load_module_from_file(test_module_name, test_file)
                  ^^^^^^^^^^^^^^^^^^^^^^^^^^^^^^^^^^^^^^^^^^^^^^^^^^
  File "/home/kisuk/miniforge3/envs/lerobot-arena/lib/python3.11/site-packages/isaacsim/extscache/omni.graph.tools-1.79.2+69cbf6ad/omni/graph/tools/_impl/internal/file_utils.py", line 239, in load_module_from_file
    spec.loader.exec_module(module)
  File "<frozen importlib._bootstrap_external>", line 940, in exec_module
  File "<frozen importlib._bootstrap>", line 241, in _call_with_frames_removed
  File "/home/kisuk/miniforge3/envs/lerobot-arena/lib/python3.11/site-packages/isaacsim/extscache/omni.graph.action_nodes-1.50.4+107.3.0.lx64.r.cp311.u353/omni/graph/action_nodes/ogn/tests/TestOgnOnTick.py", line 4, in <module>
    import omni.graph.core.tests as ogts
ImportError: cannot import name 'tests' from 'omni.graph.core' (/home/kisuk/miniforge3/envs/lerobot-arena/lib/python3.11/site-packages/isaacsim/extscache/omni.graph-1.141.2+69cbf6ad.lx64.r.cp311/omni/graph/core/__init__.py)

2026-10-05T15:34:45Z [3,820ms] [Error] [omni.graph.tools._impl.internal.extension_contents_1_18] Exception while importing test omni.graph.action_nodes.ogn.tests.TestOgnForEachTarget: Traceback (most recent call last):
  File "/home/kisuk/miniforge3/envs/lerobot-arena/lib/python3.11/site-packages/isaacsim/extscache/omni.graph.tools-1.79.2+69cbf6ad/omni/graph/tools/_impl/internal/extension_contents_1_18.py", line 394, in do_import_test_definition
    test_module = load_module_from_file(test_module_name, test_file)
                  ^^^^^^^^^^^^^^^^^^^^^^^^^^^^^^^^^^^^^^^^^^^^^^^^^^
  File "/home/kisuk/miniforge3/envs/lerobot-arena/lib/python3.11/site-packages/isaacsim/extscache/omni.graph.tools-1.79.2+69cbf6ad/omni/graph/tools/_impl/internal/file_utils.py", line 239, in load_module_from_file
    spec.loader.exec_module(module)
  File "<frozen importlib._bootstrap_external>", line 940, in exec_module
  File "<frozen importlib._bootstrap>", line 241, in _call_with_frames_removed
  File "/home/kisuk/miniforge3/envs/lerobot-arena/lib/python3.11/site-packages/isaacsim/extscache/omni.graph.action_nodes-1.50.4+107.3.0.lx64.r.cp311.u353/omni/graph/action_nodes/ogn/tests/TestOgnForEachTarget.py", line 4, in <module>
    import omni.graph.core.tests as ogts
ImportError: cannot import name 'tests' from 'omni.graph.core' (/home/kisuk/miniforge3/envs/lerobot-arena/lib/python3.11/site-packages/isaacsim/extscache/omni.graph-1.141.2+69cbf6ad.lx64.r.cp311/omni/graph/core/__init__.py)

2026-10-05T15:34:45Z [3,820ms] [Error] [omni.graph.tools._impl.internal.extension_contents_1_18] Exception while importing test omni.graph.action_nodes.ogn.tests.TestOgnOnClosing: Traceback (most recent call last):
  File "/home/kisuk/miniforge3/envs/lerobot-arena/lib/python3.11/site-packages/isaacsim/extscache/omni.graph.tools-1.79.2+69cbf6ad/omni/graph/tools/_impl/internal/extension_contents_1_18.py", line 394, in do_import_test_definition
    test_module = load_module_from_file(test_module_name, test_file)
                  ^^^^^^^^^^^^^^^^^^^^^^^^^^^^^^^^^^^^^^^^^^^^^^^^^^
  File "/home/kisuk/miniforge3/envs/lerobot-arena/lib/python3.11/site-packages/isaacsim/extscache/omni.graph.tools-1.79.2+69cbf6ad/omni/graph/tools/_impl/internal/file_utils.py", line 239, in load_module_from_file
    spec.loader.exec_module(module)
  File "<frozen importlib._bootstrap_external>", line 940, in exec_module
  File "<frozen importlib._bootstrap>", line 241, in _call_with_frames_removed
  File "/home/kisuk/miniforge3/envs/lerobot-arena/lib/python3.11/site-packages/isaacsim/extscache/omni.graph.action_nodes-1.50.4+107.3.0.lx64.r.cp311.u353/omni/graph/action_nodes/ogn/tests/TestOgnOnClosing.py", line 4, in <module>
    import omni.graph.core.tests as ogts
ImportError: cannot import name 'tests' from 'omni.graph.core' (/home/kisuk/miniforge3/envs/lerobot-arena/lib/python3.11/site-packages/isaacsim/extscache/omni.graph-1.141.2+69cbf6ad.lx64.r.cp311/omni/graph/core/__init__.py)

2026-10-05T15:34:45Z [3,820ms] [Error] [omni.graph.tools._impl.internal.extension_contents_1_18] Exception while importing test omni.graph.action_nodes.ogn.tests.TestOgnMultigate: Traceback (most recent call last):
  File "/home/kisuk/miniforge3/envs/lerobot-arena/lib/python3.11/site-packages/isaacsim/extscache/omni.graph.tools-1.79.2+69cbf6ad/omni/graph/tools/_impl/internal/extension_contents_1_18.py", line 394, in do_import_test_definition
    test_module = load_module_from_file(test_module_name, test_file)
                  ^^^^^^^^^^^^^^^^^^^^^^^^^^^^^^^^^^^^^^^^^^^^^^^^^^
  File "/home/kisuk/miniforge3/envs/lerobot-arena/lib/python3.11/site-packages/isaacsim/extscache/omni.graph.tools-1.79.2+69cbf6ad/omni/graph/tools/_impl/internal/file_utils.py", line 239, in load_module_from_file
    spec.loader.exec_module(module)
  File "<frozen importlib._bootstrap_external>", line 940, in exec_module
  File "<frozen importlib._bootstrap>", line 241, in _call_with_frames_removed
  File "/home/kisuk/miniforge3/envs/lerobot-arena/lib/python3.11/site-packages/isaacsim/extscache/omni.graph.action_nodes-1.50.4+107.3.0.lx64.r.cp311.u353/omni/graph/action_nodes/ogn/tests/TestOgnMultigate.py", line 4, in <module>
    import omni.graph.core.tests as ogts
ImportError: cannot import name 'tests' from 'omni.graph.core' (/home/kisuk/miniforge3/envs/lerobot-arena/lib/python3.11/site-packages/isaacsim/extscache/omni.graph-1.141.2+69cbf6ad.lx64.r.cp311/omni/graph/core/__init__.py)

2026-10-05T15:34:45Z [3,821ms] [Error] [omni.graph.tools._impl.internal.extension_contents_1_18] Exception while importing test omni.graph.action_nodes.ogn.tests.TestOgnOnMessageBusEvent: Traceback (most recent call last):
  File "/home/kisuk/miniforge3/envs/lerobot-arena/lib/python3.11/site-packages/isaacsim/extscache/omni.graph.tools-1.79.2+69cbf6ad/omni/graph/tools/_impl/internal/extension_contents_1_18.py", line 394, in do_import_test_definition
    test_module = load_module_from_file(test_module_name, test_file)
                  ^^^^^^^^^^^^^^^^^^^^^^^^^^^^^^^^^^^^^^^^^^^^^^^^^^
  File "/home/kisuk/miniforge3/envs/lerobot-arena/lib/python3.11/site-packages/isaacsim/extscache/omni.graph.tools-1.79.2+69cbf6ad/omni/graph/tools/_impl/internal/file_utils.py", line 239, in load_module_from_file
    spec.loader.exec_module(module)
  File "<frozen importlib._bootstrap_external>", line 940, in exec_module
  File "<frozen importlib._bootstrap>", line 241, in _call_with_frames_removed
  File "/home/kisuk/miniforge3/envs/lerobot-arena/lib/python3.11/site-packages/isaacsim/extscache/omni.graph.action_nodes-1.50.4+107.3.0.lx64.r.cp311.u353/omni/graph/action_nodes/ogn/tests/TestOgnOnMessageBusEvent.py", line 4, in <module>
    import omni.graph.core.tests as ogts
ImportError: cannot import name 'tests' from 'omni.graph.core' (/home/kisuk/miniforge3/envs/lerobot-arena/lib/python3.11/site-packages/isaacsim/extscache/omni.graph-1.141.2+69cbf6ad.lx64.r.cp311/omni/graph/core/__init__.py)

2026-10-05T15:34:45Z [3,822ms] [Error] [omni.graph.tools._impl.internal.extension_contents_1_18] Exception while importing test omni.graph.action_nodes.ogn.tests.TestOgnSetPrimActive: Traceback (most recent call last):
  File "/home/kisuk/miniforge3/envs/lerobot-arena/lib/python3.11/site-packages/isaacsim/extscache/omni.graph.tools-1.79.2+69cbf6ad/omni/graph/tools/_impl/internal/extension_contents_1_18.py", line 394, in do_import_test_definition
    test_module = load_module_from_file(test_module_name, test_file)
                  ^^^^^^^^^^^^^^^^^^^^^^^^^^^^^^^^^^^^^^^^^^^^^^^^^^
  File "/home/kisuk/miniforge3/envs/lerobot-arena/lib/python3.11/site-packages/isaacsim/extscache/omni.graph.tools-1.79.2+69cbf6ad/omni/graph/tools/_impl/internal/file_utils.py", line 239, in load_module_from_file
    spec.loader.exec_module(module)
  File "<frozen importlib._bootstrap_external>", line 940, in exec_module
  File "<frozen importlib._bootstrap>", line 241, in _call_with_frames_removed
  File "/home/kisuk/miniforge3/envs/lerobot-arena/lib/python3.11/site-packages/isaacsim/extscache/omni.graph.action_nodes-1.50.4+107.3.0.lx64.r.cp311.u353/omni/graph/action_nodes/ogn/tests/TestOgnSetPrimActive.py", line 4, in <module>
    import omni.graph.core.tests as ogts
ImportError: cannot import name 'tests' from 'omni.graph.core' (/home/kisuk/miniforge3/envs/lerobot-arena/lib/python3.11/site-packages/isaacsim/extscache/omni.graph-1.141.2+69cbf6ad.lx64.r.cp311/omni/graph/core/__init__.py)

2026-10-05T15:34:45Z [3,826ms] [Error] [omni.graph.tools._impl.internal.extension_contents_1_18] Exception while importing test omni.graph.action_nodes.ogn.tests.TestOgnSendCustomEvent: Traceback (most recent call last):
  File "/home/kisuk/miniforge3/envs/lerobot-arena/lib/python3.11/site-packages/isaacsim/extscache/omni.graph.tools-1.79.2+69cbf6ad/omni/graph/tools/_impl/internal/extension_contents_1_18.py", line 394, in do_import_test_definition
    test_module = load_module_from_file(test_module_name, test_file)
                  ^^^^^^^^^^^^^^^^^^^^^^^^^^^^^^^^^^^^^^^^^^^^^^^^^^
  File "/home/kisuk/miniforge3/envs/lerobot-arena/lib/python3.11/site-packages/isaacsim/extscache/omni.graph.tools-1.79.2+69cbf6ad/omni/graph/tools/_impl/internal/file_utils.py", line 239, in load_module_from_file
    spec.loader.exec_module(module)
  File "<frozen importlib._bootstrap_external>", line 940, in exec_module
  File "<frozen importlib._bootstrap>", line 241, in _call_with_frames_removed
  File "/home/kisuk/miniforge3/envs/lerobot-arena/lib/python3.11/site-packages/isaacsim/extscache/omni.graph.action_nodes-1.50.4+107.3.0.lx64.r.cp311.u353/omni/graph/action_nodes/ogn/tests/TestOgnSendCustomEvent.py", line 4, in <module>
    import omni.graph.core.tests as ogts
ImportError: cannot import name 'tests' from 'omni.graph.core' (/home/kisuk/miniforge3/envs/lerobot-arena/lib/python3.11/site-packages/isaacsim/extscache/omni.graph-1.141.2+69cbf6ad.lx64.r.cp311/omni/graph/core/__init__.py)

2026-10-05T15:34:45Z [3,827ms] [Error] [omni.graph.tools._impl.internal.extension_contents_1_18] Exception while importing test omni.graph.action_nodes.ogn.tests.TestOgnOnImpulseEvent: Traceback (most recent call last):
  File "/home/kisuk/miniforge3/envs/lerobot-arena/lib/python3.11/site-packages/isaacsim/extscache/omni.graph.tools-1.79.2+69cbf6ad/omni/graph/tools/_impl/internal/extension_contents_1_18.py", line 394, in do_import_test_definition
    test_module = load_module_from_file(test_module_name, test_file)
                  ^^^^^^^^^^^^^^^^^^^^^^^^^^^^^^^^^^^^^^^^^^^^^^^^^^
  File "/home/kisuk/miniforge3/envs/lerobot-arena/lib/python3.11/site-packages/isaacsim/extscache/omni.graph.tools-1.79.2+69cbf6ad/omni/graph/tools/_impl/internal/file_utils.py", line 239, in load_module_from_file
    spec.loader.exec_module(module)
  File "<frozen importlib._bootstrap_external>", line 940, in exec_module
  File "<frozen importlib._bootstrap>", line 241, in _call_with_frames_removed
  File "/home/kisuk/miniforge3/envs/lerobot-arena/lib/python3.11/site-packages/isaacsim/extscache/omni.graph.action_nodes-1.50.4+107.3.0.lx64.r.cp311.u353/omni/graph/action_nodes/ogn/tests/TestOgnOnImpulseEvent.py", line 4, in <module>
    import omni.graph.core.tests as ogts
  File "/home/kisuk/miniforge3/envs/lerobot-arena/lib/python3.11/site-packages/isaacsim/extscache/omni.graph-1.141.2+69cbf6ad.lx64.r.cp311/omni/graph/core/tests/__init__.py", line 20, in <module>
    from .omnigraph_test_utils import OmniGraphTestCase
  File "/home/kisuk/miniforge3/envs/lerobot-arena/lib/python3.11/site-packages/isaacsim/extscache/omni.graph-1.141.2+69cbf6ad.lx64.r.cp311/omni/graph/core/tests/omnigraph_test_utils.py", line 198, in <module>
    OmniGraphTestCase = test_case_class()
                        ^^^^^^^^^^^^^^^^^
  File "/home/kisuk/miniforge3/envs/lerobot-arena/lib/python3.11/site-packages/isaacsim/extscache/omni.graph-1.141.2+69cbf6ad.lx64.r.cp311/omni/graph/core/tests/omnigraph_test_utils.py", line 135, in test_case_class
    base_class = omni.kit.test.AsyncTestCase
                 ^^^^^^^^^^^^^
AttributeError: cannot access submodule 'test' of module 'omni.kit' (most likely due to a circular import)

2026-10-05T15:34:45Z [3,847ms] [Error] [omni.graph.tools._impl.internal.extension_contents_1_18] Exception while importing test omni.graph.action_nodes.ogn.tests.TestOgnOnStageEvent: Traceback (most recent call last):
  File "/home/kisuk/miniforge3/envs/lerobot-arena/lib/python3.11/site-packages/isaacsim/extscache/omni.graph.tools-1.79.2+69cbf6ad/omni/graph/tools/_impl/internal/extension_contents_1_18.py", line 394, in do_import_test_definition
    test_module = load_module_from_file(test_module_name, test_file)
                  ^^^^^^^^^^^^^^^^^^^^^^^^^^^^^^^^^^^^^^^^^^^^^^^^^^
  File "/home/kisuk/miniforge3/envs/lerobot-arena/lib/python3.11/site-packages/isaacsim/extscache/omni.graph.tools-1.79.2+69cbf6ad/omni/graph/tools/_impl/internal/file_utils.py", line 239, in load_module_from_file
    spec.loader.exec_module(module)
  File "<frozen importlib._bootstrap_external>", line 940, in exec_module
  File "<frozen importlib._bootstrap>", line 241, in _call_with_frames_removed
  File "/home/kisuk/miniforge3/envs/lerobot-arena/lib/python3.11/site-packages/isaacsim/extscache/omni.graph.action_nodes-1.50.4+107.3.0.lx64.r.cp311.u353/omni/graph/action_nodes/ogn/tests/TestOgnOnStageEvent.py", line 4, in <module>
    import omni.graph.core.tests as ogts
  File "/home/kisuk/miniforge3/envs/lerobot-arena/lib/python3.11/site-packages/isaacsim/extscache/omni.graph-1.141.2+69cbf6ad.lx64.r.cp311/omni/graph/core/tests/__init__.py", line 20, in <module>
    from .omnigraph_test_utils import OmniGraphTestCase
  File "/home/kisuk/miniforge3/envs/lerobot-arena/lib/python3.11/site-packages/isaacsim/extscache/omni.graph-1.141.2+69cbf6ad.lx64.r.cp311/omni/graph/core/tests/omnigraph_test_utils.py", line 198, in <module>
    OmniGraphTestCase = test_case_class()
                        ^^^^^^^^^^^^^^^^^
  File "/home/kisuk/miniforge3/envs/lerobot-arena/lib/python3.11/site-packages/isaacsim/extscache/omni.graph-1.141.2+69cbf6ad.lx64.r.cp311/omni/graph/core/tests/omnigraph_test_utils.py", line 135, in test_case_class
    base_class = omni.kit.test.AsyncTestCase
                 ^^^^^^^^^^^^^
AttributeError: cannot access submodule 'test' of module 'omni.kit' (most likely due to a circular import)

2026-10-05T15:34:45Z [3,848ms] [Error] [omni.graph.tools._impl.internal.extension_contents_1_18] Exception while importing test omni.graph.action_nodes.ogn.tests.TestOgnRationalTimeSyncGate: Traceback (most recent call last):
  File "/home/kisuk/miniforge3/envs/lerobot-arena/lib/python3.11/site-packages/isaacsim/extscache/omni.graph.tools-1.79.2+69cbf6ad/omni/graph/tools/_impl/internal/extension_contents_1_18.py", line 394, in do_import_test_definition
    test_module = load_module_from_file(test_module_name, test_file)
                  ^^^^^^^^^^^^^^^^^^^^^^^^^^^^^^^^^^^^^^^^^^^^^^^^^^
  File "/home/kisuk/miniforge3/envs/lerobot-arena/lib/python3.11/site-packages/isaacsim/extscache/omni.graph.tools-1.79.2+69cbf6ad/omni/graph/tools/_impl/internal/file_utils.py", line 239, in load_module_from_file
    spec.loader.exec_module(module)
  File "<frozen importlib._bootstrap_external>", line 940, in exec_module
  File "<frozen importlib._bootstrap>", line 241, in _call_with_frames_removed
  File "/home/kisuk/miniforge3/envs/lerobot-arena/lib/python3.11/site-packages/isaacsim/extscache/omni.graph.action_nodes-1.50.4+107.3.0.lx64.r.cp311.u353/omni/graph/action_nodes/ogn/tests/TestOgnRationalTimeSyncGate.py", line 4, in <module>
    import omni.graph.core.tests as ogts
ImportError: cannot import name 'tests' from 'omni.graph.core' (/home/kisuk/miniforge3/envs/lerobot-arena/lib/python3.11/site-packages/isaacsim/extscache/omni.graph-1.141.2+69cbf6ad.lx64.r.cp311/omni/graph/core/__init__.py)

2026-10-05T15:34:45Z [3,849ms] [Error] [omni.graph.tools._impl.internal.extension_contents_1_18] Exception while importing test omni.graph.action_nodes.ogn.tests.TestOgnAddPrimRelationship: Traceback (most recent call last):
  File "/home/kisuk/miniforge3/envs/lerobot-arena/lib/python3.11/site-packages/isaacsim/extscache/omni.graph.tools-1.79.2+69cbf6ad/omni/graph/tools/_impl/internal/extension_contents_1_18.py", line 394, in do_import_test_definition
    test_module = load_module_from_file(test_module_name, test_file)
                  ^^^^^^^^^^^^^^^^^^^^^^^^^^^^^^^^^^^^^^^^^^^^^^^^^^
  File "/home/kisuk/miniforge3/envs/lerobot-arena/lib/python3.11/site-packages/isaacsim/extscache/omni.graph.tools-1.79.2+69cbf6ad/omni/graph/tools/_impl/internal/file_utils.py", line 239, in load_module_from_file
    spec.loader.exec_module(module)
  File "<frozen importlib._bootstrap_external>", line 940, in exec_module
  File "<frozen importlib._bootstrap>", line 241, in _call_with_frames_removed
  File "/home/kisuk/miniforge3/envs/lerobot-arena/lib/python3.11/site-packages/isaacsim/extscache/omni.graph.action_nodes-1.50.4+107.3.0.lx64.r.cp311.u353/omni/graph/action_nodes/ogn/tests/TestOgnAddPrimRelationship.py", line 4, in <module>
    import omni.graph.core.tests as ogts
ImportError: cannot import name 'tests' from 'omni.graph.core' (/home/kisuk/miniforge3/envs/lerobot-arena/lib/python3.11/site-packages/isaacsim/extscache/omni.graph-1.141.2+69cbf6ad.lx64.r.cp311/omni/graph/core/__init__.py)

2026-10-05T15:34:45Z [3,849ms] [Error] [omni.graph.tools._impl.internal.extension_contents_1_18] Exception while importing test omni.graph.action_nodes.ogn.tests.TestOgnOnVariableChange: Traceback (most recent call last):
  File "/home/kisuk/miniforge3/envs/lerobot-arena/lib/python3.11/site-packages/isaacsim/extscache/omni.graph.tools-1.79.2+69cbf6ad/omni/graph/tools/_impl/internal/extension_contents_1_18.py", line 394, in do_import_test_definition
    test_module = load_module_from_file(test_module_name, test_file)
                  ^^^^^^^^^^^^^^^^^^^^^^^^^^^^^^^^^^^^^^^^^^^^^^^^^^
  File "/home/kisuk/miniforge3/envs/lerobot-arena/lib/python3.11/site-packages/isaacsim/extscache/omni.graph.tools-1.79.2+69cbf6ad/omni/graph/tools/_impl/internal/file_utils.py", line 239, in load_module_from_file
    spec.loader.exec_module(module)
  File "<frozen importlib._bootstrap_external>", line 940, in exec_module
  File "<frozen importlib._bootstrap>", line 241, in _call_with_frames_removed
  File "/home/kisuk/miniforge3/envs/lerobot-arena/lib/python3.11/site-packages/isaacsim/extscache/omni.graph.action_nodes-1.50.4+107.3.0.lx64.r.cp311.u353/omni/graph/action_nodes/ogn/tests/TestOgnOnVariableChange.py", line 4, in <module>
    import omni.graph.core.tests as ogts
ImportError: cannot import name 'tests' from 'omni.graph.core' (/home/kisuk/miniforge3/envs/lerobot-arena/lib/python3.11/site-packages/isaacsim/extscache/omni.graph-1.141.2+69cbf6ad.lx64.r.cp311/omni/graph/core/__init__.py)

2026-10-05T15:34:45Z [3,851ms] [Error] [omni.graph.tools._impl.internal.extension_contents_1_18] Exception while importing test omni.graph.action_nodes.ogn.tests.TestOgnForEach: Traceback (most recent call last):
  File "/home/kisuk/miniforge3/envs/lerobot-arena/lib/python3.11/site-packages/isaacsim/extscache/omni.graph.tools-1.79.2+69cbf6ad/omni/graph/tools/_impl/internal/extension_contents_1_18.py", line 394, in do_import_test_definition
    test_module = load_module_from_file(test_module_name, test_file)
                  ^^^^^^^^^^^^^^^^^^^^^^^^^^^^^^^^^^^^^^^^^^^^^^^^^^
  File "/home/kisuk/miniforge3/envs/lerobot-arena/lib/python3.11/site-packages/isaacsim/extscache/omni.graph.tools-1.79.2+69cbf6ad/omni/graph/tools/_impl/internal/file_utils.py", line 239, in load_module_from_file
    spec.loader.exec_module(module)
  File "<frozen importlib._bootstrap_external>", line 940, in exec_module
  File "<frozen importlib._bootstrap>", line 241, in _call_with_frames_removed
  File "/home/kisuk/miniforge3/envs/lerobot-arena/lib/python3.11/site-packages/isaacsim/extscache/omni.graph.action_nodes-1.50.4+107.3.0.lx64.r.cp311.u353/omni/graph/action_nodes/ogn/tests/TestOgnForEach.py", line 4, in <module>
    import omni.graph.core.tests as ogts
ImportError: cannot import name 'tests' from 'omni.graph.core' (/home/kisuk/miniforge3/envs/lerobot-arena/lib/python3.11/site-packages/isaacsim/extscache/omni.graph-1.141.2+69cbf6ad.lx64.r.cp311/omni/graph/core/__init__.py)

2026-10-05T15:34:45Z [3,857ms] [Error] [omni.graph.tools._impl.internal.extension_contents_1_18] Exception while importing test omni.graph.action_nodes.ogn.tests.TestOgnMultisequence: Traceback (most recent call last):
  File "/home/kisuk/miniforge3/envs/lerobot-arena/lib/python3.11/site-packages/isaacsim/extscache/omni.graph.tools-1.79.2+69cbf6ad/omni/graph/tools/_impl/internal/extension_contents_1_18.py", line 394, in do_import_test_definition
    test_module = load_module_from_file(test_module_name, test_file)
                  ^^^^^^^^^^^^^^^^^^^^^^^^^^^^^^^^^^^^^^^^^^^^^^^^^^
  File "/home/kisuk/miniforge3/envs/lerobot-arena/lib/python3.11/site-packages/isaacsim/extscache/omni.graph.tools-1.79.2+69cbf6ad/omni/graph/tools/_impl/internal/file_utils.py", line 239, in load_module_from_file
    spec.loader.exec_module(module)
  File "<frozen importlib._bootstrap_external>", line 940, in exec_module
  File "<frozen importlib._bootstrap>", line 241, in _call_with_frames_removed
  File "/home/kisuk/miniforge3/envs/lerobot-arena/lib/python3.11/site-packages/isaacsim/extscache/omni.graph.action_nodes-1.50.4+107.3.0.lx64.r.cp311.u353/omni/graph/action_nodes/ogn/tests/TestOgnMultisequence.py", line 4, in <module>
    import omni.graph.core.tests as ogts
  File "/home/kisuk/miniforge3/envs/lerobot-arena/lib/python3.11/site-packages/isaacsim/extscache/omni.graph-1.141.2+69cbf6ad.lx64.r.cp311/omni/graph/core/tests/__init__.py", line 20, in <module>
    from .omnigraph_test_utils import OmniGraphTestCase
  File "/home/kisuk/miniforge3/envs/lerobot-arena/lib/python3.11/site-packages/isaacsim/extscache/omni.graph-1.141.2+69cbf6ad.lx64.r.cp311/omni/graph/core/tests/omnigraph_test_utils.py", line 198, in <module>
    OmniGraphTestCase = test_case_class()
                        ^^^^^^^^^^^^^^^^^
  File "/home/kisuk/miniforge3/envs/lerobot-arena/lib/python3.11/site-packages/isaacsim/extscache/omni.graph-1.141.2+69cbf6ad.lx64.r.cp311/omni/graph/core/tests/omnigraph_test_utils.py", line 135, in test_case_class
    base_class = omni.kit.test.AsyncTestCase
                 ^^^^^^^^^^^^^
AttributeError: module 'omni.kit' has no attribute 'test'

2026-10-05T15:34:45Z [3,861ms] [Error] [omni.graph.tools._impl.internal.extension_contents_1_18] Exception while importing test omni.graph.action_nodes.ogn.tests.TestOgnSwitchToken: Traceback (most recent call last):
  File "/home/kisuk/miniforge3/envs/lerobot-arena/lib/python3.11/site-packages/isaacsim/extscache/omni.graph.tools-1.79.2+69cbf6ad/omni/graph/tools/_impl/internal/extension_contents_1_18.py", line 394, in do_import_test_definition
    test_module = load_module_from_file(test_module_name, test_file)
                  ^^^^^^^^^^^^^^^^^^^^^^^^^^^^^^^^^^^^^^^^^^^^^^^^^^
  File "/home/kisuk/miniforge3/envs/lerobot-arena/lib/python3.11/site-packages/isaacsim/extscache/omni.graph.tools-1.79.2+69cbf6ad/omni/graph/tools/_impl/internal/file_utils.py", line 239, in load_module_from_file
    spec.loader.exec_module(module)
  File "<frozen importlib._bootstrap_external>", line 940, in exec_module
  File "<frozen importlib._bootstrap>", line 241, in _call_with_frames_removed
  File "/home/kisuk/miniforge3/envs/lerobot-arena/lib/python3.11/site-packages/isaacsim/extscache/omni.graph.action_nodes-1.50.4+107.3.0.lx64.r.cp311.u353/omni/graph/action_nodes/ogn/tests/TestOgnSwitchToken.py", line 4, in <module>
    import omni.graph.core.tests as ogts
  File "/home/kisuk/miniforge3/envs/lerobot-arena/lib/python3.11/site-packages/isaacsim/extscache/omni.graph-1.141.2+69cbf6ad.lx64.r.cp311/omni/graph/core/tests/__init__.py", line 20, in <module>
    from .omnigraph_test_utils import OmniGraphTestCase
  File "/home/kisuk/miniforge3/envs/lerobot-arena/lib/python3.11/site-packages/isaacsim/extscache/omni.graph-1.141.2+69cbf6ad.lx64.r.cp311/omni/graph/core/tests/omnigraph_test_utils.py", line 198, in <module>
    OmniGraphTestCase = test_case_class()
                        ^^^^^^^^^^^^^^^^^
  File "/home/kisuk/miniforge3/envs/lerobot-arena/lib/python3.11/site-packages/isaacsim/extscache/omni.graph-1.141.2+69cbf6ad.lx64.r.cp311/omni/graph/core/tests/omnigraph_test_utils.py", line 135, in test_case_class
    base_class = omni.kit.test.AsyncTestCase
                 ^^^^^^^^^^^^^
AttributeError: module 'omni.kit' has no attribute 'test'

2026-10-05T15:34:45Z [3,866ms] [Error] [omni.graph.tools._impl.internal.extension_contents_1_18] Exception while importing test omni.graph.action_nodes.ogn.tests.TestOgnOnLoaded: Traceback (most recent call last):
  File "/home/kisuk/miniforge3/envs/lerobot-arena/lib/python3.11/site-packages/isaacsim/extscache/omni.graph.tools-1.79.2+69cbf6ad/omni/graph/tools/_impl/internal/extension_contents_1_18.py", line 394, in do_import_test_definition
    test_module = load_module_from_file(test_module_name, test_file)
                  ^^^^^^^^^^^^^^^^^^^^^^^^^^^^^^^^^^^^^^^^^^^^^^^^^^
  File "/home/kisuk/miniforge3/envs/lerobot-arena/lib/python3.11/site-packages/isaacsim/extscache/omni.graph.tools-1.79.2+69cbf6ad/omni/graph/tools/_impl/internal/file_utils.py", line 239, in load_module_from_file
    spec.loader.exec_module(module)
  File "<frozen importlib._bootstrap_external>", line 940, in exec_module
  File "<frozen importlib._bootstrap>", line 241, in _call_with_frames_removed
  File "/home/kisuk/miniforge3/envs/lerobot-arena/lib/python3.11/site-packages/isaacsim/extscache/omni.graph.action_nodes-1.50.4+107.3.0.lx64.r.cp311.u353/omni/graph/action_nodes/ogn/tests/TestOgnOnLoaded.py", line 4, in <module>
    import omni.graph.core.tests as ogts
  File "/home/kisuk/miniforge3/envs/lerobot-arena/lib/python3.11/site-packages/isaacsim/extscache/omni.graph-1.141.2+69cbf6ad.lx64.r.cp311/omni/graph/core/tests/__init__.py", line 20, in <module>
    from .omnigraph_test_utils import OmniGraphTestCase
  File "/home/kisuk/miniforge3/envs/lerobot-arena/lib/python3.11/site-packages/isaacsim/extscache/omni.graph-1.141.2+69cbf6ad.lx64.r.cp311/omni/graph/core/tests/omnigraph_test_utils.py", line 198, in <module>
    OmniGraphTestCase = test_case_class()
                        ^^^^^^^^^^^^^^^^^
  File "/home/kisuk/miniforge3/envs/lerobot-arena/lib/python3.11/site-packages/isaacsim/extscache/omni.graph-1.141.2+69cbf6ad.lx64.r.cp311/omni/graph/core/tests/omnigraph_test_utils.py", line 135, in test_case_class
    base_class = omni.kit.test.AsyncTestCase
                 ^^^^^^^^^^^^^
AttributeError: module 'omni.kit' has no attribute 'test'

2026-10-05T15:34:45Z [3,867ms] [Error] [omni.graph.tools._impl.internal.extension_contents_1_18] Exception while importing test omni.graph.action_nodes.ogn.tests.TestOgnOnPlaybackTick: Traceback (most recent call last):
  File "/home/kisuk/miniforge3/envs/lerobot-arena/lib/python3.11/site-packages/isaacsim/extscache/omni.graph.tools-1.79.2+69cbf6ad/omni/graph/tools/_impl/internal/extension_contents_1_18.py", line 394, in do_import_test_definition
    test_module = load_module_from_file(test_module_name, test_file)
                  ^^^^^^^^^^^^^^^^^^^^^^^^^^^^^^^^^^^^^^^^^^^^^^^^^^
  File "/home/kisuk/miniforge3/envs/lerobot-arena/lib/python3.11/site-packages/isaacsim/extscache/omni.graph.tools-1.79.2+69cbf6ad/omni/graph/tools/_impl/internal/file_utils.py", line 239, in load_module_from_file
    spec.loader.exec_module(module)
  File "<frozen importlib._bootstrap_external>", line 940, in exec_module
  File "<frozen importlib._bootstrap>", line 241, in _call_with_frames_removed
  File "/home/kisuk/miniforge3/envs/lerobot-arena/lib/python3.11/site-packages/isaacsim/extscache/omni.graph.action_nodes-1.50.4+107.3.0.lx64.r.cp311.u353/omni/graph/action_nodes/ogn/tests/TestOgnOnPlaybackTick.py", line 4, in <module>
    import omni.graph.core.tests as ogts
ImportError: cannot import name 'tests' from 'omni.graph.core' (/home/kisuk/miniforge3/envs/lerobot-arena/lib/python3.11/site-packages/isaacsim/extscache/omni.graph-1.141.2+69cbf6ad.lx64.r.cp311/omni/graph/core/__init__.py)

2026-10-05T15:34:45Z [3,867ms] [Error] [omni.graph.tools._impl.internal.extension_contents_1_18] Exception while importing test omni.graph.action_nodes.ogn.tests.TestOgnBranch: Traceback (most recent call last):
  File "/home/kisuk/miniforge3/envs/lerobot-arena/lib/python3.11/site-packages/isaacsim/extscache/omni.graph.tools-1.79.2+69cbf6ad/omni/graph/tools/_impl/internal/extension_contents_1_18.py", line 394, in do_import_test_definition
    test_module = load_module_from_file(test_module_name, test_file)
                  ^^^^^^^^^^^^^^^^^^^^^^^^^^^^^^^^^^^^^^^^^^^^^^^^^^
  File "/home/kisuk/miniforge3/envs/lerobot-arena/lib/python3.11/site-packages/isaacsim/extscache/omni.graph.tools-1.79.2+69cbf6ad/omni/graph/tools/_impl/internal/file_utils.py", line 239, in load_module_from_file
    spec.loader.exec_module(module)
  File "<frozen importlib._bootstrap_external>", line 940, in exec_module
  File "<frozen importlib._bootstrap>", line 241, in _call_with_frames_removed
  File "/home/kisuk/miniforge3/envs/lerobot-arena/lib/python3.11/site-packages/isaacsim/extscache/omni.graph.action_nodes-1.50.4+107.3.0.lx64.r.cp311.u353/omni/graph/action_nodes/ogn/tests/TestOgnBranch.py", line 4, in <module>
    import omni.graph.core.tests as ogts
  File "/home/kisuk/miniforge3/envs/lerobot-arena/lib/python3.11/site-packages/isaacsim/extscache/omni.graph-1.141.2+69cbf6ad.lx64.r.cp311/omni/graph/core/tests/__init__.py", line 20, in <module>
    from .omnigraph_test_utils import OmniGraphTestCase
  File "/home/kisuk/miniforge3/envs/lerobot-arena/lib/python3.11/site-packages/isaacsim/extscache/omni.graph-1.141.2+69cbf6ad.lx64.r.cp311/omni/graph/core/tests/omnigraph_test_utils.py", line 198, in <module>
    OmniGraphTestCase = test_case_class()
                        ^^^^^^^^^^^^^^^^^
  File "/home/kisuk/miniforge3/envs/lerobot-arena/lib/python3.11/site-packages/isaacsim/extscache/omni.graph-1.141.2+69cbf6ad.lx64.r.cp311/omni/graph/core/tests/omnigraph_test_utils.py", line 135, in test_case_class
    base_class = omni.kit.test.AsyncTestCase
                 ^^^^^^^^^^^^^
AttributeError: module 'omni.kit' has no attribute 'test'

2026-10-05T15:34:45Z [3,868ms] [Error] [omni.graph.tools._impl.internal.extension_contents_1_18] Exception while importing test omni.graph.action_nodes.ogn.tests.TestOgnGate: Traceback (most recent call last):
  File "/home/kisuk/miniforge3/envs/lerobot-arena/lib/python3.11/site-packages/isaacsim/extscache/omni.graph.tools-1.79.2+69cbf6ad/omni/graph/tools/_impl/internal/extension_contents_1_18.py", line 394, in do_import_test_definition
    test_module = load_module_from_file(test_module_name, test_file)
                  ^^^^^^^^^^^^^^^^^^^^^^^^^^^^^^^^^^^^^^^^^^^^^^^^^^
  File "/home/kisuk/miniforge3/envs/lerobot-arena/lib/python3.11/site-packages/isaacsim/extscache/omni.graph.tools-1.79.2+69cbf6ad/omni/graph/tools/_impl/internal/file_utils.py", line 239, in load_module_from_file
    spec.loader.exec_module(module)
  File "<frozen importlib._bootstrap_external>", line 940, in exec_module
  File "<frozen importlib._bootstrap>", line 241, in _call_with_frames_removed
  File "/home/kisuk/miniforge3/envs/lerobot-arena/lib/python3.11/site-packages/isaacsim/extscache/omni.graph.action_nodes-1.50.4+107.3.0.lx64.r.cp311.u353/omni/graph/action_nodes/ogn/tests/TestOgnGate.py", line 4, in <module>
    import omni.graph.core.tests as ogts
  File "/home/kisuk/miniforge3/envs/lerobot-arena/lib/python3.11/site-packages/isaacsim/extscache/omni.graph-1.141.2+69cbf6ad.lx64.r.cp311/omni/graph/core/tests/__init__.py", line 20, in <module>
    from .omnigraph_test_utils import OmniGraphTestCase
  File "/home/kisuk/miniforge3/envs/lerobot-arena/lib/python3.11/site-packages/isaacsim/extscache/omni.graph-1.141.2+69cbf6ad.lx64.r.cp311/omni/graph/core/tests/omnigraph_test_utils.py", line 198, in <module>
    OmniGraphTestCase = test_case_class()
                        ^^^^^^^^^^^^^^^^^
  File "/home/kisuk/miniforge3/envs/lerobot-arena/lib/python3.11/site-packages/isaacsim/extscache/omni.graph-1.141.2+69cbf6ad.lx64.r.cp311/omni/graph/core/tests/omnigraph_test_utils.py", line 135, in test_case_class
    base_class = omni.kit.test.AsyncTestCase
                 ^^^^^^^^^^^^^
AttributeError: module 'omni.kit' has no attribute 'test'

2026-10-05T15:34:45Z [3,873ms] [Error] [omni.graph.tools._impl.internal.extension_contents_1_18] Exception while importing test omni.graph.action_nodes.ogn.tests.TestOgnOnCustomEvent: Traceback (most recent call last):
  File "/home/kisuk/miniforge3/envs/lerobot-arena/lib/python3.11/site-packages/isaacsim/extscache/omni.graph.tools-1.79.2+69cbf6ad/omni/graph/tools/_impl/internal/extension_contents_1_18.py", line 394, in do_import_test_definition
    test_module = load_module_from_file(test_module_name, test_file)
                  ^^^^^^^^^^^^^^^^^^^^^^^^^^^^^^^^^^^^^^^^^^^^^^^^^^
  File "/home/kisuk/miniforge3/envs/lerobot-arena/lib/python3.11/site-packages/isaacsim/extscache/omni.graph.tools-1.79.2+69cbf6ad/omni/graph/tools/_impl/internal/file_utils.py", line 239, in load_module_from_file
    spec.loader.exec_module(module)
  File "<frozen importlib._bootstrap_external>", line 940, in exec_module
  File "<frozen importlib._bootstrap>", line 241, in _call_with_frames_removed
  File "/home/kisuk/miniforge3/envs/lerobot-arena/lib/python3.11/site-packages/isaacsim/extscache/omni.graph.action_nodes-1.50.4+107.3.0.lx64.r.cp311.u353/omni/graph/action_nodes/ogn/tests/TestOgnOnCustomEvent.py", line 4, in <module>
    import omni.graph.core.tests as ogts
  File "/home/kisuk/miniforge3/envs/lerobot-arena/lib/python3.11/site-packages/isaacsim/extscache/omni.graph-1.141.2+69cbf6ad.lx64.r.cp311/omni/graph/core/tests/__init__.py", line 20, in <module>
    from .omnigraph_test_utils import OmniGraphTestCase
  File "/home/kisuk/miniforge3/envs/lerobot-arena/lib/python3.11/site-packages/isaacsim/extscache/omni.graph-1.141.2+69cbf6ad.lx64.r.cp311/omni/graph/core/tests/omnigraph_test_utils.py", line 198, in <module>
    OmniGraphTestCase = test_case_class()
                        ^^^^^^^^^^^^^^^^^
  File "/home/kisuk/miniforge3/envs/lerobot-arena/lib/python3.11/site-packages/isaacsim/extscache/omni.graph-1.141.2+69cbf6ad.lx64.r.cp311/omni/graph/core/tests/omnigraph_test_utils.py", line 135, in test_case_class
    base_class = omni.kit.test.AsyncTestCase
                 ^^^^^^^^^^^^^
AttributeError: module 'omni.kit' has no attribute 'test'

2026-10-05T15:34:45Z [3,881ms] [Error] [omni.graph.tools._impl.internal.extension_contents_1_18] Exception while importing test omni.graph.action_nodes.ogn.tests.TestOgnOnKeyboardInput: Traceback (most recent call last):
  File "/home/kisuk/miniforge3/envs/lerobot-arena/lib/python3.11/site-packages/isaacsim/extscache/omni.graph.tools-1.79.2+69cbf6ad/omni/graph/tools/_impl/internal/extension_contents_1_18.py", line 394, in do_import_test_definition
    test_module = load_module_from_file(test_module_name, test_file)
                  ^^^^^^^^^^^^^^^^^^^^^^^^^^^^^^^^^^^^^^^^^^^^^^^^^^
  File "/home/kisuk/miniforge3/envs/lerobot-arena/lib/python3.11/site-packages/isaacsim/extscache/omni.graph.tools-1.79.2+69cbf6ad/omni/graph/tools/_impl/internal/file_utils.py", line 239, in load_module_from_file
    spec.loader.exec_module(module)
  File "<frozen importlib._bootstrap_external>", line 940, in exec_module
  File "<frozen importlib._bootstrap>", line 241, in _call_with_frames_removed
  File "/home/kisuk/miniforge3/envs/lerobot-arena/lib/python3.11/site-packages/isaacsim/extscache/omni.graph.action_nodes-1.50.4+107.3.0.lx64.r.cp311.u353/omni/graph/action_nodes/ogn/tests/TestOgnOnKeyboardInput.py", line 4, in <module>
    import omni.graph.core.tests as ogts
  File "/home/kisuk/miniforge3/envs/lerobot-arena/lib/python3.11/site-packages/isaacsim/extscache/omni.graph-1.141.2+69cbf6ad.lx64.r.cp311/omni/graph/core/tests/__init__.py", line 20, in <module>
    from .omnigraph_test_utils import OmniGraphTestCase
  File "/home/kisuk/miniforge3/envs/lerobot-arena/lib/python3.11/site-packages/isaacsim/extscache/omni.graph-1.141.2+69cbf6ad.lx64.r.cp311/omni/graph/core/tests/omnigraph_test_utils.py", line 198, in <module>
    OmniGraphTestCase = test_case_class()
                        ^^^^^^^^^^^^^^^^^
  File "/home/kisuk/miniforge3/envs/lerobot-arena/lib/python3.11/site-packages/isaacsim/extscache/omni.graph-1.141.2+69cbf6ad.lx64.r.cp311/omni/graph/core/tests/omnigraph_test_utils.py", line 135, in test_case_class
    base_class = omni.kit.test.AsyncTestCase
                 ^^^^^^^^^^^^^
AttributeError: module 'omni.kit' has no attribute 'test'

2026-10-05T15:34:45Z [3,881ms] [Error] [omni.graph.tools._impl.internal.extension_contents_1_18] Exception while importing test omni.graph.action_nodes.ogn.tests.TestOgnOnce: Traceback (most recent call last):
  File "/home/kisuk/miniforge3/envs/lerobot-arena/lib/python3.11/site-packages/isaacsim/extscache/omni.graph.tools-1.79.2+69cbf6ad/omni/graph/tools/_impl/internal/extension_contents_1_18.py", line 394, in do_import_test_definition
    test_module = load_module_from_file(test_module_name, test_file)
                  ^^^^^^^^^^^^^^^^^^^^^^^^^^^^^^^^^^^^^^^^^^^^^^^^^^
  File "/home/kisuk/miniforge3/envs/lerobot-arena/lib/python3.11/site-packages/isaacsim/extscache/omni.graph.tools-1.79.2+69cbf6ad/omni/graph/tools/_impl/internal/file_utils.py", line 239, in load_module_from_file
    spec.loader.exec_module(module)
  File "<frozen importlib._bootstrap_external>", line 940, in exec_module
  File "<frozen importlib._bootstrap>", line 241, in _call_with_frames_removed
  File "/home/kisuk/miniforge3/envs/lerobot-arena/lib/python3.11/site-packages/isaacsim/extscache/omni.graph.action_nodes-1.50.4+107.3.0.lx64.r.cp311.u353/omni/graph/action_nodes/ogn/tests/TestOgnOnce.py", line 4, in <module>
    import omni.graph.core.tests as ogts
  File "/home/kisuk/miniforge3/envs/lerobot-arena/lib/python3.11/site-packages/isaacsim/extscache/omni.graph-1.141.2+69cbf6ad.lx64.r.cp311/omni/graph/core/tests/__init__.py", line 20, in <module>
    from .omnigraph_test_utils import OmniGraphTestCase
  File "/home/kisuk/miniforge3/envs/lerobot-arena/lib/python3.11/site-packages/isaacsim/extscache/omni.graph-1.141.2+69cbf6ad.lx64.r.cp311/omni/graph/core/tests/omnigraph_test_utils.py", line 198, in <module>
    OmniGraphTestCase = test_case_class()
                        ^^^^^^^^^^^^^^^^^
  File "/home/kisuk/miniforge3/envs/lerobot-arena/lib/python3.11/site-packages/isaacsim/extscache/omni.graph-1.141.2+69cbf6ad.lx64.r.cp311/omni/graph/core/tests/omnigraph_test_utils.py", line 135, in test_case_class
    base_class = omni.kit.test.AsyncTestCase
                 ^^^^^^^^^^^^^
AttributeError: module 'omni.kit' has no attribute 'test'

2026-10-05T15:34:45Z [3,884ms] [Error] [omni.graph.tools._impl.internal.extension_contents_1_18] Exception while importing test omni.graph.action_nodes.ogn.tests.TestOgnSequence: Traceback (most recent call last):
  File "/home/kisuk/miniforge3/envs/lerobot-arena/lib/python3.11/site-packages/isaacsim/extscache/omni.graph.tools-1.79.2+69cbf6ad/omni/graph/tools/_impl/internal/extension_contents_1_18.py", line 394, in do_import_test_definition
    test_module = load_module_from_file(test_module_name, test_file)
                  ^^^^^^^^^^^^^^^^^^^^^^^^^^^^^^^^^^^^^^^^^^^^^^^^^^
  File "/home/kisuk/miniforge3/envs/lerobot-arena/lib/python3.11/site-packages/isaacsim/extscache/omni.graph.tools-1.79.2+69cbf6ad/omni/graph/tools/_impl/internal/file_utils.py", line 239, in load_module_from_file
    spec.loader.exec_module(module)
  File "<frozen importlib._bootstrap_external>", line 940, in exec_module
  File "<frozen importlib._bootstrap>", line 241, in _call_with_frames_removed
  File "/home/kisuk/miniforge3/envs/lerobot-arena/lib/python3.11/site-packages/isaacsim/extscache/omni.graph.action_nodes-1.50.4+107.3.0.lx64.r.cp311.u353/omni/graph/action_nodes/ogn/tests/TestOgnSequence.py", line 4, in <module>
    import omni.graph.core.tests as ogts
ImportError: cannot import name 'tests' from 'omni.graph.core' (/home/kisuk/miniforge3/envs/lerobot-arena/lib/python3.11/site-packages/isaacsim/extscache/omni.graph-1.141.2+69cbf6ad.lx64.r.cp311/omni/graph/core/__init__.py)

2026-10-05T15:34:45Z [3,885ms] [Error] [omni.graph.tools._impl.internal.extension_contents_1_18] Exception while importing test omni.graph.action_nodes.ogn.tests.TestOgnOnObjectChange: Traceback (most recent call last):
  File "/home/kisuk/miniforge3/envs/lerobot-arena/lib/python3.11/site-packages/isaacsim/extscache/omni.graph.tools-1.79.2+69cbf6ad/omni/graph/tools/_impl/internal/extension_contents_1_18.py", line 394, in do_import_test_definition
    test_module = load_module_from_file(test_module_name, test_file)
                  ^^^^^^^^^^^^^^^^^^^^^^^^^^^^^^^^^^^^^^^^^^^^^^^^^^
  File "/home/kisuk/miniforge3/envs/lerobot-arena/lib/python3.11/site-packages/isaacsim/extscache/omni.graph.tools-1.79.2+69cbf6ad/omni/graph/tools/_impl/internal/file_utils.py", line 239, in load_module_from_file
    spec.loader.exec_module(module)
  File "<frozen importlib._bootstrap_external>", line 940, in exec_module
  File "<frozen importlib._bootstrap>", line 241, in _call_with_frames_removed
  File "/home/kisuk/miniforge3/envs/lerobot-arena/lib/python3.11/site-packages/isaacsim/extscache/omni.graph.action_nodes-1.50.4+107.3.0.lx64.r.cp311.u353/omni/graph/action_nodes/ogn/tests/TestOgnOnObjectChange.py", line 4, in <module>
    import omni.graph.core.tests as ogts
  File "/home/kisuk/miniforge3/envs/lerobot-arena/lib/python3.11/site-packages/isaacsim/extscache/omni.graph-1.141.2+69cbf6ad.lx64.r.cp311/omni/graph/core/tests/__init__.py", line 20, in <module>
    from .omnigraph_test_utils import OmniGraphTestCase
  File "/home/kisuk/miniforge3/envs/lerobot-arena/lib/python3.11/site-packages/isaacsim/extscache/omni.graph-1.141.2+69cbf6ad.lx64.r.cp311/omni/graph/core/tests/omnigraph_test_utils.py", line 198, in <module>
    OmniGraphTestCase = test_case_class()
                        ^^^^^^^^^^^^^^^^^
  File "/home/kisuk/miniforge3/envs/lerobot-arena/lib/python3.11/site-packages/isaacsim/extscache/omni.graph-1.141.2+69cbf6ad.lx64.r.cp311/omni/graph/core/tests/omnigraph_test_utils.py", line 135, in test_case_class
    base_class = omni.kit.test.AsyncTestCase
                 ^^^^^^^^^^^^^
AttributeError: module 'omni.kit' has no attribute 'test'

2026-10-05T15:34:45Z [3,885ms] [Error] [omni.graph.tools._impl.internal.extension_contents_1_18] Exception while importing test omni.graph.action_nodes.ogn.tests.TestOgnSyncGate: Traceback (most recent call last):
  File "/home/kisuk/miniforge3/envs/lerobot-arena/lib/python3.11/site-packages/isaacsim/extscache/omni.graph.tools-1.79.2+69cbf6ad/omni/graph/tools/_impl/internal/extension_contents_1_18.py", line 394, in do_import_test_definition
    test_module = load_module_from_file(test_module_name, test_file)
                  ^^^^^^^^^^^^^^^^^^^^^^^^^^^^^^^^^^^^^^^^^^^^^^^^^^
  File "/home/kisuk/miniforge3/envs/lerobot-arena/lib/python3.11/site-packages/isaacsim/extscache/omni.graph.tools-1.79.2+69cbf6ad/omni/graph/tools/_impl/internal/file_utils.py", line 239, in load_module_from_file
    spec.loader.exec_module(module)
  File "<frozen importlib._bootstrap_external>", line 940, in exec_module
  File "<frozen importlib._bootstrap>", line 241, in _call_with_frames_removed
  File "/home/kisuk/miniforge3/envs/lerobot-arena/lib/python3.11/site-packages/isaacsim/extscache/omni.graph.action_nodes-1.50.4+107.3.0.lx64.r.cp311.u353/omni/graph/action_nodes/ogn/tests/TestOgnSyncGate.py", line 4, in <module>
    import omni.graph.core.tests as ogts
  File "/home/kisuk/miniforge3/envs/lerobot-arena/lib/python3.11/site-packages/isaacsim/extscache/omni.graph-1.141.2+69cbf6ad.lx64.r.cp311/omni/graph/core/tests/__init__.py", line 20, in <module>
    from .omnigraph_test_utils import OmniGraphTestCase
  File "/home/kisuk/miniforge3/envs/lerobot-arena/lib/python3.11/site-packages/isaacsim/extscache/omni.graph-1.141.2+69cbf6ad.lx64.r.cp311/omni/graph/core/tests/omnigraph_test_utils.py", line 198, in <module>
    OmniGraphTestCase = test_case_class()
                        ^^^^^^^^^^^^^^^^^
  File "/home/kisuk/miniforge3/envs/lerobot-arena/lib/python3.11/site-packages/isaacsim/extscache/omni.graph-1.141.2+69cbf6ad.lx64.r.cp311/omni/graph/core/tests/omnigraph_test_utils.py", line 135, in test_case_class
    base_class = omni.kit.test.AsyncTestCase
                 ^^^^^^^^^^^^^
AttributeError: module 'omni.kit' has no attribute 'test'

2026-10-05T15:34:47Z [5,910ms] [Warning] [pxr.Semantics] pxr.Semantics is deprecated - please use Semantics instead
2026-10-05T15:34:48Z [6,423ms] [Warning] [omni.graph.core.plugin] Found duplicate of category 'Replicator' - was 'Annotators', adding 'Fabric Reader'
2026-10-05T15:34:48Z [6,423ms] [Warning] [omni.graph.core.plugin] Category 'Replicator' not accepted on node type 'omni.replicator.core.FabricReader' in extension 'omni.replicator.core'
2026-10-05T15:34:48Z [6,424ms] [Warning] [omni.replicator.core.scripts.extension] No material configuration file, adding configuration to material settings directly.
2026-10-05T15:34:48Z [6,569ms] [Error] [omni.graph.tools._impl.internal.extension_contents_1_18] Exception while importing test omni.replicator.core.ogn.tests.TestOgnAugConv2dExp: Traceback (most recent call last):
  File "/home/kisuk/miniforge3/envs/lerobot-arena/lib/python3.11/site-packages/isaacsim/extscache/omni.graph.tools-1.79.2+69cbf6ad/omni/graph/tools/_impl/internal/extension_contents_1_18.py", line 394, in do_import_test_definition
    test_module = load_module_from_file(test_module_name, test_file)
                  ^^^^^^^^^^^^^^^^^^^^^^^^^^^^^^^^^^^^^^^^^^^^^^^^^^
  File "/home/kisuk/miniforge3/envs/lerobot-arena/lib/python3.11/site-packages/isaacsim/extscache/omni.graph.tools-1.79.2+69cbf6ad/omni/graph/tools/_impl/internal/file_utils.py", line 239, in load_module_from_file
    spec.loader.exec_module(module)
  File "<frozen importlib._bootstrap_external>", line 940, in exec_module
  File "<frozen importlib._bootstrap>", line 241, in _call_with_frames_removed
  File "/home/kisuk/miniforge3/envs/lerobot-arena/lib/python3.11/site-packages/isaacsim/extscache/omni.replicator.core-1.12.27+107.3.3.lx64.r.cp311/omni/replicator/core/ogn/tests/TestOgnAugConv2dExp.py", line 4, in <module>
    import omni.graph.core.tests as ogts
  File "/home/kisuk/miniforge3/envs/lerobot-arena/lib/python3.11/site-packages/isaacsim/extscache/omni.graph-1.141.2+69cbf6ad.lx64.r.cp311/omni/graph/core/tests/__init__.py", line 20, in <module>
    from .omnigraph_test_utils import OmniGraphTestCase
  File "/home/kisuk/miniforge3/envs/lerobot-arena/lib/python3.11/site-packages/isaacsim/extscache/omni.graph-1.141.2+69cbf6ad.lx64.r.cp311/omni/graph/core/tests/omnigraph_test_utils.py", line 198, in <module>
    OmniGraphTestCase = test_case_class()
                        ^^^^^^^^^^^^^^^^^
  File "/home/kisuk/miniforge3/envs/lerobot-arena/lib/python3.11/site-packages/isaacsim/extscache/omni.graph-1.141.2+69cbf6ad.lx64.r.cp311/omni/graph/core/tests/omnigraph_test_utils.py", line 135, in test_case_class
    base_class = omni.kit.test.AsyncTestCase
                 ^^^^^^^^^^^^^
AttributeError: cannot access submodule 'test' of module 'omni.kit' (most likely due to a circular import)

2026-10-05T15:34:48Z [6,579ms] [Error] [omni.graph.tools._impl.internal.extension_contents_1_18] Exception while importing test omni.replicator.core.ogn.tests.TestOgnCreateProjectionMaterial: Traceback (most recent call last):
  File "/home/kisuk/miniforge3/envs/lerobot-arena/lib/python3.11/site-packages/isaacsim/extscache/omni.graph.tools-1.79.2+69cbf6ad/omni/graph/tools/_impl/internal/extension_contents_1_18.py", line 394, in do_import_test_definition
    test_module = load_module_from_file(test_module_name, test_file)
                  ^^^^^^^^^^^^^^^^^^^^^^^^^^^^^^^^^^^^^^^^^^^^^^^^^^
  File "/home/kisuk/miniforge3/envs/lerobot-arena/lib/python3.11/site-packages/isaacsim/extscache/omni.graph.tools-1.79.2+69cbf6ad/omni/graph/tools/_impl/internal/file_utils.py", line 239, in load_module_from_file
    spec.loader.exec_module(module)
  File "<frozen importlib._bootstrap_external>", line 940, in exec_module
  File "<frozen importlib._bootstrap>", line 241, in _call_with_frames_removed
  File "/home/kisuk/miniforge3/envs/lerobot-arena/lib/python3.11/site-packages/isaacsim/extscache/omni.replicator.core-1.12.27+107.3.3.lx64.r.cp311/omni/replicator/core/ogn/tests/TestOgnCreateProjectionMaterial.py", line 4, in <module>
    import omni.graph.core.tests as ogts
  File "/home/kisuk/miniforge3/envs/lerobot-arena/lib/python3.11/site-packages/isaacsim/extscache/omni.graph-1.141.2+69cbf6ad.lx64.r.cp311/omni/graph/core/tests/__init__.py", line 20, in <module>
    from .omnigraph_test_utils import OmniGraphTestCase
  File "/home/kisuk/miniforge3/envs/lerobot-arena/lib/python3.11/site-packages/isaacsim/extscache/omni.graph-1.141.2+69cbf6ad.lx64.r.cp311/omni/graph/core/tests/omnigraph_test_utils.py", line 198, in <module>
    OmniGraphTestCase = test_case_class()
                        ^^^^^^^^^^^^^^^^^
  File "/home/kisuk/miniforge3/envs/lerobot-arena/lib/python3.11/site-packages/isaacsim/extscache/omni.graph-1.141.2+69cbf6ad.lx64.r.cp311/omni/graph/core/tests/omnigraph_test_utils.py", line 135, in test_case_class
    base_class = omni.kit.test.AsyncTestCase
                 ^^^^^^^^^^^^^
AttributeError: cannot access submodule 'test' of module 'omni.kit' (most likely due to a circular import)

2026-10-05T15:34:48Z [6,595ms] [Error] [omni.graph.tools._impl.internal.extension_contents_1_18] Exception while importing test omni.replicator.core.ogn.tests.TestOgnOrbit: Traceback (most recent call last):
  File "/home/kisuk/miniforge3/envs/lerobot-arena/lib/python3.11/site-packages/isaacsim/extscache/omni.graph.tools-1.79.2+69cbf6ad/omni/graph/tools/_impl/internal/extension_contents_1_18.py", line 394, in do_import_test_definition
    test_module = load_module_from_file(test_module_name, test_file)
                  ^^^^^^^^^^^^^^^^^^^^^^^^^^^^^^^^^^^^^^^^^^^^^^^^^^
  File "/home/kisuk/miniforge3/envs/lerobot-arena/lib/python3.11/site-packages/isaacsim/extscache/omni.graph.tools-1.79.2+69cbf6ad/omni/graph/tools/_impl/internal/file_utils.py", line 239, in load_module_from_file
    spec.loader.exec_module(module)
  File "<frozen importlib._bootstrap_external>", line 940, in exec_module
  File "<frozen importlib._bootstrap>", line 241, in _call_with_frames_removed
  File "/home/kisuk/miniforge3/envs/lerobot-arena/lib/python3.11/site-packages/isaacsim/extscache/omni.replicator.core-1.12.27+107.3.3.lx64.r.cp311/omni/replicator/core/ogn/tests/TestOgnOrbit.py", line 4, in <module>
    import omni.graph.core.tests as ogts
  File "/home/kisuk/miniforge3/envs/lerobot-arena/lib/python3.11/site-packages/isaacsim/extscache/omni.graph-1.141.2+69cbf6ad.lx64.r.cp311/omni/graph/core/tests/__init__.py", line 20, in <module>
    from .omnigraph_test_utils import OmniGraphTestCase
  File "/home/kisuk/miniforge3/envs/lerobot-arena/lib/python3.11/site-packages/isaacsim/extscache/omni.graph-1.141.2+69cbf6ad.lx64.r.cp311/omni/graph/core/tests/omnigraph_test_utils.py", line 198, in <module>
    OmniGraphTestCase = test_case_class()
                        ^^^^^^^^^^^^^^^^^
  File "/home/kisuk/miniforge3/envs/lerobot-arena/lib/python3.11/site-packages/isaacsim/extscache/omni.graph-1.141.2+69cbf6ad.lx64.r.cp311/omni/graph/core/tests/omnigraph_test_utils.py", line 135, in test_case_class
    base_class = omni.kit.test.AsyncTestCase
                 ^^^^^^^^^^^^^
AttributeError: cannot access submodule 'test' of module 'omni.kit' (most likely due to a circular import)

2026-10-05T15:34:48Z [6,621ms] [Error] [omni.graph.tools._impl.internal.extension_contents_1_18] Exception while importing test omni.replicator.core.ogn.tests.TestOgnWriter: Traceback (most recent call last):
  File "/home/kisuk/miniforge3/envs/lerobot-arena/lib/python3.11/site-packages/isaacsim/extscache/omni.graph.tools-1.79.2+69cbf6ad/omni/graph/tools/_impl/internal/extension_contents_1_18.py", line 394, in do_import_test_definition
    test_module = load_module_from_file(test_module_name, test_file)
                  ^^^^^^^^^^^^^^^^^^^^^^^^^^^^^^^^^^^^^^^^^^^^^^^^^^
  File "/home/kisuk/miniforge3/envs/lerobot-arena/lib/python3.11/site-packages/isaacsim/extscache/omni.graph.tools-1.79.2+69cbf6ad/omni/graph/tools/_impl/internal/file_utils.py", line 239, in load_module_from_file
    spec.loader.exec_module(module)
  File "<frozen importlib._bootstrap_external>", line 940, in exec_module
  File "<frozen importlib._bootstrap>", line 241, in _call_with_frames_removed
  File "/home/kisuk/miniforge3/envs/lerobot-arena/lib/python3.11/site-packages/isaacsim/extscache/omni.replicator.core-1.12.27+107.3.3.lx64.r.cp311/omni/replicator/core/ogn/tests/TestOgnWriter.py", line 4, in <module>
    import omni.graph.core.tests as ogts
  File "/home/kisuk/miniforge3/envs/lerobot-arena/lib/python3.11/site-packages/isaacsim/extscache/omni.graph-1.141.2+69cbf6ad.lx64.r.cp311/omni/graph/core/tests/__init__.py", line 20, in <module>
    from .omnigraph_test_utils import OmniGraphTestCase
  File "/home/kisuk/miniforge3/envs/lerobot-arena/lib/python3.11/site-packages/isaacsim/extscache/omni.graph-1.141.2+69cbf6ad.lx64.r.cp311/omni/graph/core/tests/omnigraph_test_utils.py", line 198, in <module>
    OmniGraphTestCase = test_case_class()
                        ^^^^^^^^^^^^^^^^^
  File "/home/kisuk/miniforge3/envs/lerobot-arena/lib/python3.11/site-packages/isaacsim/extscache/omni.graph-1.141.2+69cbf6ad.lx64.r.cp311/omni/graph/core/tests/omnigraph_test_utils.py", line 135, in test_case_class
    base_class = omni.kit.test.AsyncTestCase
                 ^^^^^^^^^^^^^
AttributeError: cannot access submodule 'test' of module 'omni.kit' (most likely due to a circular import)

2026-10-05T15:34:48Z [6,644ms] [Error] [omni.graph.tools._impl.internal.extension_contents_1_18] Exception while importing test omni.replicator.core.ogn.tests.TestOgnSetVariant: Traceback (most recent call last):
  File "/home/kisuk/miniforge3/envs/lerobot-arena/lib/python3.11/site-packages/isaacsim/extscache/omni.graph.tools-1.79.2+69cbf6ad/omni/graph/tools/_impl/internal/extension_contents_1_18.py", line 394, in do_import_test_definition
    test_module = load_module_from_file(test_module_name, test_file)
                  ^^^^^^^^^^^^^^^^^^^^^^^^^^^^^^^^^^^^^^^^^^^^^^^^^^
  File "/home/kisuk/miniforge3/envs/lerobot-arena/lib/python3.11/site-packages/isaacsim/extscache/omni.graph.tools-1.79.2+69cbf6ad/omni/graph/tools/_impl/internal/file_utils.py", line 239, in load_module_from_file
    spec.loader.exec_module(module)
  File "<frozen importlib._bootstrap_external>", line 940, in exec_module
  File "<frozen importlib._bootstrap>", line 241, in _call_with_frames_removed
  File "/home/kisuk/miniforge3/envs/lerobot-arena/lib/python3.11/site-packages/isaacsim/extscache/omni.replicator.core-1.12.27+107.3.3.lx64.r.cp311/omni/replicator/core/ogn/tests/TestOgnSetVariant.py", line 4, in <module>
    import omni.graph.core.tests as ogts
  File "/home/kisuk/miniforge3/envs/lerobot-arena/lib/python3.11/site-packages/isaacsim/extscache/omni.graph-1.141.2+69cbf6ad.lx64.r.cp311/omni/graph/core/tests/__init__.py", line 20, in <module>
    from .omnigraph_test_utils import OmniGraphTestCase
  File "/home/kisuk/miniforge3/envs/lerobot-arena/lib/python3.11/site-packages/isaacsim/extscache/omni.graph-1.141.2+69cbf6ad.lx64.r.cp311/omni/graph/core/tests/omnigraph_test_utils.py", line 198, in <module>
    OmniGraphTestCase = test_case_class()
                        ^^^^^^^^^^^^^^^^^
  File "/home/kisuk/miniforge3/envs/lerobot-arena/lib/python3.11/site-packages/isaacsim/extscache/omni.graph-1.141.2+69cbf6ad.lx64.r.cp311/omni/graph/core/tests/omnigraph_test_utils.py", line 135, in test_case_class
    base_class = omni.kit.test.AsyncTestCase
                 ^^^^^^^^^^^^^
AttributeError: cannot access submodule 'test' of module 'omni.kit' (most likely due to a circular import)

2026-10-05T15:34:48Z [6,652ms] [Error] [omni.graph.tools._impl.internal.extension_contents_1_18] Exception while importing test omni.replicator.core.ogn.tests.TestOgnSampleOmniPBR: Traceback (most recent call last):
  File "/home/kisuk/miniforge3/envs/lerobot-arena/lib/python3.11/site-packages/isaacsim/extscache/omni.graph.tools-1.79.2+69cbf6ad/omni/graph/tools/_impl/internal/extension_contents_1_18.py", line 394, in do_import_test_definition
    test_module = load_module_from_file(test_module_name, test_file)
                  ^^^^^^^^^^^^^^^^^^^^^^^^^^^^^^^^^^^^^^^^^^^^^^^^^^
  File "/home/kisuk/miniforge3/envs/lerobot-arena/lib/python3.11/site-packages/isaacsim/extscache/omni.graph.tools-1.79.2+69cbf6ad/omni/graph/tools/_impl/internal/file_utils.py", line 239, in load_module_from_file
    spec.loader.exec_module(module)
  File "<frozen importlib._bootstrap_external>", line 940, in exec_module
  File "<frozen importlib._bootstrap>", line 241, in _call_with_frames_removed
  File "/home/kisuk/miniforge3/envs/lerobot-arena/lib/python3.11/site-packages/isaacsim/extscache/omni.replicator.core-1.12.27+107.3.3.lx64.r.cp311/omni/replicator/core/ogn/tests/TestOgnSampleOmniPBR.py", line 4, in <module>
    import omni.graph.core.tests as ogts
  File "/home/kisuk/miniforge3/envs/lerobot-arena/lib/python3.11/site-packages/isaacsim/extscache/omni.graph-1.141.2+69cbf6ad.lx64.r.cp311/omni/graph/core/tests/__init__.py", line 20, in <module>
    from .omnigraph_test_utils import OmniGraphTestCase
  File "/home/kisuk/miniforge3/envs/lerobot-arena/lib/python3.11/site-packages/isaacsim/extscache/omni.graph-1.141.2+69cbf6ad.lx64.r.cp311/omni/graph/core/tests/omnigraph_test_utils.py", line 198, in <module>
    OmniGraphTestCase = test_case_class()
                        ^^^^^^^^^^^^^^^^^
  File "/home/kisuk/miniforge3/envs/lerobot-arena/lib/python3.11/site-packages/isaacsim/extscache/omni.graph-1.141.2+69cbf6ad.lx64.r.cp311/omni/graph/core/tests/omnigraph_test_utils.py", line 135, in test_case_class
    base_class = omni.kit.test.AsyncTestCase
                 ^^^^^^^^^^^^^
AttributeError: cannot access submodule 'test' of module 'omni.kit' (most likely due to a circular import)

2026-10-05T15:34:48Z [6,662ms] [Error] [omni.graph.tools._impl.internal.extension_contents_1_18] Exception while importing test omni.replicator.core.ogn.tests.TestOgnSampleCombine: Traceback (most recent call last):
  File "/home/kisuk/miniforge3/envs/lerobot-arena/lib/python3.11/site-packages/isaacsim/extscache/omni.graph.tools-1.79.2+69cbf6ad/omni/graph/tools/_impl/internal/extension_contents_1_18.py", line 394, in do_import_test_definition
    test_module = load_module_from_file(test_module_name, test_file)
                  ^^^^^^^^^^^^^^^^^^^^^^^^^^^^^^^^^^^^^^^^^^^^^^^^^^
  File "/home/kisuk/miniforge3/envs/lerobot-arena/lib/python3.11/site-packages/isaacsim/extscache/omni.graph.tools-1.79.2+69cbf6ad/omni/graph/tools/_impl/internal/file_utils.py", line 239, in load_module_from_file
    spec.loader.exec_module(module)
  File "<frozen importlib._bootstrap_external>", line 940, in exec_module
  File "<frozen importlib._bootstrap>", line 241, in _call_with_frames_removed
  File "/home/kisuk/miniforge3/envs/lerobot-arena/lib/python3.11/site-packages/isaacsim/extscache/omni.replicator.core-1.12.27+107.3.3.lx64.r.cp311/omni/replicator/core/ogn/tests/TestOgnSampleCombine.py", line 4, in <module>
    import omni.graph.core.tests as ogts
  File "/home/kisuk/miniforge3/envs/lerobot-arena/lib/python3.11/site-packages/isaacsim/extscache/omni.graph-1.141.2+69cbf6ad.lx64.r.cp311/omni/graph/core/tests/__init__.py", line 20, in <module>
    from .omnigraph_test_utils import OmniGraphTestCase
  File "/home/kisuk/miniforge3/envs/lerobot-arena/lib/python3.11/site-packages/isaacsim/extscache/omni.graph-1.141.2+69cbf6ad.lx64.r.cp311/omni/graph/core/tests/omnigraph_test_utils.py", line 198, in <module>
    OmniGraphTestCase = test_case_class()
                        ^^^^^^^^^^^^^^^^^
  File "/home/kisuk/miniforge3/envs/lerobot-arena/lib/python3.11/site-packages/isaacsim/extscache/omni.graph-1.141.2+69cbf6ad.lx64.r.cp311/omni/graph/core/tests/omnigraph_test_utils.py", line 135, in test_case_class
    base_class = omni.kit.test.AsyncTestCase
                 ^^^^^^^^^^^^^
AttributeError: cannot access submodule 'test' of module 'omni.kit' (most likely due to a circular import)

2026-10-05T15:34:48Z [6,679ms] [Error] [omni.graph.tools._impl.internal.extension_contents_1_18] Exception while importing test omni.replicator.core.ogn.tests.TestOgnScheduleWriter: Traceback (most recent call last):
  File "/home/kisuk/miniforge3/envs/lerobot-arena/lib/python3.11/site-packages/isaacsim/extscache/omni.graph.tools-1.79.2+69cbf6ad/omni/graph/tools/_impl/internal/extension_contents_1_18.py", line 394, in do_import_test_definition
    test_module = load_module_from_file(test_module_name, test_file)
                  ^^^^^^^^^^^^^^^^^^^^^^^^^^^^^^^^^^^^^^^^^^^^^^^^^^
  File "/home/kisuk/miniforge3/envs/lerobot-arena/lib/python3.11/site-packages/isaacsim/extscache/omni.graph.tools-1.79.2+69cbf6ad/omni/graph/tools/_impl/internal/file_utils.py", line 239, in load_module_from_file
    spec.loader.exec_module(module)
  File "<frozen importlib._bootstrap_external>", line 940, in exec_module
  File "<frozen importlib._bootstrap>", line 241, in _call_with_frames_removed
  File "/home/kisuk/miniforge3/envs/lerobot-arena/lib/python3.11/site-packages/isaacsim/extscache/omni.replicator.core-1.12.27+107.3.3.lx64.r.cp311/omni/replicator/core/ogn/tests/TestOgnScheduleWriter.py", line 4, in <module>
    import omni.graph.core.tests as ogts
  File "/home/kisuk/miniforge3/envs/lerobot-arena/lib/python3.11/site-packages/isaacsim/extscache/omni.graph-1.141.2+69cbf6ad.lx64.r.cp311/omni/graph/core/tests/__init__.py", line 20, in <module>
    from .omnigraph_test_utils import OmniGraphTestCase
  File "/home/kisuk/miniforge3/envs/lerobot-arena/lib/python3.11/site-packages/isaacsim/extscache/omni.graph-1.141.2+69cbf6ad.lx64.r.cp311/omni/graph/core/tests/omnigraph_test_utils.py", line 198, in <module>
    OmniGraphTestCase = test_case_class()
                        ^^^^^^^^^^^^^^^^^
  File "/home/kisuk/miniforge3/envs/lerobot-arena/lib/python3.11/site-packages/isaacsim/extscache/omni.graph-1.141.2+69cbf6ad.lx64.r.cp311/omni/graph/core/tests/omnigraph_test_utils.py", line 135, in test_case_class
    base_class = omni.kit.test.AsyncTestCase
                 ^^^^^^^^^^^^^
AttributeError: cannot access submodule 'test' of module 'omni.kit' (most likely due to a circular import)

2026-10-05T15:34:48Z [6,692ms] [Error] [omni.graph.tools._impl.internal.extension_contents_1_18] Exception while importing test omni.replicator.core.ogn.tests.TestOgnPhysicsReset: Traceback (most recent call last):
  File "/home/kisuk/miniforge3/envs/lerobot-arena/lib/python3.11/site-packages/isaacsim/extscache/omni.graph.tools-1.79.2+69cbf6ad/omni/graph/tools/_impl/internal/extension_contents_1_18.py", line 394, in do_import_test_definition
    test_module = load_module_from_file(test_module_name, test_file)
                  ^^^^^^^^^^^^^^^^^^^^^^^^^^^^^^^^^^^^^^^^^^^^^^^^^^
  File "/home/kisuk/miniforge3/envs/lerobot-arena/lib/python3.11/site-packages/isaacsim/extscache/omni.graph.tools-1.79.2+69cbf6ad/omni/graph/tools/_impl/internal/file_utils.py", line 239, in load_module_from_file
    spec.loader.exec_module(module)
  File "<frozen importlib._bootstrap_external>", line 940, in exec_module
  File "<frozen importlib._bootstrap>", line 241, in _call_with_frames_removed
  File "/home/kisuk/miniforge3/envs/lerobot-arena/lib/python3.11/site-packages/isaacsim/extscache/omni.replicator.core-1.12.27+107.3.3.lx64.r.cp311/omni/replicator/core/ogn/tests/TestOgnPhysicsReset.py", line 4, in <module>
    import omni.graph.core.tests as ogts
  File "/home/kisuk/miniforge3/envs/lerobot-arena/lib/python3.11/site-packages/isaacsim/extscache/omni.graph-1.141.2+69cbf6ad.lx64.r.cp311/omni/graph/core/tests/__init__.py", line 20, in <module>
    from .omnigraph_test_utils import OmniGraphTestCase
  File "/home/kisuk/miniforge3/envs/lerobot-arena/lib/python3.11/site-packages/isaacsim/extscache/omni.graph-1.141.2+69cbf6ad.lx64.r.cp311/omni/graph/core/tests/omnigraph_test_utils.py", line 198, in <module>
    OmniGraphTestCase = test_case_class()
                        ^^^^^^^^^^^^^^^^^
  File "/home/kisuk/miniforge3/envs/lerobot-arena/lib/python3.11/site-packages/isaacsim/extscache/omni.graph-1.141.2+69cbf6ad.lx64.r.cp311/omni/graph/core/tests/omnigraph_test_utils.py", line 135, in test_case_class
    base_class = omni.kit.test.AsyncTestCase
                 ^^^^^^^^^^^^^
AttributeError: cannot access submodule 'test' of module 'omni.kit' (most likely due to a circular import)

2026-10-05T15:34:48Z [6,718ms] [Error] [omni.graph.tools._impl.internal.extension_contents_1_18] Exception while importing test omni.replicator.core.ogn.tests.TestOgnAugment: Traceback (most recent call last):
  File "/home/kisuk/miniforge3/envs/lerobot-arena/lib/python3.11/site-packages/isaacsim/extscache/omni.graph.tools-1.79.2+69cbf6ad/omni/graph/tools/_impl/internal/extension_contents_1_18.py", line 394, in do_import_test_definition
    test_module = load_module_from_file(test_module_name, test_file)
                  ^^^^^^^^^^^^^^^^^^^^^^^^^^^^^^^^^^^^^^^^^^^^^^^^^^
  File "/home/kisuk/miniforge3/envs/lerobot-arena/lib/python3.11/site-packages/isaacsim/extscache/omni.graph.tools-1.79.2+69cbf6ad/omni/graph/tools/_impl/internal/file_utils.py", line 239, in load_module_from_file
    spec.loader.exec_module(module)
  File "<frozen importlib._bootstrap_external>", line 940, in exec_module
  File "<frozen importlib._bootstrap>", line 241, in _call_with_frames_removed
  File "/home/kisuk/miniforge3/envs/lerobot-arena/lib/python3.11/site-packages/isaacsim/extscache/omni.replicator.core-1.12.27+107.3.3.lx64.r.cp311/omni/replicator/core/ogn/tests/TestOgnAugment.py", line 4, in <module>
    import omni.graph.core.tests as ogts
  File "/home/kisuk/miniforge3/envs/lerobot-arena/lib/python3.11/site-packages/isaacsim/extscache/omni.graph-1.141.2+69cbf6ad.lx64.r.cp311/omni/graph/core/tests/__init__.py", line 20, in <module>
    from .omnigraph_test_utils import OmniGraphTestCase
  File "/home/kisuk/miniforge3/envs/lerobot-arena/lib/python3.11/site-packages/isaacsim/extscache/omni.graph-1.141.2+69cbf6ad.lx64.r.cp311/omni/graph/core/tests/omnigraph_test_utils.py", line 198, in <module>
    OmniGraphTestCase = test_case_class()
                        ^^^^^^^^^^^^^^^^^
  File "/home/kisuk/miniforge3/envs/lerobot-arena/lib/python3.11/site-packages/isaacsim/extscache/omni.graph-1.141.2+69cbf6ad.lx64.r.cp311/omni/graph/core/tests/omnigraph_test_utils.py", line 135, in test_case_class
    base_class = omni.kit.test.AsyncTestCase
                 ^^^^^^^^^^^^^
AttributeError: cannot access submodule 'test' of module 'omni.kit' (most likely due to a circular import)

2026-10-05T15:34:48Z [6,731ms] [Error] [omni.graph.tools._impl.internal.extension_contents_1_18] Exception while importing test omni.replicator.core.ogn.tests.TestOgnWriteCarbSetting: Traceback (most recent call last):
  File "/home/kisuk/miniforge3/envs/lerobot-arena/lib/python3.11/site-packages/isaacsim/extscache/omni.graph.tools-1.79.2+69cbf6ad/omni/graph/tools/_impl/internal/extension_contents_1_18.py", line 394, in do_import_test_definition
    test_module = load_module_from_file(test_module_name, test_file)
                  ^^^^^^^^^^^^^^^^^^^^^^^^^^^^^^^^^^^^^^^^^^^^^^^^^^
  File "/home/kisuk/miniforge3/envs/lerobot-arena/lib/python3.11/site-packages/isaacsim/extscache/omni.graph.tools-1.79.2+69cbf6ad/omni/graph/tools/_impl/internal/file_utils.py", line 239, in load_module_from_file
    spec.loader.exec_module(module)
  File "<frozen importlib._bootstrap_external>", line 940, in exec_module
  File "<frozen importlib._bootstrap>", line 241, in _call_with_frames_removed
  File "/home/kisuk/miniforge3/envs/lerobot-arena/lib/python3.11/site-packages/isaacsim/extscache/omni.replicator.core-1.12.27+107.3.3.lx64.r.cp311/omni/replicator/core/ogn/tests/TestOgnWriteCarbSetting.py", line 4, in <module>
    import omni.graph.core.tests as ogts
  File "/home/kisuk/miniforge3/envs/lerobot-arena/lib/python3.11/site-packages/isaacsim/extscache/omni.graph-1.141.2+69cbf6ad.lx64.r.cp311/omni/graph/core/tests/__init__.py", line 20, in <module>
    from .omnigraph_test_utils import OmniGraphTestCase
  File "/home/kisuk/miniforge3/envs/lerobot-arena/lib/python3.11/site-packages/isaacsim/extscache/omni.graph-1.141.2+69cbf6ad.lx64.r.cp311/omni/graph/core/tests/omnigraph_test_utils.py", line 198, in <module>
    OmniGraphTestCase = test_case_class()
                        ^^^^^^^^^^^^^^^^^
  File "/home/kisuk/miniforge3/envs/lerobot-arena/lib/python3.11/site-packages/isaacsim/extscache/omni.graph-1.141.2+69cbf6ad.lx64.r.cp311/omni/graph/core/tests/omnigraph_test_utils.py", line 135, in test_case_class
    base_class = omni.kit.test.AsyncTestCase
                 ^^^^^^^^^^^^^
AttributeError: cannot access submodule 'test' of module 'omni.kit' (most likely due to a circular import)

2026-10-05T15:34:48Z [6,739ms] [Error] [omni.graph.tools._impl.internal.extension_contents_1_18] Exception while importing test omni.replicator.core.ogn.tests.TestOgnPointCloudGenerator: Traceback (most recent call last):
  File "/home/kisuk/miniforge3/envs/lerobot-arena/lib/python3.11/site-packages/isaacsim/extscache/omni.graph.tools-1.79.2+69cbf6ad/omni/graph/tools/_impl/internal/extension_contents_1_18.py", line 394, in do_import_test_definition
    test_module = load_module_from_file(test_module_name, test_file)
                  ^^^^^^^^^^^^^^^^^^^^^^^^^^^^^^^^^^^^^^^^^^^^^^^^^^
  File "/home/kisuk/miniforge3/envs/lerobot-arena/lib/python3.11/site-packages/isaacsim/extscache/omni.graph.tools-1.79.2+69cbf6ad/omni/graph/tools/_impl/internal/file_utils.py", line 239, in load_module_from_file
    spec.loader.exec_module(module)
  File "<frozen importlib._bootstrap_external>", line 940, in exec_module
  File "<frozen importlib._bootstrap>", line 241, in _call_with_frames_removed
  File "/home/kisuk/miniforge3/envs/lerobot-arena/lib/python3.11/site-packages/isaacsim/extscache/omni.replicator.core-1.12.27+107.3.3.lx64.r.cp311/omni/replicator/core/ogn/tests/TestOgnPointCloudGenerator.py", line 4, in <module>
    import omni.graph.core.tests as ogts
  File "/home/kisuk/miniforge3/envs/lerobot-arena/lib/python3.11/site-packages/isaacsim/extscache/omni.graph-1.141.2+69cbf6ad.lx64.r.cp311/omni/graph/core/tests/__init__.py", line 20, in <module>
    from .omnigraph_test_utils import OmniGraphTestCase
  File "/home/kisuk/miniforge3/envs/lerobot-arena/lib/python3.11/site-packages/isaacsim/extscache/omni.graph-1.141.2+69cbf6ad.lx64.r.cp311/omni/graph/core/tests/omnigraph_test_utils.py", line 198, in <module>
    OmniGraphTestCase = test_case_class()
                        ^^^^^^^^^^^^^^^^^
  File "/home/kisuk/miniforge3/envs/lerobot-arena/lib/python3.11/site-packages/isaacsim/extscache/omni.graph-1.141.2+69cbf6ad.lx64.r.cp311/omni/graph/core/tests/omnigraph_test_utils.py", line 135, in test_case_class
    base_class = omni.kit.test.AsyncTestCase
                 ^^^^^^^^^^^^^
AttributeError: module 'omni.kit' has no attribute 'test'

2026-10-05T15:34:48Z [6,746ms] [Error] [omni.graph.tools._impl.internal.extension_contents_1_18] Exception while importing test omni.replicator.core.ogn.tests.TestOgnLookAt: Traceback (most recent call last):
  File "/home/kisuk/miniforge3/envs/lerobot-arena/lib/python3.11/site-packages/isaacsim/extscache/omni.graph.tools-1.79.2+69cbf6ad/omni/graph/tools/_impl/internal/extension_contents_1_18.py", line 394, in do_import_test_definition
    test_module = load_module_from_file(test_module_name, test_file)
                  ^^^^^^^^^^^^^^^^^^^^^^^^^^^^^^^^^^^^^^^^^^^^^^^^^^
  File "/home/kisuk/miniforge3/envs/lerobot-arena/lib/python3.11/site-packages/isaacsim/extscache/omni.graph.tools-1.79.2+69cbf6ad/omni/graph/tools/_impl/internal/file_utils.py", line 239, in load_module_from_file
    spec.loader.exec_module(module)
  File "<frozen importlib._bootstrap_external>", line 940, in exec_module
  File "<frozen importlib._bootstrap>", line 241, in _call_with_frames_removed
  File "/home/kisuk/miniforge3/envs/lerobot-arena/lib/python3.11/site-packages/isaacsim/extscache/omni.replicator.core-1.12.27+107.3.3.lx64.r.cp311/omni/replicator/core/ogn/tests/TestOgnLookAt.py", line 4, in <module>
    import omni.graph.core.tests as ogts
  File "/home/kisuk/miniforge3/envs/lerobot-arena/lib/python3.11/site-packages/isaacsim/extscache/omni.graph-1.141.2+69cbf6ad.lx64.r.cp311/omni/graph/core/tests/__init__.py", line 20, in <module>
    from .omnigraph_test_utils import OmniGraphTestCase
  File "/home/kisuk/miniforge3/envs/lerobot-arena/lib/python3.11/site-packages/isaacsim/extscache/omni.graph-1.141.2+69cbf6ad.lx64.r.cp311/omni/graph/core/tests/omnigraph_test_utils.py", line 198, in <module>
    OmniGraphTestCase = test_case_class()
                        ^^^^^^^^^^^^^^^^^
  File "/home/kisuk/miniforge3/envs/lerobot-arena/lib/python3.11/site-packages/isaacsim/extscache/omni.graph-1.141.2+69cbf6ad.lx64.r.cp311/omni/graph/core/tests/omnigraph_test_utils.py", line 135, in test_case_class
    base_class = omni.kit.test.AsyncTestCase
                 ^^^^^^^^^^^^^
AttributeError: cannot access submodule 'test' of module 'omni.kit' (most likely due to a circular import)

2026-10-05T15:34:48Z [6,761ms] [Error] [omni.graph.tools._impl.internal.extension_contents_1_18] Exception while importing test omni.replicator.core.ogn.tests.TestOgnInstanceIdSegmentationLegacy: Traceback (most recent call last):
  File "/home/kisuk/miniforge3/envs/lerobot-arena/lib/python3.11/site-packages/isaacsim/extscache/omni.graph.tools-1.79.2+69cbf6ad/omni/graph/tools/_impl/internal/extension_contents_1_18.py", line 394, in do_import_test_definition
    test_module = load_module_from_file(test_module_name, test_file)
                  ^^^^^^^^^^^^^^^^^^^^^^^^^^^^^^^^^^^^^^^^^^^^^^^^^^
  File "/home/kisuk/miniforge3/envs/lerobot-arena/lib/python3.11/site-packages/isaacsim/extscache/omni.graph.tools-1.79.2+69cbf6ad/omni/graph/tools/_impl/internal/file_utils.py", line 239, in load_module_from_file
    spec.loader.exec_module(module)
  File "<frozen importlib._bootstrap_external>", line 940, in exec_module
  File "<frozen importlib._bootstrap>", line 241, in _call_with_frames_removed
  File "/home/kisuk/miniforge3/envs/lerobot-arena/lib/python3.11/site-packages/isaacsim/extscache/omni.replicator.core-1.12.27+107.3.3.lx64.r.cp311/omni/replicator/core/ogn/tests/TestOgnInstanceIdSegmentationLegacy.py", line 4, in <module>
    import omni.graph.core.tests as ogts
  File "/home/kisuk/miniforge3/envs/lerobot-arena/lib/python3.11/site-packages/isaacsim/extscache/omni.graph-1.141.2+69cbf6ad.lx64.r.cp311/omni/graph/core/tests/__init__.py", line 20, in <module>
    from .omnigraph_test_utils import OmniGraphTestCase
  File "/home/kisuk/miniforge3/envs/lerobot-arena/lib/python3.11/site-packages/isaacsim/extscache/omni.graph-1.141.2+69cbf6ad.lx64.r.cp311/omni/graph/core/tests/omnigraph_test_utils.py", line 198, in <module>
    OmniGraphTestCase = test_case_class()
                        ^^^^^^^^^^^^^^^^^
  File "/home/kisuk/miniforge3/envs/lerobot-arena/lib/python3.11/site-packages/isaacsim/extscache/omni.graph-1.141.2+69cbf6ad.lx64.r.cp311/omni/graph/core/tests/omnigraph_test_utils.py", line 135, in test_case_class
    base_class = omni.kit.test.AsyncTestCase
                 ^^^^^^^^^^^^^
AttributeError: cannot access submodule 'test' of module 'omni.kit' (most likely due to a circular import)

2026-10-05T15:34:48Z [6,768ms] [Error] [omni.graph.tools._impl.internal.extension_contents_1_18] Exception while importing test omni.replicator.core.ogn.tests.TestOgnWriteSemantics: Traceback (most recent call last):
  File "/home/kisuk/miniforge3/envs/lerobot-arena/lib/python3.11/site-packages/isaacsim/extscache/omni.graph.tools-1.79.2+69cbf6ad/omni/graph/tools/_impl/internal/extension_contents_1_18.py", line 394, in do_import_test_definition
    test_module = load_module_from_file(test_module_name, test_file)
                  ^^^^^^^^^^^^^^^^^^^^^^^^^^^^^^^^^^^^^^^^^^^^^^^^^^
  File "/home/kisuk/miniforge3/envs/lerobot-arena/lib/python3.11/site-packages/isaacsim/extscache/omni.graph.tools-1.79.2+69cbf6ad/omni/graph/tools/_impl/internal/file_utils.py", line 239, in load_module_from_file
    spec.loader.exec_module(module)
  File "<frozen importlib._bootstrap_external>", line 940, in exec_module
  File "<frozen importlib._bootstrap>", line 241, in _call_with_frames_removed
  File "/home/kisuk/miniforge3/envs/lerobot-arena/lib/python3.11/site-packages/isaacsim/extscache/omni.replicator.core-1.12.27+107.3.3.lx64.r.cp311/omni/replicator/core/ogn/tests/TestOgnWriteSemantics.py", line 4, in <module>
    import omni.graph.core.tests as ogts
  File "/home/kisuk/miniforge3/envs/lerobot-arena/lib/python3.11/site-packages/isaacsim/extscache/omni.graph-1.141.2+69cbf6ad.lx64.r.cp311/omni/graph/core/tests/__init__.py", line 20, in <module>
    from .omnigraph_test_utils import OmniGraphTestCase
  File "/home/kisuk/miniforge3/envs/lerobot-arena/lib/python3.11/site-packages/isaacsim/extscache/omni.graph-1.141.2+69cbf6ad.lx64.r.cp311/omni/graph/core/tests/omnigraph_test_utils.py", line 198, in <module>
    OmniGraphTestCase = test_case_class()
                        ^^^^^^^^^^^^^^^^^
  File "/home/kisuk/miniforge3/envs/lerobot-arena/lib/python3.11/site-packages/isaacsim/extscache/omni.graph-1.141.2+69cbf6ad.lx64.r.cp311/omni/graph/core/tests/omnigraph_test_utils.py", line 135, in test_case_class
    base_class = omni.kit.test.AsyncTestCase
                 ^^^^^^^^^^^^^
AttributeError: cannot access submodule 'test' of module 'omni.kit' (most likely due to a circular import)

2026-10-05T15:34:48Z [6,776ms] [Error] [omni.graph.tools._impl.internal.extension_contents_1_18] Exception while importing test omni.replicator.core.ogn.tests.TestOgnTriggerGate: Traceback (most recent call last):
  File "/home/kisuk/miniforge3/envs/lerobot-arena/lib/python3.11/site-packages/isaacsim/extscache/omni.graph.tools-1.79.2+69cbf6ad/omni/graph/tools/_impl/internal/extension_contents_1_18.py", line 394, in do_import_test_definition
    test_module = load_module_from_file(test_module_name, test_file)
                  ^^^^^^^^^^^^^^^^^^^^^^^^^^^^^^^^^^^^^^^^^^^^^^^^^^
  File "/home/kisuk/miniforge3/envs/lerobot-arena/lib/python3.11/site-packages/isaacsim/extscache/omni.graph.tools-1.79.2+69cbf6ad/omni/graph/tools/_impl/internal/file_utils.py", line 239, in load_module_from_file
    spec.loader.exec_module(module)
  File "<frozen importlib._bootstrap_external>", line 940, in exec_module
  File "<frozen importlib._bootstrap>", line 241, in _call_with_frames_removed
  File "/home/kisuk/miniforge3/envs/lerobot-arena/lib/python3.11/site-packages/isaacsim/extscache/omni.replicator.core-1.12.27+107.3.3.lx64.r.cp311/omni/replicator/core/ogn/tests/TestOgnTriggerGate.py", line 2, in <module>
    import omni.kit.test
  File "/home/kisuk/miniforge3/envs/lerobot-arena/lib/python3.11/site-packages/isaacsim/extscache/omni.kit.test-2.0.1+69cbf6ad.lx64.r.cp311/omni/kit/test/__init__.py", line 7, in <module>
    from . import unittests
  File "/home/kisuk/miniforge3/envs/lerobot-arena/lib/python3.11/site-packages/isaacsim/extscache/omni.kit.test-2.0.1+69cbf6ad.lx64.r.cp311/omni/kit/test/unittests.py", line 21, in <module>
    from .async_unittest import AsyncTestSuite, AsyncTextTestRunner, OmniTestResult, AsyncTestCase
  File "/home/kisuk/miniforge3/envs/lerobot-arena/lib/python3.11/site-packages/isaacsim/extscache/omni.kit.test-2.0.1+69cbf6ad.lx64.r.cp311/omni/kit/test/async_unittest.py", line 25, in <module>
    from .reporter import TestReporter
  File "/home/kisuk/miniforge3/envs/lerobot-arena/lib/python3.11/site-packages/isaacsim/extscache/omni.kit.test-2.0.1+69cbf6ad.lx64.r.cp311/omni/kit/test/reporter.py", line 27, in <module>
    from .test_coverage import generate_coverage_report
  File "/home/kisuk/miniforge3/envs/lerobot-arena/lib/python3.11/site-packages/isaacsim/extscache/omni.kit.test-2.0.1+69cbf6ad.lx64.r.cp311/omni/kit/test/test_coverage.py", line 10, in <module>
    import coverage
  File "/home/kisuk/miniforge3/envs/lerobot-arena/lib/python3.11/site-packages/coverage/__init__.py", line 24, in <module>
    from coverage.control import (
  File "/home/kisuk/miniforge3/envs/lerobot-arena/lib/python3.11/site-packages/coverage/control.py", line 28, in <module>
    from coverage.collector import Collector, HAS_CTRACER
  File "/home/kisuk/miniforge3/envs/lerobot-arena/lib/python3.11/site-packages/coverage/collector.py", line 19, in <module>
    from coverage.data import CoverageData
  File "/home/kisuk/miniforge3/envs/lerobot-arena/lib/python3.11/site-packages/coverage/data.py", line 24, in <module>
    from coverage.sqldata import CoverageData
  File "/home/kisuk/miniforge3/envs/lerobot-arena/lib/python3.11/site-packages/coverage/sqldata.py", line 16, in <module>
    import sqlite3
  File "/home/kisuk/miniforge3/envs/lerobot-arena/lib/python3.11/sqlite3/__init__.py", line 57, in <module>
    from sqlite3.dbapi2 import *
  File "/home/kisuk/miniforge3/envs/lerobot-arena/lib/python3.11/sqlite3/dbapi2.py", line 27, in <module>
    from _sqlite3 import *
ImportError: /lib/x86_64-linux-gnu/libstdc++.so.6: version `CXXABI_1.3.15' not found (required by /home/kisuk/miniforge3/envs/lerobot-arena/lib/python3.11/lib-dynload/../.././libicui18n.so.78)

2026-10-05T15:34:48Z [6,791ms] [Error] [omni.graph.tools._impl.internal.extension_contents_1_18] Exception while importing test omni.replicator.core.ogn.tests.TestOgnMeshBoundsDecalPlacement: Traceback (most recent call last):
  File "/home/kisuk/miniforge3/envs/lerobot-arena/lib/python3.11/site-packages/isaacsim/extscache/omni.graph.tools-1.79.2+69cbf6ad/omni/graph/tools/_impl/internal/extension_contents_1_18.py", line 394, in do_import_test_definition
    test_module = load_module_from_file(test_module_name, test_file)
                  ^^^^^^^^^^^^^^^^^^^^^^^^^^^^^^^^^^^^^^^^^^^^^^^^^^
  File "/home/kisuk/miniforge3/envs/lerobot-arena/lib/python3.11/site-packages/isaacsim/extscache/omni.graph.tools-1.79.2+69cbf6ad/omni/graph/tools/_impl/internal/file_utils.py", line 239, in load_module_from_file
    spec.loader.exec_module(module)
  File "<frozen importlib._bootstrap_external>", line 940, in exec_module
  File "<frozen importlib._bootstrap>", line 241, in _call_with_frames_removed
  File "/home/kisuk/miniforge3/envs/lerobot-arena/lib/python3.11/site-packages/isaacsim/extscache/omni.replicator.core-1.12.27+107.3.3.lx64.r.cp311/omni/replicator/core/ogn/tests/TestOgnMeshBoundsDecalPlacement.py", line 4, in <module>
    import omni.graph.core.tests as ogts
  File "/home/kisuk/miniforge3/envs/lerobot-arena/lib/python3.11/site-packages/isaacsim/extscache/omni.graph-1.141.2+69cbf6ad.lx64.r.cp311/omni/graph/core/tests/__init__.py", line 20, in <module>
    from .omnigraph_test_utils import OmniGraphTestCase
  File "/home/kisuk/miniforge3/envs/lerobot-arena/lib/python3.11/site-packages/isaacsim/extscache/omni.graph-1.141.2+69cbf6ad.lx64.r.cp311/omni/graph/core/tests/omnigraph_test_utils.py", line 198, in <module>
    OmniGraphTestCase = test_case_class()
                        ^^^^^^^^^^^^^^^^^
  File "/home/kisuk/miniforge3/envs/lerobot-arena/lib/python3.11/site-packages/isaacsim/extscache/omni.graph-1.141.2+69cbf6ad.lx64.r.cp311/omni/graph/core/tests/omnigraph_test_utils.py", line 135, in test_case_class
    base_class = omni.kit.test.AsyncTestCase
                 ^^^^^^^^^^^^^
AttributeError: cannot access submodule 'test' of module 'omni.kit' (most likely due to a circular import)

2026-10-05T15:34:48Z [6,798ms] [Error] [omni.graph.tools._impl.internal.extension_contents_1_18] Exception while importing test omni.replicator.core.ogn.tests.TestOgnSampleSequence: Traceback (most recent call last):
  File "/home/kisuk/miniforge3/envs/lerobot-arena/lib/python3.11/site-packages/isaacsim/extscache/omni.graph.tools-1.79.2+69cbf6ad/omni/graph/tools/_impl/internal/extension_contents_1_18.py", line 394, in do_import_test_definition
    test_module = load_module_from_file(test_module_name, test_file)
                  ^^^^^^^^^^^^^^^^^^^^^^^^^^^^^^^^^^^^^^^^^^^^^^^^^^
  File "/home/kisuk/miniforge3/envs/lerobot-arena/lib/python3.11/site-packages/isaacsim/extscache/omni.graph.tools-1.79.2+69cbf6ad/omni/graph/tools/_impl/internal/file_utils.py", line 239, in load_module_from_file
    spec.loader.exec_module(module)
  File "<frozen importlib._bootstrap_external>", line 940, in exec_module
  File "<frozen importlib._bootstrap>", line 241, in _call_with_frames_removed
  File "/home/kisuk/miniforge3/envs/lerobot-arena/lib/python3.11/site-packages/isaacsim/extscache/omni.replicator.core-1.12.27+107.3.3.lx64.r.cp311/omni/replicator/core/ogn/tests/TestOgnSampleSequence.py", line 2, in <module>
    import omni.kit.test
  File "/home/kisuk/miniforge3/envs/lerobot-arena/lib/python3.11/site-packages/isaacsim/extscache/omni.kit.test-2.0.1+69cbf6ad.lx64.r.cp311/omni/kit/test/__init__.py", line 7, in <module>
    from . import unittests
  File "/home/kisuk/miniforge3/envs/lerobot-arena/lib/python3.11/site-packages/isaacsim/extscache/omni.kit.test-2.0.1+69cbf6ad.lx64.r.cp311/omni/kit/test/unittests.py", line 21, in <module>
    from .async_unittest import AsyncTestSuite, AsyncTextTestRunner, OmniTestResult, AsyncTestCase
  File "/home/kisuk/miniforge3/envs/lerobot-arena/lib/python3.11/site-packages/isaacsim/extscache/omni.kit.test-2.0.1+69cbf6ad.lx64.r.cp311/omni/kit/test/async_unittest.py", line 25, in <module>
    from .reporter import TestReporter
  File "/home/kisuk/miniforge3/envs/lerobot-arena/lib/python3.11/site-packages/isaacsim/extscache/omni.kit.test-2.0.1+69cbf6ad.lx64.r.cp311/omni/kit/test/reporter.py", line 27, in <module>
    from .test_coverage import generate_coverage_report
  File "/home/kisuk/miniforge3/envs/lerobot-arena/lib/python3.11/site-packages/isaacsim/extscache/omni.kit.test-2.0.1+69cbf6ad.lx64.r.cp311/omni/kit/test/test_coverage.py", line 10, in <module>
    import coverage
  File "/home/kisuk/miniforge3/envs/lerobot-arena/lib/python3.11/site-packages/coverage/__init__.py", line 24, in <module>
    from coverage.control import (
  File "/home/kisuk/miniforge3/envs/lerobot-arena/lib/python3.11/site-packages/coverage/control.py", line 28, in <module>
    from coverage.collector import Collector, HAS_CTRACER
  File "/home/kisuk/miniforge3/envs/lerobot-arena/lib/python3.11/site-packages/coverage/collector.py", line 19, in <module>
    from coverage.data import CoverageData
  File "/home/kisuk/miniforge3/envs/lerobot-arena/lib/python3.11/site-packages/coverage/data.py", line 24, in <module>
    from coverage.sqldata import CoverageData
  File "/home/kisuk/miniforge3/envs/lerobot-arena/lib/python3.11/site-packages/coverage/sqldata.py", line 16, in <module>
    import sqlite3
  File "/home/kisuk/miniforge3/envs/lerobot-arena/lib/python3.11/sqlite3/__init__.py", line 57, in <module>
    from sqlite3.dbapi2 import *
  File "/home/kisuk/miniforge3/envs/lerobot-arena/lib/python3.11/sqlite3/dbapi2.py", line 27, in <module>
    from _sqlite3 import *
ImportError: /lib/x86_64-linux-gnu/libstdc++.so.6: version `CXXABI_1.3.15' not found (required by /home/kisuk/miniforge3/envs/lerobot-arena/lib/python3.11/lib-dynload/../.././libicui18n.so.78)

2026-10-05T15:34:48Z [6,807ms] [Error] [omni.graph.tools._impl.internal.extension_contents_1_18] Exception while importing test omni.replicator.core.ogn.tests.TestOgnBindMaterial: Traceback (most recent call last):
  File "/home/kisuk/miniforge3/envs/lerobot-arena/lib/python3.11/site-packages/isaacsim/extscache/omni.graph.tools-1.79.2+69cbf6ad/omni/graph/tools/_impl/internal/extension_contents_1_18.py", line 394, in do_import_test_definition
    test_module = load_module_from_file(test_module_name, test_file)
                  ^^^^^^^^^^^^^^^^^^^^^^^^^^^^^^^^^^^^^^^^^^^^^^^^^^
  File "/home/kisuk/miniforge3/envs/lerobot-arena/lib/python3.11/site-packages/isaacsim/extscache/omni.graph.tools-1.79.2+69cbf6ad/omni/graph/tools/_impl/internal/file_utils.py", line 239, in load_module_from_file
    spec.loader.exec_module(module)
  File "<frozen importlib._bootstrap_external>", line 940, in exec_module
  File "<frozen importlib._bootstrap>", line 241, in _call_with_frames_removed
  File "/home/kisuk/miniforge3/envs/lerobot-arena/lib/python3.11/site-packages/isaacsim/extscache/omni.replicator.core-1.12.27+107.3.3.lx64.r.cp311/omni/replicator/core/ogn/tests/TestOgnBindMaterial.py", line 4, in <module>
    import omni.graph.core.tests as ogts
  File "/home/kisuk/miniforge3/envs/lerobot-arena/lib/python3.11/site-packages/isaacsim/extscache/omni.graph-1.141.2+69cbf6ad.lx64.r.cp311/omni/graph/core/tests/__init__.py", line 20, in <module>
    from .omnigraph_test_utils import OmniGraphTestCase
  File "/home/kisuk/miniforge3/envs/lerobot-arena/lib/python3.11/site-packages/isaacsim/extscache/omni.graph-1.141.2+69cbf6ad.lx64.r.cp311/omni/graph/core/tests/omnigraph_test_utils.py", line 198, in <module>
    OmniGraphTestCase = test_case_class()
                        ^^^^^^^^^^^^^^^^^
  File "/home/kisuk/miniforge3/envs/lerobot-arena/lib/python3.11/site-packages/isaacsim/extscache/omni.graph-1.141.2+69cbf6ad.lx64.r.cp311/omni/graph/core/tests/omnigraph_test_utils.py", line 135, in test_case_class
    base_class = omni.kit.test.AsyncTestCase
                 ^^^^^^^^^^^^^
AttributeError: cannot access submodule 'test' of module 'omni.kit' (most likely due to a circular import)

2026-10-05T15:34:48Z [6,826ms] [Error] [omni.graph.tools._impl.internal.extension_contents_1_18] Exception while importing test omni.replicator.core.ogn.tests.TestOgnSetTimeline: Traceback (most recent call last):
  File "/home/kisuk/miniforge3/envs/lerobot-arena/lib/python3.11/site-packages/isaacsim/extscache/omni.graph.tools-1.79.2+69cbf6ad/omni/graph/tools/_impl/internal/extension_contents_1_18.py", line 394, in do_import_test_definition
    test_module = load_module_from_file(test_module_name, test_file)
                  ^^^^^^^^^^^^^^^^^^^^^^^^^^^^^^^^^^^^^^^^^^^^^^^^^^
  File "/home/kisuk/miniforge3/envs/lerobot-arena/lib/python3.11/site-packages/isaacsim/extscache/omni.graph.tools-1.79.2+69cbf6ad/omni/graph/tools/_impl/internal/file_utils.py", line 239, in load_module_from_file
    spec.loader.exec_module(module)
  File "<frozen importlib._bootstrap_external>", line 940, in exec_module
  File "<frozen importlib._bootstrap>", line 241, in _call_with_frames_removed
  File "/home/kisuk/miniforge3/envs/lerobot-arena/lib/python3.11/site-packages/isaacsim/extscache/omni.replicator.core-1.12.27+107.3.3.lx64.r.cp311/omni/replicator/core/ogn/tests/TestOgnSetTimeline.py", line 4, in <module>
    import omni.graph.core.tests as ogts
  File "/home/kisuk/miniforge3/envs/lerobot-arena/lib/python3.11/site-packages/isaacsim/extscache/omni.graph-1.141.2+69cbf6ad.lx64.r.cp311/omni/graph/core/tests/__init__.py", line 20, in <module>
    from .omnigraph_test_utils import OmniGraphTestCase
  File "/home/kisuk/miniforge3/envs/lerobot-arena/lib/python3.11/site-packages/isaacsim/extscache/omni.graph-1.141.2+69cbf6ad.lx64.r.cp311/omni/graph/core/tests/omnigraph_test_utils.py", line 198, in <module>
    OmniGraphTestCase = test_case_class()
                        ^^^^^^^^^^^^^^^^^
  File "/home/kisuk/miniforge3/envs/lerobot-arena/lib/python3.11/site-packages/isaacsim/extscache/omni.graph-1.141.2+69cbf6ad.lx64.r.cp311/omni/graph/core/tests/omnigraph_test_utils.py", line 135, in test_case_class
    base_class = omni.kit.test.AsyncTestCase
                 ^^^^^^^^^^^^^
AttributeError: cannot access submodule 'test' of module 'omni.kit' (most likely due to a circular import)

2026-10-05T15:34:48Z [6,840ms] [Error] [omni.graph.tools._impl.internal.extension_contents_1_18] Exception while importing test omni.replicator.core.ogn.tests.TestOgnSampleChoicePrim: Traceback (most recent call last):
  File "/home/kisuk/miniforge3/envs/lerobot-arena/lib/python3.11/site-packages/isaacsim/extscache/omni.graph.tools-1.79.2+69cbf6ad/omni/graph/tools/_impl/internal/extension_contents_1_18.py", line 394, in do_import_test_definition
    test_module = load_module_from_file(test_module_name, test_file)
                  ^^^^^^^^^^^^^^^^^^^^^^^^^^^^^^^^^^^^^^^^^^^^^^^^^^
  File "/home/kisuk/miniforge3/envs/lerobot-arena/lib/python3.11/site-packages/isaacsim/extscache/omni.graph.tools-1.79.2+69cbf6ad/omni/graph/tools/_impl/internal/file_utils.py", line 239, in load_module_from_file
    spec.loader.exec_module(module)
  File "<frozen importlib._bootstrap_external>", line 940, in exec_module
  File "<frozen importlib._bootstrap>", line 241, in _call_with_frames_removed
  File "/home/kisuk/miniforge3/envs/lerobot-arena/lib/python3.11/site-packages/isaacsim/extscache/omni.replicator.core-1.12.27+107.3.3.lx64.r.cp311/omni/replicator/core/ogn/tests/TestOgnSampleChoicePrim.py", line 4, in <module>
    import omni.graph.core.tests as ogts
  File "/home/kisuk/miniforge3/envs/lerobot-arena/lib/python3.11/site-packages/isaacsim/extscache/omni.graph-1.141.2+69cbf6ad.lx64.r.cp311/omni/graph/core/tests/__init__.py", line 20, in <module>
    from .omnigraph_test_utils import OmniGraphTestCase
  File "/home/kisuk/miniforge3/envs/lerobot-arena/lib/python3.11/site-packages/isaacsim/extscache/omni.graph-1.141.2+69cbf6ad.lx64.r.cp311/omni/graph/core/tests/omnigraph_test_utils.py", line 198, in <module>
    OmniGraphTestCase = test_case_class()
                        ^^^^^^^^^^^^^^^^^
  File "/home/kisuk/miniforge3/envs/lerobot-arena/lib/python3.11/site-packages/isaacsim/extscache/omni.graph-1.141.2+69cbf6ad.lx64.r.cp311/omni/graph/core/tests/omnigraph_test_utils.py", line 135, in test_case_class
    base_class = omni.kit.test.AsyncTestCase
                 ^^^^^^^^^^^^^
AttributeError: cannot access submodule 'test' of module 'omni.kit' (most likely due to a circular import)

2026-10-05T15:34:48Z [6,852ms] [Error] [omni.graph.tools._impl.internal.extension_contents_1_18] Exception while importing test omni.replicator.core.ogn.tests.TestOgnCameraRelativePosition: Traceback (most recent call last):
  File "/home/kisuk/miniforge3/envs/lerobot-arena/lib/python3.11/site-packages/isaacsim/extscache/omni.graph.tools-1.79.2+69cbf6ad/omni/graph/tools/_impl/internal/extension_contents_1_18.py", line 394, in do_import_test_definition
    test_module = load_module_from_file(test_module_name, test_file)
                  ^^^^^^^^^^^^^^^^^^^^^^^^^^^^^^^^^^^^^^^^^^^^^^^^^^
  File "/home/kisuk/miniforge3/envs/lerobot-arena/lib/python3.11/site-packages/isaacsim/extscache/omni.graph.tools-1.79.2+69cbf6ad/omni/graph/tools/_impl/internal/file_utils.py", line 239, in load_module_from_file
    spec.loader.exec_module(module)
  File "<frozen importlib._bootstrap_external>", line 940, in exec_module
  File "<frozen importlib._bootstrap>", line 241, in _call_with_frames_removed
  File "/home/kisuk/miniforge3/envs/lerobot-arena/lib/python3.11/site-packages/isaacsim/extscache/omni.replicator.core-1.12.27+107.3.3.lx64.r.cp311/omni/replicator/core/ogn/tests/TestOgnCameraRelativePosition.py", line 4, in <module>
    import omni.graph.core.tests as ogts
  File "/home/kisuk/miniforge3/envs/lerobot-arena/lib/python3.11/site-packages/isaacsim/extscache/omni.graph-1.141.2+69cbf6ad.lx64.r.cp311/omni/graph/core/tests/__init__.py", line 20, in <module>
    from .omnigraph_test_utils import OmniGraphTestCase
  File "/home/kisuk/miniforge3/envs/lerobot-arena/lib/python3.11/site-packages/isaacsim/extscache/omni.graph-1.141.2+69cbf6ad.lx64.r.cp311/omni/graph/core/tests/omnigraph_test_utils.py", line 198, in <module>
    OmniGraphTestCase = test_case_class()
                        ^^^^^^^^^^^^^^^^^
  File "/home/kisuk/miniforge3/envs/lerobot-arena/lib/python3.11/site-packages/isaacsim/extscache/omni.graph-1.141.2+69cbf6ad.lx64.r.cp311/omni/graph/core/tests/omnigraph_test_utils.py", line 135, in test_case_class
    base_class = omni.kit.test.AsyncTestCase
                 ^^^^^^^^^^^^^
AttributeError: module 'omni.kit' has no attribute 'test'

2026-10-05T15:34:48Z [6,911ms] [Error] [omni.graph.tools._impl.internal.extension_contents_1_18] Exception while importing test omni.replicator.core.ogn.tests.TestOgnSampleSequencePrim: Traceback (most recent call last):
  File "/home/kisuk/miniforge3/envs/lerobot-arena/lib/python3.11/site-packages/isaacsim/extscache/omni.graph.tools-1.79.2+69cbf6ad/omni/graph/tools/_impl/internal/extension_contents_1_18.py", line 394, in do_import_test_definition
    test_module = load_module_from_file(test_module_name, test_file)
                  ^^^^^^^^^^^^^^^^^^^^^^^^^^^^^^^^^^^^^^^^^^^^^^^^^^
  File "/home/kisuk/miniforge3/envs/lerobot-arena/lib/python3.11/site-packages/isaacsim/extscache/omni.graph.tools-1.79.2+69cbf6ad/omni/graph/tools/_impl/internal/file_utils.py", line 239, in load_module_from_file
    spec.loader.exec_module(module)
  File "<frozen importlib._bootstrap_external>", line 940, in exec_module
  File "<frozen importlib._bootstrap>", line 241, in _call_with_frames_removed
  File "/home/kisuk/miniforge3/envs/lerobot-arena/lib/python3.11/site-packages/isaacsim/extscache/omni.replicator.core-1.12.27+107.3.3.lx64.r.cp311/omni/replicator/core/ogn/tests/TestOgnSampleSequencePrim.py", line 4, in <module>
    import omni.graph.core.tests as ogts
  File "/home/kisuk/miniforge3/envs/lerobot-arena/lib/python3.11/site-packages/isaacsim/extscache/omni.graph-1.141.2+69cbf6ad.lx64.r.cp311/omni/graph/core/tests/__init__.py", line 20, in <module>
    from .omnigraph_test_utils import OmniGraphTestCase
  File "/home/kisuk/miniforge3/envs/lerobot-arena/lib/python3.11/site-packages/isaacsim/extscache/omni.graph-1.141.2+69cbf6ad.lx64.r.cp311/omni/graph/core/tests/omnigraph_test_utils.py", line 198, in <module>
    OmniGraphTestCase = test_case_class()
                        ^^^^^^^^^^^^^^^^^
  File "/home/kisuk/miniforge3/envs/lerobot-arena/lib/python3.11/site-packages/isaacsim/extscache/omni.graph-1.141.2+69cbf6ad.lx64.r.cp311/omni/graph/core/tests/omnigraph_test_utils.py", line 135, in test_case_class
    base_class = omni.kit.test.AsyncTestCase
                 ^^^^^^^^^^^^^
AttributeError: cannot access submodule 'test' of module 'omni.kit' (most likely due to a circular import)

2026-10-05T15:34:48Z [6,916ms] [Error] [omni.graph.tools._impl.internal.extension_contents_1_18] Exception while importing test omni.replicator.core.ogn.tests.TestOgnInstanceSegmentationLegacy: Traceback (most recent call last):
  File "/home/kisuk/miniforge3/envs/lerobot-arena/lib/python3.11/site-packages/isaacsim/extscache/omni.graph.tools-1.79.2+69cbf6ad/omni/graph/tools/_impl/internal/extension_contents_1_18.py", line 394, in do_import_test_definition
    test_module = load_module_from_file(test_module_name, test_file)
                  ^^^^^^^^^^^^^^^^^^^^^^^^^^^^^^^^^^^^^^^^^^^^^^^^^^
  File "/home/kisuk/miniforge3/envs/lerobot-arena/lib/python3.11/site-packages/isaacsim/extscache/omni.graph.tools-1.79.2+69cbf6ad/omni/graph/tools/_impl/internal/file_utils.py", line 239, in load_module_from_file
    spec.loader.exec_module(module)
  File "<frozen importlib._bootstrap_external>", line 940, in exec_module
  File "<frozen importlib._bootstrap>", line 241, in _call_with_frames_removed
  File "/home/kisuk/miniforge3/envs/lerobot-arena/lib/python3.11/site-packages/isaacsim/extscache/omni.replicator.core-1.12.27+107.3.3.lx64.r.cp311/omni/replicator/core/ogn/tests/TestOgnInstanceSegmentationLegacy.py", line 4, in <module>
    import omni.graph.core.tests as ogts
  File "/home/kisuk/miniforge3/envs/lerobot-arena/lib/python3.11/site-packages/isaacsim/extscache/omni.graph-1.141.2+69cbf6ad.lx64.r.cp311/omni/graph/core/tests/__init__.py", line 20, in <module>
    from .omnigraph_test_utils import OmniGraphTestCase
  File "/home/kisuk/miniforge3/envs/lerobot-arena/lib/python3.11/site-packages/isaacsim/extscache/omni.graph-1.141.2+69cbf6ad.lx64.r.cp311/omni/graph/core/tests/omnigraph_test_utils.py", line 198, in <module>
    OmniGraphTestCase = test_case_class()
                        ^^^^^^^^^^^^^^^^^
  File "/home/kisuk/miniforge3/envs/lerobot-arena/lib/python3.11/site-packages/isaacsim/extscache/omni.graph-1.141.2+69cbf6ad.lx64.r.cp311/omni/graph/core/tests/omnigraph_test_utils.py", line 135, in test_case_class
    base_class = omni.kit.test.AsyncTestCase
                 ^^^^^^^^^^^^^
AttributeError: module 'omni.kit' has no attribute 'test'

2026-10-05T15:34:48Z [6,927ms] [Error] [omni.graph.tools._impl.internal.extension_contents_1_18] Exception while importing test omni.replicator.core.ogn.tests.TestOgnSampleMaterial: Traceback (most recent call last):
  File "/home/kisuk/miniforge3/envs/lerobot-arena/lib/python3.11/site-packages/isaacsim/extscache/omni.graph.tools-1.79.2+69cbf6ad/omni/graph/tools/_impl/internal/extension_contents_1_18.py", line 394, in do_import_test_definition
    test_module = load_module_from_file(test_module_name, test_file)
                  ^^^^^^^^^^^^^^^^^^^^^^^^^^^^^^^^^^^^^^^^^^^^^^^^^^
  File "/home/kisuk/miniforge3/envs/lerobot-arena/lib/python3.11/site-packages/isaacsim/extscache/omni.graph.tools-1.79.2+69cbf6ad/omni/graph/tools/_impl/internal/file_utils.py", line 239, in load_module_from_file
    spec.loader.exec_module(module)
  File "<frozen importlib._bootstrap_external>", line 940, in exec_module
  File "<frozen importlib._bootstrap>", line 241, in _call_with_frames_removed
  File "/home/kisuk/miniforge3/envs/lerobot-arena/lib/python3.11/site-packages/isaacsim/extscache/omni.replicator.core-1.12.27+107.3.3.lx64.r.cp311/omni/replicator/core/ogn/tests/TestOgnSampleMaterial.py", line 2, in <module>
    import omni.kit.test
  File "/home/kisuk/miniforge3/envs/lerobot-arena/lib/python3.11/site-packages/isaacsim/extscache/omni.kit.test-2.0.1+69cbf6ad.lx64.r.cp311/omni/kit/test/__init__.py", line 7, in <module>
    from . import unittests
  File "/home/kisuk/miniforge3/envs/lerobot-arena/lib/python3.11/site-packages/isaacsim/extscache/omni.kit.test-2.0.1+69cbf6ad.lx64.r.cp311/omni/kit/test/unittests.py", line 21, in <module>
    from .async_unittest import AsyncTestSuite, AsyncTextTestRunner, OmniTestResult, AsyncTestCase
  File "/home/kisuk/miniforge3/envs/lerobot-arena/lib/python3.11/site-packages/isaacsim/extscache/omni.kit.test-2.0.1+69cbf6ad.lx64.r.cp311/omni/kit/test/async_unittest.py", line 25, in <module>
    from .reporter import TestReporter
  File "/home/kisuk/miniforge3/envs/lerobot-arena/lib/python3.11/site-packages/isaacsim/extscache/omni.kit.test-2.0.1+69cbf6ad.lx64.r.cp311/omni/kit/test/reporter.py", line 27, in <module>
    from .test_coverage import generate_coverage_report
  File "/home/kisuk/miniforge3/envs/lerobot-arena/lib/python3.11/site-packages/isaacsim/extscache/omni.kit.test-2.0.1+69cbf6ad.lx64.r.cp311/omni/kit/test/test_coverage.py", line 10, in <module>
    import coverage
  File "/home/kisuk/miniforge3/envs/lerobot-arena/lib/python3.11/site-packages/coverage/__init__.py", line 24, in <module>
    from coverage.control import (
  File "/home/kisuk/miniforge3/envs/lerobot-arena/lib/python3.11/site-packages/coverage/control.py", line 28, in <module>
    from coverage.collector import Collector, HAS_CTRACER
  File "/home/kisuk/miniforge3/envs/lerobot-arena/lib/python3.11/site-packages/coverage/collector.py", line 19, in <module>
    from coverage.data import CoverageData
  File "/home/kisuk/miniforge3/envs/lerobot-arena/lib/python3.11/site-packages/coverage/data.py", line 24, in <module>
    from coverage.sqldata import CoverageData
  File "/home/kisuk/miniforge3/envs/lerobot-arena/lib/python3.11/site-packages/coverage/sqldata.py", line 16, in <module>
    import sqlite3
  File "/home/kisuk/miniforge3/envs/lerobot-arena/lib/python3.11/sqlite3/__init__.py", line 57, in <module>
    from sqlite3.dbapi2 import *
  File "/home/kisuk/miniforge3/envs/lerobot-arena/lib/python3.11/sqlite3/dbapi2.py", line 27, in <module>
    from _sqlite3 import *
ImportError: /lib/x86_64-linux-gnu/libstdc++.so.6: version `CXXABI_1.3.15' not found (required by /home/kisuk/miniforge3/envs/lerobot-arena/lib/python3.11/lib-dynload/../.././libicui18n.so.78)

2026-10-05T15:34:48Z [6,933ms] [Error] [omni.graph.tools._impl.internal.extension_contents_1_18] Exception while importing test omni.replicator.core.ogn.tests.TestOgnGetPrimAtPath: Traceback (most recent call last):
  File "/home/kisuk/miniforge3/envs/lerobot-arena/lib/python3.11/site-packages/isaacsim/extscache/omni.graph.tools-1.79.2+69cbf6ad/omni/graph/tools/_impl/internal/extension_contents_1_18.py", line 394, in do_import_test_definition
    test_module = load_module_from_file(test_module_name, test_file)
                  ^^^^^^^^^^^^^^^^^^^^^^^^^^^^^^^^^^^^^^^^^^^^^^^^^^
  File "/home/kisuk/miniforge3/envs/lerobot-arena/lib/python3.11/site-packages/isaacsim/extscache/omni.graph.tools-1.79.2+69cbf6ad/omni/graph/tools/_impl/internal/file_utils.py", line 239, in load_module_from_file
    spec.loader.exec_module(module)
  File "<frozen importlib._bootstrap_external>", line 940, in exec_module
  File "<frozen importlib._bootstrap>", line 241, in _call_with_frames_removed
  File "/home/kisuk/miniforge3/envs/lerobot-arena/lib/python3.11/site-packages/isaacsim/extscache/omni.replicator.core-1.12.27+107.3.3.lx64.r.cp311/omni/replicator/core/ogn/tests/TestOgnGetPrimAtPath.py", line 2, in <module>
    import omni.kit.test
  File "/home/kisuk/miniforge3/envs/lerobot-arena/lib/python3.11/site-packages/isaacsim/extscache/omni.kit.test-2.0.1+69cbf6ad.lx64.r.cp311/omni/kit/test/__init__.py", line 7, in <module>
    from . import unittests
  File "/home/kisuk/miniforge3/envs/lerobot-arena/lib/python3.11/site-packages/isaacsim/extscache/omni.kit.test-2.0.1+69cbf6ad.lx64.r.cp311/omni/kit/test/unittests.py", line 21, in <module>
    from .async_unittest import AsyncTestSuite, AsyncTextTestRunner, OmniTestResult, AsyncTestCase
  File "/home/kisuk/miniforge3/envs/lerobot-arena/lib/python3.11/site-packages/isaacsim/extscache/omni.kit.test-2.0.1+69cbf6ad.lx64.r.cp311/omni/kit/test/async_unittest.py", line 25, in <module>
    from .reporter import TestReporter
  File "/home/kisuk/miniforge3/envs/lerobot-arena/lib/python3.11/site-packages/isaacsim/extscache/omni.kit.test-2.0.1+69cbf6ad.lx64.r.cp311/omni/kit/test/reporter.py", line 27, in <module>
    from .test_coverage import generate_coverage_report
  File "/home/kisuk/miniforge3/envs/lerobot-arena/lib/python3.11/site-packages/isaacsim/extscache/omni.kit.test-2.0.1+69cbf6ad.lx64.r.cp311/omni/kit/test/test_coverage.py", line 10, in <module>
    import coverage
  File "/home/kisuk/miniforge3/envs/lerobot-arena/lib/python3.11/site-packages/coverage/__init__.py", line 24, in <module>
    from coverage.control import (
  File "/home/kisuk/miniforge3/envs/lerobot-arena/lib/python3.11/site-packages/coverage/control.py", line 28, in <module>
    from coverage.collector import Collector, HAS_CTRACER
  File "/home/kisuk/miniforge3/envs/lerobot-arena/lib/python3.11/site-packages/coverage/collector.py", line 19, in <module>
    from coverage.data import CoverageData
  File "/home/kisuk/miniforge3/envs/lerobot-arena/lib/python3.11/site-packages/coverage/data.py", line 24, in <module>
    from coverage.sqldata import CoverageData
  File "/home/kisuk/miniforge3/envs/lerobot-arena/lib/python3.11/site-packages/coverage/sqldata.py", line 16, in <module>
    import sqlite3
  File "/home/kisuk/miniforge3/envs/lerobot-arena/lib/python3.11/sqlite3/__init__.py", line 57, in <module>
    from sqlite3.dbapi2 import *
  File "/home/kisuk/miniforge3/envs/lerobot-arena/lib/python3.11/sqlite3/dbapi2.py", line 27, in <module>
    from _sqlite3 import *
ImportError: /lib/x86_64-linux-gnu/libstdc++.so.6: version `CXXABI_1.3.15' not found (required by /home/kisuk/miniforge3/envs/lerobot-arena/lib/python3.11/lib-dynload/../.././libicui18n.so.78)

2026-10-05T15:34:48Z [6,943ms] [Error] [omni.graph.tools._impl.internal.extension_contents_1_18] Exception while importing test omni.replicator.core.ogn.tests.TestOgnSampleNormal: Traceback (most recent call last):
  File "/home/kisuk/miniforge3/envs/lerobot-arena/lib/python3.11/site-packages/isaacsim/extscache/omni.graph.tools-1.79.2+69cbf6ad/omni/graph/tools/_impl/internal/extension_contents_1_18.py", line 394, in do_import_test_definition
    test_module = load_module_from_file(test_module_name, test_file)
                  ^^^^^^^^^^^^^^^^^^^^^^^^^^^^^^^^^^^^^^^^^^^^^^^^^^
  File "/home/kisuk/miniforge3/envs/lerobot-arena/lib/python3.11/site-packages/isaacsim/extscache/omni.graph.tools-1.79.2+69cbf6ad/omni/graph/tools/_impl/internal/file_utils.py", line 239, in load_module_from_file
    spec.loader.exec_module(module)
  File "<frozen importlib._bootstrap_external>", line 940, in exec_module
  File "<frozen importlib._bootstrap>", line 241, in _call_with_frames_removed
  File "/home/kisuk/miniforge3/envs/lerobot-arena/lib/python3.11/site-packages/isaacsim/extscache/omni.replicator.core-1.12.27+107.3.3.lx64.r.cp311/omni/replicator/core/ogn/tests/TestOgnSampleNormal.py", line 2, in <module>
    import omni.kit.test
  File "/home/kisuk/miniforge3/envs/lerobot-arena/lib/python3.11/site-packages/isaacsim/extscache/omni.kit.test-2.0.1+69cbf6ad.lx64.r.cp311/omni/kit/test/__init__.py", line 7, in <module>
    from . import unittests
  File "/home/kisuk/miniforge3/envs/lerobot-arena/lib/python3.11/site-packages/isaacsim/extscache/omni.kit.test-2.0.1+69cbf6ad.lx64.r.cp311/omni/kit/test/unittests.py", line 21, in <module>
    from .async_unittest import AsyncTestSuite, AsyncTextTestRunner, OmniTestResult, AsyncTestCase
  File "/home/kisuk/miniforge3/envs/lerobot-arena/lib/python3.11/site-packages/isaacsim/extscache/omni.kit.test-2.0.1+69cbf6ad.lx64.r.cp311/omni/kit/test/async_unittest.py", line 25, in <module>
    from .reporter import TestReporter
  File "/home/kisuk/miniforge3/envs/lerobot-arena/lib/python3.11/site-packages/isaacsim/extscache/omni.kit.test-2.0.1+69cbf6ad.lx64.r.cp311/omni/kit/test/reporter.py", line 27, in <module>
    from .test_coverage import generate_coverage_report
  File "/home/kisuk/miniforge3/envs/lerobot-arena/lib/python3.11/site-packages/isaacsim/extscache/omni.kit.test-2.0.1+69cbf6ad.lx64.r.cp311/omni/kit/test/test_coverage.py", line 10, in <module>
    import coverage
  File "/home/kisuk/miniforge3/envs/lerobot-arena/lib/python3.11/site-packages/coverage/__init__.py", line 24, in <module>
    from coverage.control import (
  File "/home/kisuk/miniforge3/envs/lerobot-arena/lib/python3.11/site-packages/coverage/control.py", line 28, in <module>
    from coverage.collector import Collector, HAS_CTRACER
  File "/home/kisuk/miniforge3/envs/lerobot-arena/lib/python3.11/site-packages/coverage/collector.py", line 19, in <module>
    from coverage.data import CoverageData
  File "/home/kisuk/miniforge3/envs/lerobot-arena/lib/python3.11/site-packages/coverage/data.py", line 24, in <module>
    from coverage.sqldata import CoverageData
  File "/home/kisuk/miniforge3/envs/lerobot-arena/lib/python3.11/site-packages/coverage/sqldata.py", line 16, in <module>
    import sqlite3
  File "/home/kisuk/miniforge3/envs/lerobot-arena/lib/python3.11/sqlite3/__init__.py", line 57, in <module>
    from sqlite3.dbapi2 import *
  File "/home/kisuk/miniforge3/envs/lerobot-arena/lib/python3.11/sqlite3/dbapi2.py", line 27, in <module>
    from _sqlite3 import *
ImportError: /lib/x86_64-linux-gnu/libstdc++.so.6: version `CXXABI_1.3.15' not found (required by /home/kisuk/miniforge3/envs/lerobot-arena/lib/python3.11/lib-dynload/../.././libicui18n.so.78)

2026-10-05T15:34:48Z [6,951ms] [Error] [omni.graph.tools._impl.internal.extension_contents_1_18] Exception while importing test omni.replicator.core.ogn.tests.TestOgnSemanticSegmentation: Traceback (most recent call last):
  File "/home/kisuk/miniforge3/envs/lerobot-arena/lib/python3.11/site-packages/isaacsim/extscache/omni.graph.tools-1.79.2+69cbf6ad/omni/graph/tools/_impl/internal/extension_contents_1_18.py", line 394, in do_import_test_definition
    test_module = load_module_from_file(test_module_name, test_file)
                  ^^^^^^^^^^^^^^^^^^^^^^^^^^^^^^^^^^^^^^^^^^^^^^^^^^
  File "/home/kisuk/miniforge3/envs/lerobot-arena/lib/python3.11/site-packages/isaacsim/extscache/omni.graph.tools-1.79.2+69cbf6ad/omni/graph/tools/_impl/internal/file_utils.py", line 239, in load_module_from_file
    spec.loader.exec_module(module)
  File "<frozen importlib._bootstrap_external>", line 940, in exec_module
  File "<frozen importlib._bootstrap>", line 241, in _call_with_frames_removed
  File "/home/kisuk/miniforge3/envs/lerobot-arena/lib/python3.11/site-packages/isaacsim/extscache/omni.replicator.core-1.12.27+107.3.3.lx64.r.cp311/omni/replicator/core/ogn/tests/TestOgnSemanticSegmentation.py", line 2, in <module>
    import omni.kit.test
  File "/home/kisuk/miniforge3/envs/lerobot-arena/lib/python3.11/site-packages/isaacsim/extscache/omni.kit.test-2.0.1+69cbf6ad.lx64.r.cp311/omni/kit/test/__init__.py", line 7, in <module>
    from . import unittests
  File "/home/kisuk/miniforge3/envs/lerobot-arena/lib/python3.11/site-packages/isaacsim/extscache/omni.kit.test-2.0.1+69cbf6ad.lx64.r.cp311/omni/kit/test/unittests.py", line 21, in <module>
    from .async_unittest import AsyncTestSuite, AsyncTextTestRunner, OmniTestResult, AsyncTestCase
  File "/home/kisuk/miniforge3/envs/lerobot-arena/lib/python3.11/site-packages/isaacsim/extscache/omni.kit.test-2.0.1+69cbf6ad.lx64.r.cp311/omni/kit/test/async_unittest.py", line 25, in <module>
    from .reporter import TestReporter
  File "/home/kisuk/miniforge3/envs/lerobot-arena/lib/python3.11/site-packages/isaacsim/extscache/omni.kit.test-2.0.1+69cbf6ad.lx64.r.cp311/omni/kit/test/reporter.py", line 27, in <module>
    from .test_coverage import generate_coverage_report
  File "/home/kisuk/miniforge3/envs/lerobot-arena/lib/python3.11/site-packages/isaacsim/extscache/omni.kit.test-2.0.1+69cbf6ad.lx64.r.cp311/omni/kit/test/test_coverage.py", line 10, in <module>
    import coverage
  File "/home/kisuk/miniforge3/envs/lerobot-arena/lib/python3.11/site-packages/coverage/__init__.py", line 24, in <module>
    from coverage.control import (
  File "/home/kisuk/miniforge3/envs/lerobot-arena/lib/python3.11/site-packages/coverage/control.py", line 28, in <module>
    from coverage.collector import Collector, HAS_CTRACER
  File "/home/kisuk/miniforge3/envs/lerobot-arena/lib/python3.11/site-packages/coverage/collector.py", line 19, in <module>
    from coverage.data import CoverageData
  File "/home/kisuk/miniforge3/envs/lerobot-arena/lib/python3.11/site-packages/coverage/data.py", line 24, in <module>
    from coverage.sqldata import CoverageData
  File "/home/kisuk/miniforge3/envs/lerobot-arena/lib/python3.11/site-packages/coverage/sqldata.py", line 16, in <module>
    import sqlite3
  File "/home/kisuk/miniforge3/envs/lerobot-arena/lib/python3.11/sqlite3/__init__.py", line 57, in <module>
    from sqlite3.dbapi2 import *
  File "/home/kisuk/miniforge3/envs/lerobot-arena/lib/python3.11/sqlite3/dbapi2.py", line 27, in <module>
    from _sqlite3 import *
ImportError: /lib/x86_64-linux-gnu/libstdc++.so.6: version `CXXABI_1.3.15' not found (required by /home/kisuk/miniforge3/envs/lerobot-arena/lib/python3.11/lib-dynload/../.././libicui18n.so.78)

2026-10-05T15:34:48Z [6,962ms] [Error] [omni.graph.tools._impl.internal.extension_contents_1_18] Exception while importing test omni.replicator.core.ogn.tests.TestOgnScatter2D: Traceback (most recent call last):
  File "/home/kisuk/miniforge3/envs/lerobot-arena/lib/python3.11/site-packages/isaacsim/extscache/omni.graph.tools-1.79.2+69cbf6ad/omni/graph/tools/_impl/internal/extension_contents_1_18.py", line 394, in do_import_test_definition
    test_module = load_module_from_file(test_module_name, test_file)
                  ^^^^^^^^^^^^^^^^^^^^^^^^^^^^^^^^^^^^^^^^^^^^^^^^^^
  File "/home/kisuk/miniforge3/envs/lerobot-arena/lib/python3.11/site-packages/isaacsim/extscache/omni.graph.tools-1.79.2+69cbf6ad/omni/graph/tools/_impl/internal/file_utils.py", line 239, in load_module_from_file
    spec.loader.exec_module(module)
  File "<frozen importlib._bootstrap_external>", line 940, in exec_module
  File "<frozen importlib._bootstrap>", line 241, in _call_with_frames_removed
  File "/home/kisuk/miniforge3/envs/lerobot-arena/lib/python3.11/site-packages/isaacsim/extscache/omni.replicator.core-1.12.27+107.3.3.lx64.r.cp311/omni/replicator/core/ogn/tests/TestOgnScatter2D.py", line 2, in <module>
    import omni.kit.test
  File "/home/kisuk/miniforge3/envs/lerobot-arena/lib/python3.11/site-packages/isaacsim/extscache/omni.kit.test-2.0.1+69cbf6ad.lx64.r.cp311/omni/kit/test/__init__.py", line 7, in <module>
    from . import unittests
  File "/home/kisuk/miniforge3/envs/lerobot-arena/lib/python3.11/site-packages/isaacsim/extscache/omni.kit.test-2.0.1+69cbf6ad.lx64.r.cp311/omni/kit/test/unittests.py", line 21, in <module>
    from .async_unittest import AsyncTestSuite, AsyncTextTestRunner, OmniTestResult, AsyncTestCase
  File "/home/kisuk/miniforge3/envs/lerobot-arena/lib/python3.11/site-packages/isaacsim/extscache/omni.kit.test-2.0.1+69cbf6ad.lx64.r.cp311/omni/kit/test/async_unittest.py", line 25, in <module>
    from .reporter import TestReporter
  File "/home/kisuk/miniforge3/envs/lerobot-arena/lib/python3.11/site-packages/isaacsim/extscache/omni.kit.test-2.0.1+69cbf6ad.lx64.r.cp311/omni/kit/test/reporter.py", line 27, in <module>
    from .test_coverage import generate_coverage_report
  File "/home/kisuk/miniforge3/envs/lerobot-arena/lib/python3.11/site-packages/isaacsim/extscache/omni.kit.test-2.0.1+69cbf6ad.lx64.r.cp311/omni/kit/test/test_coverage.py", line 10, in <module>
    import coverage
  File "/home/kisuk/miniforge3/envs/lerobot-arena/lib/python3.11/site-packages/coverage/__init__.py", line 24, in <module>
    from coverage.control import (
  File "/home/kisuk/miniforge3/envs/lerobot-arena/lib/python3.11/site-packages/coverage/control.py", line 28, in <module>
    from coverage.collector import Collector, HAS_CTRACER
  File "/home/kisuk/miniforge3/envs/lerobot-arena/lib/python3.11/site-packages/coverage/collector.py", line 19, in <module>
    from coverage.data import CoverageData
  File "/home/kisuk/miniforge3/envs/lerobot-arena/lib/python3.11/site-packages/coverage/data.py", line 24, in <module>
    from coverage.sqldata import CoverageData
  File "/home/kisuk/miniforge3/envs/lerobot-arena/lib/python3.11/site-packages/coverage/sqldata.py", line 16, in <module>
    import sqlite3
  File "/home/kisuk/miniforge3/envs/lerobot-arena/lib/python3.11/sqlite3/__init__.py", line 57, in <module>
    from sqlite3.dbapi2 import *
  File "/home/kisuk/miniforge3/envs/lerobot-arena/lib/python3.11/sqlite3/dbapi2.py", line 27, in <module>
    from _sqlite3 import *
ImportError: /lib/x86_64-linux-gnu/libstdc++.so.6: version `CXXABI_1.3.15' not found (required by /home/kisuk/miniforge3/envs/lerobot-arena/lib/python3.11/lib-dynload/../.././libicui18n.so.78)

2026-10-05T15:34:48Z [6,969ms] [Error] [omni.graph.tools._impl.internal.extension_contents_1_18] Exception while importing test omni.replicator.core.ogn.tests.TestOgnConditionScript: Traceback (most recent call last):
  File "/home/kisuk/miniforge3/envs/lerobot-arena/lib/python3.11/site-packages/isaacsim/extscache/omni.graph.tools-1.79.2+69cbf6ad/omni/graph/tools/_impl/internal/extension_contents_1_18.py", line 394, in do_import_test_definition
    test_module = load_module_from_file(test_module_name, test_file)
                  ^^^^^^^^^^^^^^^^^^^^^^^^^^^^^^^^^^^^^^^^^^^^^^^^^^
  File "/home/kisuk/miniforge3/envs/lerobot-arena/lib/python3.11/site-packages/isaacsim/extscache/omni.graph.tools-1.79.2+69cbf6ad/omni/graph/tools/_impl/internal/file_utils.py", line 239, in load_module_from_file
    spec.loader.exec_module(module)
  File "<frozen importlib._bootstrap_external>", line 940, in exec_module
  File "<frozen importlib._bootstrap>", line 241, in _call_with_frames_removed
  File "/home/kisuk/miniforge3/envs/lerobot-arena/lib/python3.11/site-packages/isaacsim/extscache/omni.replicator.core-1.12.27+107.3.3.lx64.r.cp311/omni/replicator/core/ogn/tests/TestOgnConditionScript.py", line 2, in <module>
    import omni.kit.test
  File "/home/kisuk/miniforge3/envs/lerobot-arena/lib/python3.11/site-packages/isaacsim/extscache/omni.kit.test-2.0.1+69cbf6ad.lx64.r.cp311/omni/kit/test/__init__.py", line 7, in <module>
    from . import unittests
  File "/home/kisuk/miniforge3/envs/lerobot-arena/lib/python3.11/site-packages/isaacsim/extscache/omni.kit.test-2.0.1+69cbf6ad.lx64.r.cp311/omni/kit/test/unittests.py", line 21, in <module>
    from .async_unittest import AsyncTestSuite, AsyncTextTestRunner, OmniTestResult, AsyncTestCase
  File "/home/kisuk/miniforge3/envs/lerobot-arena/lib/python3.11/site-packages/isaacsim/extscache/omni.kit.test-2.0.1+69cbf6ad.lx64.r.cp311/omni/kit/test/async_unittest.py", line 25, in <module>
    from .reporter import TestReporter
  File "/home/kisuk/miniforge3/envs/lerobot-arena/lib/python3.11/site-packages/isaacsim/extscache/omni.kit.test-2.0.1+69cbf6ad.lx64.r.cp311/omni/kit/test/reporter.py", line 27, in <module>
    from .test_coverage import generate_coverage_report
  File "/home/kisuk/miniforge3/envs/lerobot-arena/lib/python3.11/site-packages/isaacsim/extscache/omni.kit.test-2.0.1+69cbf6ad.lx64.r.cp311/omni/kit/test/test_coverage.py", line 10, in <module>
    import coverage
  File "/home/kisuk/miniforge3/envs/lerobot-arena/lib/python3.11/site-packages/coverage/__init__.py", line 24, in <module>
    from coverage.control import (
  File "/home/kisuk/miniforge3/envs/lerobot-arena/lib/python3.11/site-packages/coverage/control.py", line 28, in <module>
    from coverage.collector import Collector, HAS_CTRACER
  File "/home/kisuk/miniforge3/envs/lerobot-arena/lib/python3.11/site-packages/coverage/collector.py", line 19, in <module>
    from coverage.data import CoverageData
  File "/home/kisuk/miniforge3/envs/lerobot-arena/lib/python3.11/site-packages/coverage/data.py", line 24, in <module>
    from coverage.sqldata import CoverageData
  File "/home/kisuk/miniforge3/envs/lerobot-arena/lib/python3.11/site-packages/coverage/sqldata.py", line 16, in <module>
    import sqlite3
  File "/home/kisuk/miniforge3/envs/lerobot-arena/lib/python3.11/sqlite3/__init__.py", line 57, in <module>
    from sqlite3.dbapi2 import *
  File "/home/kisuk/miniforge3/envs/lerobot-arena/lib/python3.11/sqlite3/dbapi2.py", line 27, in <module>
    from _sqlite3 import *
ImportError: /lib/x86_64-linux-gnu/libstdc++.so.6: version `CXXABI_1.3.15' not found (required by /home/kisuk/miniforge3/envs/lerobot-arena/lib/python3.11/lib-dynload/../.././libicui18n.so.78)

2026-10-05T15:34:48Z [6,976ms] [Error] [omni.graph.tools._impl.internal.extension_contents_1_18] Exception while importing test omni.replicator.core.ogn.tests.TestOgnBoundingBoxLegacy: Traceback (most recent call last):
  File "/home/kisuk/miniforge3/envs/lerobot-arena/lib/python3.11/site-packages/isaacsim/extscache/omni.graph.tools-1.79.2+69cbf6ad/omni/graph/tools/_impl/internal/extension_contents_1_18.py", line 394, in do_import_test_definition
    test_module = load_module_from_file(test_module_name, test_file)
                  ^^^^^^^^^^^^^^^^^^^^^^^^^^^^^^^^^^^^^^^^^^^^^^^^^^
  File "/home/kisuk/miniforge3/envs/lerobot-arena/lib/python3.11/site-packages/isaacsim/extscache/omni.graph.tools-1.79.2+69cbf6ad/omni/graph/tools/_impl/internal/file_utils.py", line 239, in load_module_from_file
    spec.loader.exec_module(module)
  File "<frozen importlib._bootstrap_external>", line 940, in exec_module
  File "<frozen importlib._bootstrap>", line 241, in _call_with_frames_removed
  File "/home/kisuk/miniforge3/envs/lerobot-arena/lib/python3.11/site-packages/isaacsim/extscache/omni.replicator.core-1.12.27+107.3.3.lx64.r.cp311/omni/replicator/core/ogn/tests/TestOgnBoundingBoxLegacy.py", line 2, in <module>
    import omni.kit.test
  File "/home/kisuk/miniforge3/envs/lerobot-arena/lib/python3.11/site-packages/isaacsim/extscache/omni.kit.test-2.0.1+69cbf6ad.lx64.r.cp311/omni/kit/test/__init__.py", line 7, in <module>
    from . import unittests
  File "/home/kisuk/miniforge3/envs/lerobot-arena/lib/python3.11/site-packages/isaacsim/extscache/omni.kit.test-2.0.1+69cbf6ad.lx64.r.cp311/omni/kit/test/unittests.py", line 21, in <module>
    from .async_unittest import AsyncTestSuite, AsyncTextTestRunner, OmniTestResult, AsyncTestCase
  File "/home/kisuk/miniforge3/envs/lerobot-arena/lib/python3.11/site-packages/isaacsim/extscache/omni.kit.test-2.0.1+69cbf6ad.lx64.r.cp311/omni/kit/test/async_unittest.py", line 25, in <module>
    from .reporter import TestReporter
  File "/home/kisuk/miniforge3/envs/lerobot-arena/lib/python3.11/site-packages/isaacsim/extscache/omni.kit.test-2.0.1+69cbf6ad.lx64.r.cp311/omni/kit/test/reporter.py", line 27, in <module>
    from .test_coverage import generate_coverage_report
  File "/home/kisuk/miniforge3/envs/lerobot-arena/lib/python3.11/site-packages/isaacsim/extscache/omni.kit.test-2.0.1+69cbf6ad.lx64.r.cp311/omni/kit/test/test_coverage.py", line 10, in <module>
    import coverage
  File "/home/kisuk/miniforge3/envs/lerobot-arena/lib/python3.11/site-packages/coverage/__init__.py", line 24, in <module>
    from coverage.control import (
  File "/home/kisuk/miniforge3/envs/lerobot-arena/lib/python3.11/site-packages/coverage/control.py", line 28, in <module>
    from coverage.collector import Collector, HAS_CTRACER
  File "/home/kisuk/miniforge3/envs/lerobot-arena/lib/python3.11/site-packages/coverage/collector.py", line 19, in <module>
    from coverage.data import CoverageData
  File "/home/kisuk/miniforge3/envs/lerobot-arena/lib/python3.11/site-packages/coverage/data.py", line 24, in <module>
    from coverage.sqldata import CoverageData
  File "/home/kisuk/miniforge3/envs/lerobot-arena/lib/python3.11/site-packages/coverage/sqldata.py", line 16, in <module>
    import sqlite3
  File "/home/kisuk/miniforge3/envs/lerobot-arena/lib/python3.11/sqlite3/__init__.py", line 57, in <module>
    from sqlite3.dbapi2 import *
  File "/home/kisuk/miniforge3/envs/lerobot-arena/lib/python3.11/sqlite3/dbapi2.py", line 27, in <module>
    from _sqlite3 import *
ImportError: /lib/x86_64-linux-gnu/libstdc++.so.6: version `CXXABI_1.3.15' not found (required by /home/kisuk/miniforge3/envs/lerobot-arena/lib/python3.11/lib-dynload/../.././libicui18n.so.78)

2026-10-05T15:34:48Z [6,983ms] [Error] [omni.graph.tools._impl.internal.extension_contents_1_18] Exception while importing test omni.replicator.core.ogn.tests.TestOgnAugImgBlendExp: Traceback (most recent call last):
  File "/home/kisuk/miniforge3/envs/lerobot-arena/lib/python3.11/site-packages/isaacsim/extscache/omni.graph.tools-1.79.2+69cbf6ad/omni/graph/tools/_impl/internal/extension_contents_1_18.py", line 394, in do_import_test_definition
    test_module = load_module_from_file(test_module_name, test_file)
                  ^^^^^^^^^^^^^^^^^^^^^^^^^^^^^^^^^^^^^^^^^^^^^^^^^^
  File "/home/kisuk/miniforge3/envs/lerobot-arena/lib/python3.11/site-packages/isaacsim/extscache/omni.graph.tools-1.79.2+69cbf6ad/omni/graph/tools/_impl/internal/file_utils.py", line 239, in load_module_from_file
    spec.loader.exec_module(module)
  File "<frozen importlib._bootstrap_external>", line 940, in exec_module
  File "<frozen importlib._bootstrap>", line 241, in _call_with_frames_removed
  File "/home/kisuk/miniforge3/envs/lerobot-arena/lib/python3.11/site-packages/isaacsim/extscache/omni.replicator.core-1.12.27+107.3.3.lx64.r.cp311/omni/replicator/core/ogn/tests/TestOgnAugImgBlendExp.py", line 2, in <module>
    import omni.kit.test
  File "/home/kisuk/miniforge3/envs/lerobot-arena/lib/python3.11/site-packages/isaacsim/extscache/omni.kit.test-2.0.1+69cbf6ad.lx64.r.cp311/omni/kit/test/__init__.py", line 7, in <module>
    from . import unittests
  File "/home/kisuk/miniforge3/envs/lerobot-arena/lib/python3.11/site-packages/isaacsim/extscache/omni.kit.test-2.0.1+69cbf6ad.lx64.r.cp311/omni/kit/test/unittests.py", line 21, in <module>
    from .async_unittest import AsyncTestSuite, AsyncTextTestRunner, OmniTestResult, AsyncTestCase
  File "/home/kisuk/miniforge3/envs/lerobot-arena/lib/python3.11/site-packages/isaacsim/extscache/omni.kit.test-2.0.1+69cbf6ad.lx64.r.cp311/omni/kit/test/async_unittest.py", line 25, in <module>
    from .reporter import TestReporter
  File "/home/kisuk/miniforge3/envs/lerobot-arena/lib/python3.11/site-packages/isaacsim/extscache/omni.kit.test-2.0.1+69cbf6ad.lx64.r.cp311/omni/kit/test/reporter.py", line 27, in <module>
    from .test_coverage import generate_coverage_report
  File "/home/kisuk/miniforge3/envs/lerobot-arena/lib/python3.11/site-packages/isaacsim/extscache/omni.kit.test-2.0.1+69cbf6ad.lx64.r.cp311/omni/kit/test/test_coverage.py", line 10, in <module>
    import coverage
  File "/home/kisuk/miniforge3/envs/lerobot-arena/lib/python3.11/site-packages/coverage/__init__.py", line 24, in <module>
    from coverage.control import (
  File "/home/kisuk/miniforge3/envs/lerobot-arena/lib/python3.11/site-packages/coverage/control.py", line 28, in <module>
    from coverage.collector import Collector, HAS_CTRACER
  File "/home/kisuk/miniforge3/envs/lerobot-arena/lib/python3.11/site-packages/coverage/collector.py", line 19, in <module>
    from coverage.data import CoverageData
  File "/home/kisuk/miniforge3/envs/lerobot-arena/lib/python3.11/site-packages/coverage/data.py", line 24, in <module>
    from coverage.sqldata import CoverageData
  File "/home/kisuk/miniforge3/envs/lerobot-arena/lib/python3.11/site-packages/coverage/sqldata.py", line 16, in <module>
    import sqlite3
  File "/home/kisuk/miniforge3/envs/lerobot-arena/lib/python3.11/sqlite3/__init__.py", line 57, in <module>
    from sqlite3.dbapi2 import *
  File "/home/kisuk/miniforge3/envs/lerobot-arena/lib/python3.11/sqlite3/dbapi2.py", line 27, in <module>
    from _sqlite3 import *
ImportError: /lib/x86_64-linux-gnu/libstdc++.so.6: version `CXXABI_1.3.15' not found (required by /home/kisuk/miniforge3/envs/lerobot-arena/lib/python3.11/lib-dynload/../.././libicui18n.so.78)

2026-10-05T15:34:48Z [6,989ms] [Error] [omni.graph.tools._impl.internal.extension_contents_1_18] Exception while importing test omni.replicator.core.ogn.tests.TestOgnSetPivot: Traceback (most recent call last):
  File "/home/kisuk/miniforge3/envs/lerobot-arena/lib/python3.11/site-packages/isaacsim/extscache/omni.graph.tools-1.79.2+69cbf6ad/omni/graph/tools/_impl/internal/extension_contents_1_18.py", line 394, in do_import_test_definition
    test_module = load_module_from_file(test_module_name, test_file)
                  ^^^^^^^^^^^^^^^^^^^^^^^^^^^^^^^^^^^^^^^^^^^^^^^^^^
  File "/home/kisuk/miniforge3/envs/lerobot-arena/lib/python3.11/site-packages/isaacsim/extscache/omni.graph.tools-1.79.2+69cbf6ad/omni/graph/tools/_impl/internal/file_utils.py", line 239, in load_module_from_file
    spec.loader.exec_module(module)
  File "<frozen importlib._bootstrap_external>", line 940, in exec_module
  File "<frozen importlib._bootstrap>", line 241, in _call_with_frames_removed
  File "/home/kisuk/miniforge3/envs/lerobot-arena/lib/python3.11/site-packages/isaacsim/extscache/omni.replicator.core-1.12.27+107.3.3.lx64.r.cp311/omni/replicator/core/ogn/tests/TestOgnSetPivot.py", line 2, in <module>
    import omni.kit.test
  File "/home/kisuk/miniforge3/envs/lerobot-arena/lib/python3.11/site-packages/isaacsim/extscache/omni.kit.test-2.0.1+69cbf6ad.lx64.r.cp311/omni/kit/test/__init__.py", line 7, in <module>
    from . import unittests
  File "/home/kisuk/miniforge3/envs/lerobot-arena/lib/python3.11/site-packages/isaacsim/extscache/omni.kit.test-2.0.1+69cbf6ad.lx64.r.cp311/omni/kit/test/unittests.py", line 21, in <module>
    from .async_unittest import AsyncTestSuite, AsyncTextTestRunner, OmniTestResult, AsyncTestCase
  File "/home/kisuk/miniforge3/envs/lerobot-arena/lib/python3.11/site-packages/isaacsim/extscache/omni.kit.test-2.0.1+69cbf6ad.lx64.r.cp311/omni/kit/test/async_unittest.py", line 25, in <module>
    from .reporter import TestReporter
  File "/home/kisuk/miniforge3/envs/lerobot-arena/lib/python3.11/site-packages/isaacsim/extscache/omni.kit.test-2.0.1+69cbf6ad.lx64.r.cp311/omni/kit/test/reporter.py", line 27, in <module>
    from .test_coverage import generate_coverage_report
  File "/home/kisuk/miniforge3/envs/lerobot-arena/lib/python3.11/site-packages/isaacsim/extscache/omni.kit.test-2.0.1+69cbf6ad.lx64.r.cp311/omni/kit/test/test_coverage.py", line 10, in <module>
    import coverage
  File "/home/kisuk/miniforge3/envs/lerobot-arena/lib/python3.11/site-packages/coverage/__init__.py", line 24, in <module>
    from coverage.control import (
  File "/home/kisuk/miniforge3/envs/lerobot-arena/lib/python3.11/site-packages/coverage/control.py", line 28, in <module>
    from coverage.collector import Collector, HAS_CTRACER
  File "/home/kisuk/miniforge3/envs/lerobot-arena/lib/python3.11/site-packages/coverage/collector.py", line 19, in <module>
    from coverage.data import CoverageData
  File "/home/kisuk/miniforge3/envs/lerobot-arena/lib/python3.11/site-packages/coverage/data.py", line 24, in <module>
    from coverage.sqldata import CoverageData
  File "/home/kisuk/miniforge3/envs/lerobot-arena/lib/python3.11/site-packages/coverage/sqldata.py", line 16, in <module>
    import sqlite3
  File "/home/kisuk/miniforge3/envs/lerobot-arena/lib/python3.11/sqlite3/__init__.py", line 57, in <module>
    from sqlite3.dbapi2 import *
  File "/home/kisuk/miniforge3/envs/lerobot-arena/lib/python3.11/sqlite3/dbapi2.py", line 27, in <module>
    from _sqlite3 import *
ImportError: /lib/x86_64-linux-gnu/libstdc++.so.6: version `CXXABI_1.3.15' not found (required by /home/kisuk/miniforge3/envs/lerobot-arena/lib/python3.11/lib-dynload/../.././libicui18n.so.78)

2026-10-05T15:34:48Z [6,997ms] [Error] [omni.graph.tools._impl.internal.extension_contents_1_18] Exception while importing test omni.replicator.core.ogn.tests.TestOgnScatter3D: Traceback (most recent call last):
  File "/home/kisuk/miniforge3/envs/lerobot-arena/lib/python3.11/site-packages/isaacsim/extscache/omni.graph.tools-1.79.2+69cbf6ad/omni/graph/tools/_impl/internal/extension_contents_1_18.py", line 394, in do_import_test_definition
    test_module = load_module_from_file(test_module_name, test_file)
                  ^^^^^^^^^^^^^^^^^^^^^^^^^^^^^^^^^^^^^^^^^^^^^^^^^^
  File "/home/kisuk/miniforge3/envs/lerobot-arena/lib/python3.11/site-packages/isaacsim/extscache/omni.graph.tools-1.79.2+69cbf6ad/omni/graph/tools/_impl/internal/file_utils.py", line 239, in load_module_from_file
    spec.loader.exec_module(module)
  File "<frozen importlib._bootstrap_external>", line 940, in exec_module
  File "<frozen importlib._bootstrap>", line 241, in _call_with_frames_removed
  File "/home/kisuk/miniforge3/envs/lerobot-arena/lib/python3.11/site-packages/isaacsim/extscache/omni.replicator.core-1.12.27+107.3.3.lx64.r.cp311/omni/replicator/core/ogn/tests/TestOgnScatter3D.py", line 2, in <module>
    import omni.kit.test
  File "/home/kisuk/miniforge3/envs/lerobot-arena/lib/python3.11/site-packages/isaacsim/extscache/omni.kit.test-2.0.1+69cbf6ad.lx64.r.cp311/omni/kit/test/__init__.py", line 7, in <module>
    from . import unittests
  File "/home/kisuk/miniforge3/envs/lerobot-arena/lib/python3.11/site-packages/isaacsim/extscache/omni.kit.test-2.0.1+69cbf6ad.lx64.r.cp311/omni/kit/test/unittests.py", line 21, in <module>
    from .async_unittest import AsyncTestSuite, AsyncTextTestRunner, OmniTestResult, AsyncTestCase
  File "/home/kisuk/miniforge3/envs/lerobot-arena/lib/python3.11/site-packages/isaacsim/extscache/omni.kit.test-2.0.1+69cbf6ad.lx64.r.cp311/omni/kit/test/async_unittest.py", line 25, in <module>
    from .reporter import TestReporter
  File "/home/kisuk/miniforge3/envs/lerobot-arena/lib/python3.11/site-packages/isaacsim/extscache/omni.kit.test-2.0.1+69cbf6ad.lx64.r.cp311/omni/kit/test/reporter.py", line 27, in <module>
    from .test_coverage import generate_coverage_report
  File "/home/kisuk/miniforge3/envs/lerobot-arena/lib/python3.11/site-packages/isaacsim/extscache/omni.kit.test-2.0.1+69cbf6ad.lx64.r.cp311/omni/kit/test/test_coverage.py", line 10, in <module>
    import coverage
  File "/home/kisuk/miniforge3/envs/lerobot-arena/lib/python3.11/site-packages/coverage/__init__.py", line 24, in <module>
    from coverage.control import (
  File "/home/kisuk/miniforge3/envs/lerobot-arena/lib/python3.11/site-packages/coverage/control.py", line 28, in <module>
    from coverage.collector import Collector, HAS_CTRACER
  File "/home/kisuk/miniforge3/envs/lerobot-arena/lib/python3.11/site-packages/coverage/collector.py", line 19, in <module>
    from coverage.data import CoverageData
  File "/home/kisuk/miniforge3/envs/lerobot-arena/lib/python3.11/site-packages/coverage/data.py", line 24, in <module>
    from coverage.sqldata import CoverageData
  File "/home/kisuk/miniforge3/envs/lerobot-arena/lib/python3.11/site-packages/coverage/sqldata.py", line 16, in <module>
    import sqlite3
  File "/home/kisuk/miniforge3/envs/lerobot-arena/lib/python3.11/sqlite3/__init__.py", line 57, in <module>
    from sqlite3.dbapi2 import *
  File "/home/kisuk/miniforge3/envs/lerobot-arena/lib/python3.11/sqlite3/dbapi2.py", line 27, in <module>
    from _sqlite3 import *
ImportError: /lib/x86_64-linux-gnu/libstdc++.so.6: version `CXXABI_1.3.15' not found (required by /home/kisuk/miniforge3/envs/lerobot-arena/lib/python3.11/lib-dynload/../.././libicui18n.so.78)

2026-10-05T15:34:48Z [7,009ms] [Error] [omni.graph.tools._impl.internal.extension_contents_1_18] Exception while importing test omni.replicator.core.ogn.tests.TestOgnAugContrastExp: Traceback (most recent call last):
  File "/home/kisuk/miniforge3/envs/lerobot-arena/lib/python3.11/site-packages/isaacsim/extscache/omni.graph.tools-1.79.2+69cbf6ad/omni/graph/tools/_impl/internal/extension_contents_1_18.py", line 394, in do_import_test_definition
    test_module = load_module_from_file(test_module_name, test_file)
                  ^^^^^^^^^^^^^^^^^^^^^^^^^^^^^^^^^^^^^^^^^^^^^^^^^^
  File "/home/kisuk/miniforge3/envs/lerobot-arena/lib/python3.11/site-packages/isaacsim/extscache/omni.graph.tools-1.79.2+69cbf6ad/omni/graph/tools/_impl/internal/file_utils.py", line 239, in load_module_from_file
    spec.loader.exec_module(module)
  File "<frozen importlib._bootstrap_external>", line 940, in exec_module
  File "<frozen importlib._bootstrap>", line 241, in _call_with_frames_removed
  File "/home/kisuk/miniforge3/envs/lerobot-arena/lib/python3.11/site-packages/isaacsim/extscache/omni.replicator.core-1.12.27+107.3.3.lx64.r.cp311/omni/replicator/core/ogn/tests/TestOgnAugContrastExp.py", line 2, in <module>
    import omni.kit.test
  File "/home/kisuk/miniforge3/envs/lerobot-arena/lib/python3.11/site-packages/isaacsim/extscache/omni.kit.test-2.0.1+69cbf6ad.lx64.r.cp311/omni/kit/test/__init__.py", line 7, in <module>
    from . import unittests
  File "/home/kisuk/miniforge3/envs/lerobot-arena/lib/python3.11/site-packages/isaacsim/extscache/omni.kit.test-2.0.1+69cbf6ad.lx64.r.cp311/omni/kit/test/unittests.py", line 21, in <module>
    from .async_unittest import AsyncTestSuite, AsyncTextTestRunner, OmniTestResult, AsyncTestCase
  File "/home/kisuk/miniforge3/envs/lerobot-arena/lib/python3.11/site-packages/isaacsim/extscache/omni.kit.test-2.0.1+69cbf6ad.lx64.r.cp311/omni/kit/test/async_unittest.py", line 25, in <module>
    from .reporter import TestReporter
  File "/home/kisuk/miniforge3/envs/lerobot-arena/lib/python3.11/site-packages/isaacsim/extscache/omni.kit.test-2.0.1+69cbf6ad.lx64.r.cp311/omni/kit/test/reporter.py", line 27, in <module>
    from .test_coverage import generate_coverage_report
  File "/home/kisuk/miniforge3/envs/lerobot-arena/lib/python3.11/site-packages/isaacsim/extscache/omni.kit.test-2.0.1+69cbf6ad.lx64.r.cp311/omni/kit/test/test_coverage.py", line 10, in <module>
    import coverage
  File "/home/kisuk/miniforge3/envs/lerobot-arena/lib/python3.11/site-packages/coverage/__init__.py", line 24, in <module>
    from coverage.control import (
  File "/home/kisuk/miniforge3/envs/lerobot-arena/lib/python3.11/site-packages/coverage/control.py", line 28, in <module>
    from coverage.collector import Collector, HAS_CTRACER
  File "/home/kisuk/miniforge3/envs/lerobot-arena/lib/python3.11/site-packages/coverage/collector.py", line 19, in <module>
    from coverage.data import CoverageData
  File "/home/kisuk/miniforge3/envs/lerobot-arena/lib/python3.11/site-packages/coverage/data.py", line 24, in <module>
    from coverage.sqldata import CoverageData
  File "/home/kisuk/miniforge3/envs/lerobot-arena/lib/python3.11/site-packages/coverage/sqldata.py", line 16, in <module>
    import sqlite3
  File "/home/kisuk/miniforge3/envs/lerobot-arena/lib/python3.11/sqlite3/__init__.py", line 57, in <module>
    from sqlite3.dbapi2 import *
  File "/home/kisuk/miniforge3/envs/lerobot-arena/lib/python3.11/sqlite3/dbapi2.py", line 27, in <module>
    from _sqlite3 import *
ImportError: /lib/x86_64-linux-gnu/libstdc++.so.6: version `CXXABI_1.3.15' not found (required by /home/kisuk/miniforge3/envs/lerobot-arena/lib/python3.11/lib-dynload/../.././libicui18n.so.78)

2026-10-05T15:34:48Z [7,020ms] [Error] [omni.graph.tools._impl.internal.extension_contents_1_18] Exception while importing test omni.replicator.core.ogn.tests.TestOgnAugShadeSegmentation: Traceback (most recent call last):
  File "/home/kisuk/miniforge3/envs/lerobot-arena/lib/python3.11/site-packages/isaacsim/extscache/omni.graph.tools-1.79.2+69cbf6ad/omni/graph/tools/_impl/internal/extension_contents_1_18.py", line 394, in do_import_test_definition
    test_module = load_module_from_file(test_module_name, test_file)
                  ^^^^^^^^^^^^^^^^^^^^^^^^^^^^^^^^^^^^^^^^^^^^^^^^^^
  File "/home/kisuk/miniforge3/envs/lerobot-arena/lib/python3.11/site-packages/isaacsim/extscache/omni.graph.tools-1.79.2+69cbf6ad/omni/graph/tools/_impl/internal/file_utils.py", line 239, in load_module_from_file
    spec.loader.exec_module(module)
  File "<frozen importlib._bootstrap_external>", line 940, in exec_module
  File "<frozen importlib._bootstrap>", line 241, in _call_with_frames_removed
  File "/home/kisuk/miniforge3/envs/lerobot-arena/lib/python3.11/site-packages/isaacsim/extscache/omni.replicator.core-1.12.27+107.3.3.lx64.r.cp311/omni/replicator/core/ogn/tests/TestOgnAugShadeSegmentation.py", line 2, in <module>
    import omni.kit.test
  File "/home/kisuk/miniforge3/envs/lerobot-arena/lib/python3.11/site-packages/isaacsim/extscache/omni.kit.test-2.0.1+69cbf6ad.lx64.r.cp311/omni/kit/test/__init__.py", line 7, in <module>
    from . import unittests
  File "/home/kisuk/miniforge3/envs/lerobot-arena/lib/python3.11/site-packages/isaacsim/extscache/omni.kit.test-2.0.1+69cbf6ad.lx64.r.cp311/omni/kit/test/unittests.py", line 21, in <module>
    from .async_unittest import AsyncTestSuite, AsyncTextTestRunner, OmniTestResult, AsyncTestCase
  File "/home/kisuk/miniforge3/envs/lerobot-arena/lib/python3.11/site-packages/isaacsim/extscache/omni.kit.test-2.0.1+69cbf6ad.lx64.r.cp311/omni/kit/test/async_unittest.py", line 25, in <module>
    from .reporter import TestReporter
  File "/home/kisuk/miniforge3/envs/lerobot-arena/lib/python3.11/site-packages/isaacsim/extscache/omni.kit.test-2.0.1+69cbf6ad.lx64.r.cp311/omni/kit/test/reporter.py", line 27, in <module>
    from .test_coverage import generate_coverage_report
  File "/home/kisuk/miniforge3/envs/lerobot-arena/lib/python3.11/site-packages/isaacsim/extscache/omni.kit.test-2.0.1+69cbf6ad.lx64.r.cp311/omni/kit/test/test_coverage.py", line 10, in <module>
    import coverage
  File "/home/kisuk/miniforge3/envs/lerobot-arena/lib/python3.11/site-packages/coverage/__init__.py", line 24, in <module>
    from coverage.control import (
  File "/home/kisuk/miniforge3/envs/lerobot-arena/lib/python3.11/site-packages/coverage/control.py", line 28, in <module>
    from coverage.collector import Collector, HAS_CTRACER
  File "/home/kisuk/miniforge3/envs/lerobot-arena/lib/python3.11/site-packages/coverage/collector.py", line 19, in <module>
    from coverage.data import CoverageData
  File "/home/kisuk/miniforge3/envs/lerobot-arena/lib/python3.11/site-packages/coverage/data.py", line 24, in <module>
    from coverage.sqldata import CoverageData
  File "/home/kisuk/miniforge3/envs/lerobot-arena/lib/python3.11/site-packages/coverage/sqldata.py", line 16, in <module>
    import sqlite3
  File "/home/kisuk/miniforge3/envs/lerobot-arena/lib/python3.11/sqlite3/__init__.py", line 57, in <module>
    from sqlite3.dbapi2 import *
  File "/home/kisuk/miniforge3/envs/lerobot-arena/lib/python3.11/sqlite3/dbapi2.py", line 27, in <module>
    from _sqlite3 import *
ImportError: /lib/x86_64-linux-gnu/libstdc++.so.6: version `CXXABI_1.3.15' not found (required by /home/kisuk/miniforge3/envs/lerobot-arena/lib/python3.11/lib-dynload/../.././libicui18n.so.78)

2026-10-05T15:34:48Z [7,029ms] [Error] [omni.graph.tools._impl.internal.extension_contents_1_18] Exception while importing test omni.replicator.core.ogn.tests.TestOgnSamplePopulation: Traceback (most recent call last):
  File "/home/kisuk/miniforge3/envs/lerobot-arena/lib/python3.11/site-packages/isaacsim/extscache/omni.graph.tools-1.79.2+69cbf6ad/omni/graph/tools/_impl/internal/extension_contents_1_18.py", line 394, in do_import_test_definition
    test_module = load_module_from_file(test_module_name, test_file)
                  ^^^^^^^^^^^^^^^^^^^^^^^^^^^^^^^^^^^^^^^^^^^^^^^^^^
  File "/home/kisuk/miniforge3/envs/lerobot-arena/lib/python3.11/site-packages/isaacsim/extscache/omni.graph.tools-1.79.2+69cbf6ad/omni/graph/tools/_impl/internal/file_utils.py", line 239, in load_module_from_file
    spec.loader.exec_module(module)
  File "<frozen importlib._bootstrap_external>", line 940, in exec_module
  File "<frozen importlib._bootstrap>", line 241, in _call_with_frames_removed
  File "/home/kisuk/miniforge3/envs/lerobot-arena/lib/python3.11/site-packages/isaacsim/extscache/omni.replicator.core-1.12.27+107.3.3.lx64.r.cp311/omni/replicator/core/ogn/tests/TestOgnSamplePopulation.py", line 2, in <module>
    import omni.kit.test
  File "/home/kisuk/miniforge3/envs/lerobot-arena/lib/python3.11/site-packages/isaacsim/extscache/omni.kit.test-2.0.1+69cbf6ad.lx64.r.cp311/omni/kit/test/__init__.py", line 7, in <module>
    from . import unittests
  File "/home/kisuk/miniforge3/envs/lerobot-arena/lib/python3.11/site-packages/isaacsim/extscache/omni.kit.test-2.0.1+69cbf6ad.lx64.r.cp311/omni/kit/test/unittests.py", line 21, in <module>
    from .async_unittest import AsyncTestSuite, AsyncTextTestRunner, OmniTestResult, AsyncTestCase
  File "/home/kisuk/miniforge3/envs/lerobot-arena/lib/python3.11/site-packages/isaacsim/extscache/omni.kit.test-2.0.1+69cbf6ad.lx64.r.cp311/omni/kit/test/async_unittest.py", line 25, in <module>
    from .reporter import TestReporter
  File "/home/kisuk/miniforge3/envs/lerobot-arena/lib/python3.11/site-packages/isaacsim/extscache/omni.kit.test-2.0.1+69cbf6ad.lx64.r.cp311/omni/kit/test/reporter.py", line 27, in <module>
    from .test_coverage import generate_coverage_report
  File "/home/kisuk/miniforge3/envs/lerobot-arena/lib/python3.11/site-packages/isaacsim/extscache/omni.kit.test-2.0.1+69cbf6ad.lx64.r.cp311/omni/kit/test/test_coverage.py", line 10, in <module>
    import coverage
  File "/home/kisuk/miniforge3/envs/lerobot-arena/lib/python3.11/site-packages/coverage/__init__.py", line 24, in <module>
    from coverage.control import (
  File "/home/kisuk/miniforge3/envs/lerobot-arena/lib/python3.11/site-packages/coverage/control.py", line 28, in <module>
    from coverage.collector import Collector, HAS_CTRACER
  File "/home/kisuk/miniforge3/envs/lerobot-arena/lib/python3.11/site-packages/coverage/collector.py", line 19, in <module>
    from coverage.data import CoverageData
  File "/home/kisuk/miniforge3/envs/lerobot-arena/lib/python3.11/site-packages/coverage/data.py", line 24, in <module>
    from coverage.sqldata import CoverageData
  File "/home/kisuk/miniforge3/envs/lerobot-arena/lib/python3.11/site-packages/coverage/sqldata.py", line 16, in <module>
    import sqlite3
  File "/home/kisuk/miniforge3/envs/lerobot-arena/lib/python3.11/sqlite3/__init__.py", line 57, in <module>
    from sqlite3.dbapi2 import *
  File "/home/kisuk/miniforge3/envs/lerobot-arena/lib/python3.11/sqlite3/dbapi2.py", line 27, in <module>
    from _sqlite3 import *
ImportError: /lib/x86_64-linux-gnu/libstdc++.so.6: version `CXXABI_1.3.15' not found (required by /home/kisuk/miniforge3/envs/lerobot-arena/lib/python3.11/lib-dynload/../.././libicui18n.so.78)

2026-10-05T15:34:48Z [7,038ms] [Error] [omni.graph.tools._impl.internal.extension_contents_1_18] Exception while importing test omni.replicator.core.ogn.tests.TestOgnAugCropResizeExp: Traceback (most recent call last):
  File "/home/kisuk/miniforge3/envs/lerobot-arena/lib/python3.11/site-packages/isaacsim/extscache/omni.graph.tools-1.79.2+69cbf6ad/omni/graph/tools/_impl/internal/extension_contents_1_18.py", line 394, in do_import_test_definition
    test_module = load_module_from_file(test_module_name, test_file)
                  ^^^^^^^^^^^^^^^^^^^^^^^^^^^^^^^^^^^^^^^^^^^^^^^^^^
  File "/home/kisuk/miniforge3/envs/lerobot-arena/lib/python3.11/site-packages/isaacsim/extscache/omni.graph.tools-1.79.2+69cbf6ad/omni/graph/tools/_impl/internal/file_utils.py", line 239, in load_module_from_file
    spec.loader.exec_module(module)
  File "<frozen importlib._bootstrap_external>", line 940, in exec_module
  File "<frozen importlib._bootstrap>", line 241, in _call_with_frames_removed
  File "/home/kisuk/miniforge3/envs/lerobot-arena/lib/python3.11/site-packages/isaacsim/extscache/omni.replicator.core-1.12.27+107.3.3.lx64.r.cp311/omni/replicator/core/ogn/tests/TestOgnAugCropResizeExp.py", line 2, in <module>
    import omni.kit.test
  File "/home/kisuk/miniforge3/envs/lerobot-arena/lib/python3.11/site-packages/isaacsim/extscache/omni.kit.test-2.0.1+69cbf6ad.lx64.r.cp311/omni/kit/test/__init__.py", line 7, in <module>
    from . import unittests
  File "/home/kisuk/miniforge3/envs/lerobot-arena/lib/python3.11/site-packages/isaacsim/extscache/omni.kit.test-2.0.1+69cbf6ad.lx64.r.cp311/omni/kit/test/unittests.py", line 21, in <module>
    from .async_unittest import AsyncTestSuite, AsyncTextTestRunner, OmniTestResult, AsyncTestCase
  File "/home/kisuk/miniforge3/envs/lerobot-arena/lib/python3.11/site-packages/isaacsim/extscache/omni.kit.test-2.0.1+69cbf6ad.lx64.r.cp311/omni/kit/test/async_unittest.py", line 25, in <module>
    from .reporter import TestReporter
  File "/home/kisuk/miniforge3/envs/lerobot-arena/lib/python3.11/site-packages/isaacsim/extscache/omni.kit.test-2.0.1+69cbf6ad.lx64.r.cp311/omni/kit/test/reporter.py", line 27, in <module>
    from .test_coverage import generate_coverage_report
  File "/home/kisuk/miniforge3/envs/lerobot-arena/lib/python3.11/site-packages/isaacsim/extscache/omni.kit.test-2.0.1+69cbf6ad.lx64.r.cp311/omni/kit/test/test_coverage.py", line 10, in <module>
    import coverage
  File "/home/kisuk/miniforge3/envs/lerobot-arena/lib/python3.11/site-packages/coverage/__init__.py", line 24, in <module>
    from coverage.control import (
  File "/home/kisuk/miniforge3/envs/lerobot-arena/lib/python3.11/site-packages/coverage/control.py", line 28, in <module>
    from coverage.collector import Collector, HAS_CTRACER
  File "/home/kisuk/miniforge3/envs/lerobot-arena/lib/python3.11/site-packages/coverage/collector.py", line 19, in <module>
    from coverage.data import CoverageData
  File "/home/kisuk/miniforge3/envs/lerobot-arena/lib/python3.11/site-packages/coverage/data.py", line 24, in <module>
    from coverage.sqldata import CoverageData
  File "/home/kisuk/miniforge3/envs/lerobot-arena/lib/python3.11/site-packages/coverage/sqldata.py", line 16, in <module>
    import sqlite3
  File "/home/kisuk/miniforge3/envs/lerobot-arena/lib/python3.11/sqlite3/__init__.py", line 57, in <module>
    from sqlite3.dbapi2 import *
  File "/home/kisuk/miniforge3/envs/lerobot-arena/lib/python3.11/sqlite3/dbapi2.py", line 27, in <module>
    from _sqlite3 import *
ImportError: /lib/x86_64-linux-gnu/libstdc++.so.6: version `CXXABI_1.3.15' not found (required by /home/kisuk/miniforge3/envs/lerobot-arena/lib/python3.11/lib-dynload/../.././libicui18n.so.78)

2026-10-05T15:34:49Z [7,472ms] [Error] [omni.graph.tools._impl.internal.extension_contents_1_18] Exception while importing test omni.replicator.core.ogn.tests.TestOgnDecal: Traceback (most recent call last):
  File "/home/kisuk/miniforge3/envs/lerobot-arena/lib/python3.11/site-packages/isaacsim/extscache/omni.graph.tools-1.79.2+69cbf6ad/omni/graph/tools/_impl/internal/extension_contents_1_18.py", line 394, in do_import_test_definition
    test_module = load_module_from_file(test_module_name, test_file)
                  ^^^^^^^^^^^^^^^^^^^^^^^^^^^^^^^^^^^^^^^^^^^^^^^^^^
  File "/home/kisuk/miniforge3/envs/lerobot-arena/lib/python3.11/site-packages/isaacsim/extscache/omni.graph.tools-1.79.2+69cbf6ad/omni/graph/tools/_impl/internal/file_utils.py", line 239, in load_module_from_file
    spec.loader.exec_module(module)
  File "<frozen importlib._bootstrap_external>", line 940, in exec_module
  File "<frozen importlib._bootstrap>", line 241, in _call_with_frames_removed
  File "/home/kisuk/miniforge3/envs/lerobot-arena/lib/python3.11/site-packages/isaacsim/extscache/omni.replicator.core-1.12.27+107.3.3.lx64.r.cp311/omni/replicator/core/ogn/tests/TestOgnDecal.py", line 2, in <module>
    import omni.kit.test
  File "/home/kisuk/miniforge3/envs/lerobot-arena/lib/python3.11/site-packages/isaacsim/extscache/omni.kit.test-2.0.1+69cbf6ad.lx64.r.cp311/omni/kit/test/__init__.py", line 7, in <module>
    from . import unittests
  File "/home/kisuk/miniforge3/envs/lerobot-arena/lib/python3.11/site-packages/isaacsim/extscache/omni.kit.test-2.0.1+69cbf6ad.lx64.r.cp311/omni/kit/test/unittests.py", line 21, in <module>
    from .async_unittest import AsyncTestSuite, AsyncTextTestRunner, OmniTestResult, AsyncTestCase
  File "/home/kisuk/miniforge3/envs/lerobot-arena/lib/python3.11/site-packages/isaacsim/extscache/omni.kit.test-2.0.1+69cbf6ad.lx64.r.cp311/omni/kit/test/async_unittest.py", line 25, in <module>
    from .reporter import TestReporter
  File "/home/kisuk/miniforge3/envs/lerobot-arena/lib/python3.11/site-packages/isaacsim/extscache/omni.kit.test-2.0.1+69cbf6ad.lx64.r.cp311/omni/kit/test/reporter.py", line 27, in <module>
    from .test_coverage import generate_coverage_report
  File "/home/kisuk/miniforge3/envs/lerobot-arena/lib/python3.11/site-packages/isaacsim/extscache/omni.kit.test-2.0.1+69cbf6ad.lx64.r.cp311/omni/kit/test/test_coverage.py", line 10, in <module>
    import coverage
  File "/home/kisuk/miniforge3/envs/lerobot-arena/lib/python3.11/site-packages/coverage/__init__.py", line 24, in <module>
    from coverage.control import (
  File "/home/kisuk/miniforge3/envs/lerobot-arena/lib/python3.11/site-packages/coverage/control.py", line 28, in <module>
    from coverage.collector import Collector, HAS_CTRACER
  File "/home/kisuk/miniforge3/envs/lerobot-arena/lib/python3.11/site-packages/coverage/collector.py", line 19, in <module>
    from coverage.data import CoverageData
  File "/home/kisuk/miniforge3/envs/lerobot-arena/lib/python3.11/site-packages/coverage/data.py", line 24, in <module>
    from coverage.sqldata import CoverageData
  File "/home/kisuk/miniforge3/envs/lerobot-arena/lib/python3.11/site-packages/coverage/sqldata.py", line 16, in <module>
    import sqlite3
  File "/home/kisuk/miniforge3/envs/lerobot-arena/lib/python3.11/sqlite3/__init__.py", line 57, in <module>
    from sqlite3.dbapi2 import *
  File "/home/kisuk/miniforge3/envs/lerobot-arena/lib/python3.11/sqlite3/dbapi2.py", line 27, in <module>
    from _sqlite3 import *
ImportError: /lib/x86_64-linux-gnu/libstdc++.so.6: version `CXXABI_1.3.15' not found (required by /home/kisuk/miniforge3/envs/lerobot-arena/lib/python3.11/lib-dynload/../.././libicui18n.so.78)

2026-10-05T15:34:49Z [7,489ms] [Error] [omni.graph.tools._impl.internal.extension_contents_1_18] Exception while importing test omni.replicator.core.ogn.tests.TestOgnAugCanny: Traceback (most recent call last):
  File "/home/kisuk/miniforge3/envs/lerobot-arena/lib/python3.11/site-packages/isaacsim/extscache/omni.graph.tools-1.79.2+69cbf6ad/omni/graph/tools/_impl/internal/extension_contents_1_18.py", line 394, in do_import_test_definition
    test_module = load_module_from_file(test_module_name, test_file)
                  ^^^^^^^^^^^^^^^^^^^^^^^^^^^^^^^^^^^^^^^^^^^^^^^^^^
  File "/home/kisuk/miniforge3/envs/lerobot-arena/lib/python3.11/site-packages/isaacsim/extscache/omni.graph.tools-1.79.2+69cbf6ad/omni/graph/tools/_impl/internal/file_utils.py", line 239, in load_module_from_file
    spec.loader.exec_module(module)
  File "<frozen importlib._bootstrap_external>", line 940, in exec_module
  File "<frozen importlib._bootstrap>", line 241, in _call_with_frames_removed
  File "/home/kisuk/miniforge3/envs/lerobot-arena/lib/python3.11/site-packages/isaacsim/extscache/omni.replicator.core-1.12.27+107.3.3.lx64.r.cp311/omni/replicator/core/ogn/tests/TestOgnAugCanny.py", line 2, in <module>
    import omni.kit.test
  File "/home/kisuk/miniforge3/envs/lerobot-arena/lib/python3.11/site-packages/isaacsim/extscache/omni.kit.test-2.0.1+69cbf6ad.lx64.r.cp311/omni/kit/test/__init__.py", line 7, in <module>
    from . import unittests
  File "/home/kisuk/miniforge3/envs/lerobot-arena/lib/python3.11/site-packages/isaacsim/extscache/omni.kit.test-2.0.1+69cbf6ad.lx64.r.cp311/omni/kit/test/unittests.py", line 21, in <module>
    from .async_unittest import AsyncTestSuite, AsyncTextTestRunner, OmniTestResult, AsyncTestCase
  File "/home/kisuk/miniforge3/envs/lerobot-arena/lib/python3.11/site-packages/isaacsim/extscache/omni.kit.test-2.0.1+69cbf6ad.lx64.r.cp311/omni/kit/test/async_unittest.py", line 25, in <module>
    from .reporter import TestReporter
  File "/home/kisuk/miniforge3/envs/lerobot-arena/lib/python3.11/site-packages/isaacsim/extscache/omni.kit.test-2.0.1+69cbf6ad.lx64.r.cp311/omni/kit/test/reporter.py", line 27, in <module>
    from .test_coverage import generate_coverage_report
  File "/home/kisuk/miniforge3/envs/lerobot-arena/lib/python3.11/site-packages/isaacsim/extscache/omni.kit.test-2.0.1+69cbf6ad.lx64.r.cp311/omni/kit/test/test_coverage.py", line 10, in <module>
    import coverage
  File "/home/kisuk/miniforge3/envs/lerobot-arena/lib/python3.11/site-packages/coverage/__init__.py", line 24, in <module>
    from coverage.control import (
  File "/home/kisuk/miniforge3/envs/lerobot-arena/lib/python3.11/site-packages/coverage/control.py", line 28, in <module>
    from coverage.collector import Collector, HAS_CTRACER
  File "/home/kisuk/miniforge3/envs/lerobot-arena/lib/python3.11/site-packages/coverage/collector.py", line 19, in <module>
    from coverage.data import CoverageData
  File "/home/kisuk/miniforge3/envs/lerobot-arena/lib/python3.11/site-packages/coverage/data.py", line 24, in <module>
    from coverage.sqldata import CoverageData
  File "/home/kisuk/miniforge3/envs/lerobot-arena/lib/python3.11/site-packages/coverage/sqldata.py", line 16, in <module>
    import sqlite3
  File "/home/kisuk/miniforge3/envs/lerobot-arena/lib/python3.11/sqlite3/__init__.py", line 57, in <module>
    from sqlite3.dbapi2 import *
  File "/home/kisuk/miniforge3/envs/lerobot-arena/lib/python3.11/sqlite3/dbapi2.py", line 27, in <module>
    from _sqlite3 import *
ImportError: /lib/x86_64-linux-gnu/libstdc++.so.6: version `CXXABI_1.3.15' not found (required by /home/kisuk/miniforge3/envs/lerobot-arena/lib/python3.11/lib-dynload/../.././libicui18n.so.78)

2026-10-05T15:34:49Z [7,499ms] [Error] [omni.graph.tools._impl.internal.extension_contents_1_18] Exception while importing test omni.replicator.core.ogn.tests.TestOgnGroup: Traceback (most recent call last):
  File "/home/kisuk/miniforge3/envs/lerobot-arena/lib/python3.11/site-packages/isaacsim/extscache/omni.graph.tools-1.79.2+69cbf6ad/omni/graph/tools/_impl/internal/extension_contents_1_18.py", line 394, in do_import_test_definition
    test_module = load_module_from_file(test_module_name, test_file)
                  ^^^^^^^^^^^^^^^^^^^^^^^^^^^^^^^^^^^^^^^^^^^^^^^^^^
  File "/home/kisuk/miniforge3/envs/lerobot-arena/lib/python3.11/site-packages/isaacsim/extscache/omni.graph.tools-1.79.2+69cbf6ad/omni/graph/tools/_impl/internal/file_utils.py", line 239, in load_module_from_file
    spec.loader.exec_module(module)
  File "<frozen importlib._bootstrap_external>", line 940, in exec_module
  File "<frozen importlib._bootstrap>", line 241, in _call_with_frames_removed
  File "/home/kisuk/miniforge3/envs/lerobot-arena/lib/python3.11/site-packages/isaacsim/extscache/omni.replicator.core-1.12.27+107.3.3.lx64.r.cp311/omni/replicator/core/ogn/tests/TestOgnGroup.py", line 2, in <module>
    import omni.kit.test
  File "/home/kisuk/miniforge3/envs/lerobot-arena/lib/python3.11/site-packages/isaacsim/extscache/omni.kit.test-2.0.1+69cbf6ad.lx64.r.cp311/omni/kit/test/__init__.py", line 7, in <module>
    from . import unittests
  File "/home/kisuk/miniforge3/envs/lerobot-arena/lib/python3.11/site-packages/isaacsim/extscache/omni.kit.test-2.0.1+69cbf6ad.lx64.r.cp311/omni/kit/test/unittests.py", line 21, in <module>
    from .async_unittest import AsyncTestSuite, AsyncTextTestRunner, OmniTestResult, AsyncTestCase
  File "/home/kisuk/miniforge3/envs/lerobot-arena/lib/python3.11/site-packages/isaacsim/extscache/omni.kit.test-2.0.1+69cbf6ad.lx64.r.cp311/omni/kit/test/async_unittest.py", line 25, in <module>
    from .reporter import TestReporter
  File "/home/kisuk/miniforge3/envs/lerobot-arena/lib/python3.11/site-packages/isaacsim/extscache/omni.kit.test-2.0.1+69cbf6ad.lx64.r.cp311/omni/kit/test/reporter.py", line 27, in <module>
    from .test_coverage import generate_coverage_report
  File "/home/kisuk/miniforge3/envs/lerobot-arena/lib/python3.11/site-packages/isaacsim/extscache/omni.kit.test-2.0.1+69cbf6ad.lx64.r.cp311/omni/kit/test/test_coverage.py", line 10, in <module>
    import coverage
  File "/home/kisuk/miniforge3/envs/lerobot-arena/lib/python3.11/site-packages/coverage/__init__.py", line 24, in <module>
    from coverage.control import (
  File "/home/kisuk/miniforge3/envs/lerobot-arena/lib/python3.11/site-packages/coverage/control.py", line 28, in <module>
    from coverage.collector import Collector, HAS_CTRACER
  File "/home/kisuk/miniforge3/envs/lerobot-arena/lib/python3.11/site-packages/coverage/collector.py", line 19, in <module>
    from coverage.data import CoverageData
  File "/home/kisuk/miniforge3/envs/lerobot-arena/lib/python3.11/site-packages/coverage/data.py", line 24, in <module>
    from coverage.sqldata import CoverageData
  File "/home/kisuk/miniforge3/envs/lerobot-arena/lib/python3.11/site-packages/coverage/sqldata.py", line 16, in <module>
    import sqlite3
  File "/home/kisuk/miniforge3/envs/lerobot-arena/lib/python3.11/sqlite3/__init__.py", line 57, in <module>
    from sqlite3.dbapi2 import *
  File "/home/kisuk/miniforge3/envs/lerobot-arena/lib/python3.11/sqlite3/dbapi2.py", line 27, in <module>
    from _sqlite3 import *
ImportError: /lib/x86_64-linux-gnu/libstdc++.so.6: version `CXXABI_1.3.15' not found (required by /home/kisuk/miniforge3/envs/lerobot-arena/lib/python3.11/lib-dynload/../.././libicui18n.so.78)

2026-10-05T15:34:49Z [7,516ms] [Error] [omni.graph.tools._impl.internal.extension_contents_1_18] Exception while importing test omni.replicator.core.ogn.tests.TestOgnSampleChoice: Traceback (most recent call last):
  File "/home/kisuk/miniforge3/envs/lerobot-arena/lib/python3.11/site-packages/isaacsim/extscache/omni.graph.tools-1.79.2+69cbf6ad/omni/graph/tools/_impl/internal/extension_contents_1_18.py", line 394, in do_import_test_definition
    test_module = load_module_from_file(test_module_name, test_file)
                  ^^^^^^^^^^^^^^^^^^^^^^^^^^^^^^^^^^^^^^^^^^^^^^^^^^
  File "/home/kisuk/miniforge3/envs/lerobot-arena/lib/python3.11/site-packages/isaacsim/extscache/omni.graph.tools-1.79.2+69cbf6ad/omni/graph/tools/_impl/internal/file_utils.py", line 239, in load_module_from_file
    spec.loader.exec_module(module)
  File "<frozen importlib._bootstrap_external>", line 940, in exec_module
  File "<frozen importlib._bootstrap>", line 241, in _call_with_frames_removed
  File "/home/kisuk/miniforge3/envs/lerobot-arena/lib/python3.11/site-packages/isaacsim/extscache/omni.replicator.core-1.12.27+107.3.3.lx64.r.cp311/omni/replicator/core/ogn/tests/TestOgnSampleChoice.py", line 2, in <module>
    import omni.kit.test
  File "/home/kisuk/miniforge3/envs/lerobot-arena/lib/python3.11/site-packages/isaacsim/extscache/omni.kit.test-2.0.1+69cbf6ad.lx64.r.cp311/omni/kit/test/__init__.py", line 7, in <module>
    from . import unittests
  File "/home/kisuk/miniforge3/envs/lerobot-arena/lib/python3.11/site-packages/isaacsim/extscache/omni.kit.test-2.0.1+69cbf6ad.lx64.r.cp311/omni/kit/test/unittests.py", line 21, in <module>
    from .async_unittest import AsyncTestSuite, AsyncTextTestRunner, OmniTestResult, AsyncTestCase
  File "/home/kisuk/miniforge3/envs/lerobot-arena/lib/python3.11/site-packages/isaacsim/extscache/omni.kit.test-2.0.1+69cbf6ad.lx64.r.cp311/omni/kit/test/async_unittest.py", line 25, in <module>
    from .reporter import TestReporter
  File "/home/kisuk/miniforge3/envs/lerobot-arena/lib/python3.11/site-packages/isaacsim/extscache/omni.kit.test-2.0.1+69cbf6ad.lx64.r.cp311/omni/kit/test/reporter.py", line 27, in <module>
    from .test_coverage import generate_coverage_report
  File "/home/kisuk/miniforge3/envs/lerobot-arena/lib/python3.11/site-packages/isaacsim/extscache/omni.kit.test-2.0.1+69cbf6ad.lx64.r.cp311/omni/kit/test/test_coverage.py", line 10, in <module>
    import coverage
  File "/home/kisuk/miniforge3/envs/lerobot-arena/lib/python3.11/site-packages/coverage/__init__.py", line 24, in <module>
    from coverage.control import (
  File "/home/kisuk/miniforge3/envs/lerobot-arena/lib/python3.11/site-packages/coverage/control.py", line 28, in <module>
    from coverage.collector import Collector, HAS_CTRACER
  File "/home/kisuk/miniforge3/envs/lerobot-arena/lib/python3.11/site-packages/coverage/collector.py", line 19, in <module>
    from coverage.data import CoverageData
  File "/home/kisuk/miniforge3/envs/lerobot-arena/lib/python3.11/site-packages/coverage/data.py", line 24, in <module>
    from coverage.sqldata import CoverageData
  File "/home/kisuk/miniforge3/envs/lerobot-arena/lib/python3.11/site-packages/coverage/sqldata.py", line 16, in <module>
    import sqlite3
  File "/home/kisuk/miniforge3/envs/lerobot-arena/lib/python3.11/sqlite3/__init__.py", line 57, in <module>
    from sqlite3.dbapi2 import *
  File "/home/kisuk/miniforge3/envs/lerobot-arena/lib/python3.11/sqlite3/dbapi2.py", line 27, in <module>
    from _sqlite3 import *
ImportError: /lib/x86_64-linux-gnu/libstdc++.so.6: version `CXXABI_1.3.15' not found (required by /home/kisuk/miniforge3/envs/lerobot-arena/lib/python3.11/lib-dynload/../.././libicui18n.so.78)

2026-10-05T15:34:49Z [7,535ms] [Error] [omni.graph.tools._impl.internal.extension_contents_1_18] Exception while importing test omni.replicator.core.ogn.tests.TestOgnOnFrame: Traceback (most recent call last):
  File "/home/kisuk/miniforge3/envs/lerobot-arena/lib/python3.11/site-packages/isaacsim/extscache/omni.graph.tools-1.79.2+69cbf6ad/omni/graph/tools/_impl/internal/extension_contents_1_18.py", line 394, in do_import_test_definition
    test_module = load_module_from_file(test_module_name, test_file)
                  ^^^^^^^^^^^^^^^^^^^^^^^^^^^^^^^^^^^^^^^^^^^^^^^^^^
  File "/home/kisuk/miniforge3/envs/lerobot-arena/lib/python3.11/site-packages/isaacsim/extscache/omni.graph.tools-1.79.2+69cbf6ad/omni/graph/tools/_impl/internal/file_utils.py", line 239, in load_module_from_file
    spec.loader.exec_module(module)
  File "<frozen importlib._bootstrap_external>", line 940, in exec_module
  File "<frozen importlib._bootstrap>", line 241, in _call_with_frames_removed
  File "/home/kisuk/miniforge3/envs/lerobot-arena/lib/python3.11/site-packages/isaacsim/extscache/omni.replicator.core-1.12.27+107.3.3.lx64.r.cp311/omni/replicator/core/ogn/tests/TestOgnOnFrame.py", line 2, in <module>
    import omni.kit.test
  File "/home/kisuk/miniforge3/envs/lerobot-arena/lib/python3.11/site-packages/isaacsim/extscache/omni.kit.test-2.0.1+69cbf6ad.lx64.r.cp311/omni/kit/test/__init__.py", line 7, in <module>
    from . import unittests
  File "/home/kisuk/miniforge3/envs/lerobot-arena/lib/python3.11/site-packages/isaacsim/extscache/omni.kit.test-2.0.1+69cbf6ad.lx64.r.cp311/omni/kit/test/unittests.py", line 21, in <module>
    from .async_unittest import AsyncTestSuite, AsyncTextTestRunner, OmniTestResult, AsyncTestCase
  File "/home/kisuk/miniforge3/envs/lerobot-arena/lib/python3.11/site-packages/isaacsim/extscache/omni.kit.test-2.0.1+69cbf6ad.lx64.r.cp311/omni/kit/test/async_unittest.py", line 25, in <module>
    from .reporter import TestReporter
  File "/home/kisuk/miniforge3/envs/lerobot-arena/lib/python3.11/site-packages/isaacsim/extscache/omni.kit.test-2.0.1+69cbf6ad.lx64.r.cp311/omni/kit/test/reporter.py", line 27, in <module>
    from .test_coverage import generate_coverage_report
  File "/home/kisuk/miniforge3/envs/lerobot-arena/lib/python3.11/site-packages/isaacsim/extscache/omni.kit.test-2.0.1+69cbf6ad.lx64.r.cp311/omni/kit/test/test_coverage.py", line 10, in <module>
    import coverage
  File "/home/kisuk/miniforge3/envs/lerobot-arena/lib/python3.11/site-packages/coverage/__init__.py", line 24, in <module>
    from coverage.control import (
  File "/home/kisuk/miniforge3/envs/lerobot-arena/lib/python3.11/site-packages/coverage/control.py", line 28, in <module>
    from coverage.collector import Collector, HAS_CTRACER
  File "/home/kisuk/miniforge3/envs/lerobot-arena/lib/python3.11/site-packages/coverage/collector.py", line 19, in <module>
    from coverage.data import CoverageData
  File "/home/kisuk/miniforge3/envs/lerobot-arena/lib/python3.11/site-packages/coverage/data.py", line 24, in <module>
    from coverage.sqldata import CoverageData
  File "/home/kisuk/miniforge3/envs/lerobot-arena/lib/python3.11/site-packages/coverage/sqldata.py", line 16, in <module>
    import sqlite3
  File "/home/kisuk/miniforge3/envs/lerobot-arena/lib/python3.11/sqlite3/__init__.py", line 57, in <module>
    from sqlite3.dbapi2 import *
  File "/home/kisuk/miniforge3/envs/lerobot-arena/lib/python3.11/sqlite3/dbapi2.py", line 27, in <module>
    from _sqlite3 import *
ImportError: /lib/x86_64-linux-gnu/libstdc++.so.6: version `CXXABI_1.3.15' not found (required by /home/kisuk/miniforge3/envs/lerobot-arena/lib/python3.11/lib-dynload/../.././libicui18n.so.78)

2026-10-05T15:34:49Z [7,541ms] [Error] [omni.graph.tools._impl.internal.extension_contents_1_18] Exception while importing test omni.replicator.core.ogn.tests.TestOgnWritePrimAttribute: Traceback (most recent call last):
  File "/home/kisuk/miniforge3/envs/lerobot-arena/lib/python3.11/site-packages/isaacsim/extscache/omni.graph.tools-1.79.2+69cbf6ad/omni/graph/tools/_impl/internal/extension_contents_1_18.py", line 394, in do_import_test_definition
    test_module = load_module_from_file(test_module_name, test_file)
                  ^^^^^^^^^^^^^^^^^^^^^^^^^^^^^^^^^^^^^^^^^^^^^^^^^^
  File "/home/kisuk/miniforge3/envs/lerobot-arena/lib/python3.11/site-packages/isaacsim/extscache/omni.graph.tools-1.79.2+69cbf6ad/omni/graph/tools/_impl/internal/file_utils.py", line 239, in load_module_from_file
    spec.loader.exec_module(module)
  File "<frozen importlib._bootstrap_external>", line 940, in exec_module
  File "<frozen importlib._bootstrap>", line 241, in _call_with_frames_removed
  File "/home/kisuk/miniforge3/envs/lerobot-arena/lib/python3.11/site-packages/isaacsim/extscache/omni.replicator.core-1.12.27+107.3.3.lx64.r.cp311/omni/replicator/core/ogn/tests/TestOgnWritePrimAttribute.py", line 2, in <module>
    import omni.kit.test
  File "/home/kisuk/miniforge3/envs/lerobot-arena/lib/python3.11/site-packages/isaacsim/extscache/omni.kit.test-2.0.1+69cbf6ad.lx64.r.cp311/omni/kit/test/__init__.py", line 7, in <module>
    from . import unittests
  File "/home/kisuk/miniforge3/envs/lerobot-arena/lib/python3.11/site-packages/isaacsim/extscache/omni.kit.test-2.0.1+69cbf6ad.lx64.r.cp311/omni/kit/test/unittests.py", line 21, in <module>
    from .async_unittest import AsyncTestSuite, AsyncTextTestRunner, OmniTestResult, AsyncTestCase
  File "/home/kisuk/miniforge3/envs/lerobot-arena/lib/python3.11/site-packages/isaacsim/extscache/omni.kit.test-2.0.1+69cbf6ad.lx64.r.cp311/omni/kit/test/async_unittest.py", line 25, in <module>
    from .reporter import TestReporter
  File "/home/kisuk/miniforge3/envs/lerobot-arena/lib/python3.11/site-packages/isaacsim/extscache/omni.kit.test-2.0.1+69cbf6ad.lx64.r.cp311/omni/kit/test/reporter.py", line 27, in <module>
    from .test_coverage import generate_coverage_report
  File "/home/kisuk/miniforge3/envs/lerobot-arena/lib/python3.11/site-packages/isaacsim/extscache/omni.kit.test-2.0.1+69cbf6ad.lx64.r.cp311/omni/kit/test/test_coverage.py", line 10, in <module>
    import coverage
  File "/home/kisuk/miniforge3/envs/lerobot-arena/lib/python3.11/site-packages/coverage/__init__.py", line 24, in <module>
    from coverage.control import (
  File "/home/kisuk/miniforge3/envs/lerobot-arena/lib/python3.11/site-packages/coverage/control.py", line 28, in <module>
    from coverage.collector import Collector, HAS_CTRACER
  File "/home/kisuk/miniforge3/envs/lerobot-arena/lib/python3.11/site-packages/coverage/collector.py", line 19, in <module>
    from coverage.data import CoverageData
  File "/home/kisuk/miniforge3/envs/lerobot-arena/lib/python3.11/site-packages/coverage/data.py", line 24, in <module>
    from coverage.sqldata import CoverageData
  File "/home/kisuk/miniforge3/envs/lerobot-arena/lib/python3.11/site-packages/coverage/sqldata.py", line 16, in <module>
    import sqlite3
  File "/home/kisuk/miniforge3/envs/lerobot-arena/lib/python3.11/sqlite3/__init__.py", line 57, in <module>
    from sqlite3.dbapi2 import *
  File "/home/kisuk/miniforge3/envs/lerobot-arena/lib/python3.11/sqlite3/dbapi2.py", line 27, in <module>
    from _sqlite3 import *
ImportError: /lib/x86_64-linux-gnu/libstdc++.so.6: version `CXXABI_1.3.15' not found (required by /home/kisuk/miniforge3/envs/lerobot-arena/lib/python3.11/lib-dynload/../.././libicui18n.so.78)

2026-10-05T15:34:49Z [7,550ms] [Error] [omni.graph.tools._impl.internal.extension_contents_1_18] Exception while importing test omni.replicator.core.ogn.tests.TestOgnSampleLight: Traceback (most recent call last):
  File "/home/kisuk/miniforge3/envs/lerobot-arena/lib/python3.11/site-packages/isaacsim/extscache/omni.graph.tools-1.79.2+69cbf6ad/omni/graph/tools/_impl/internal/extension_contents_1_18.py", line 394, in do_import_test_definition
    test_module = load_module_from_file(test_module_name, test_file)
                  ^^^^^^^^^^^^^^^^^^^^^^^^^^^^^^^^^^^^^^^^^^^^^^^^^^
  File "/home/kisuk/miniforge3/envs/lerobot-arena/lib/python3.11/site-packages/isaacsim/extscache/omni.graph.tools-1.79.2+69cbf6ad/omni/graph/tools/_impl/internal/file_utils.py", line 239, in load_module_from_file
    spec.loader.exec_module(module)
  File "<frozen importlib._bootstrap_external>", line 940, in exec_module
  File "<frozen importlib._bootstrap>", line 241, in _call_with_frames_removed
  File "/home/kisuk/miniforge3/envs/lerobot-arena/lib/python3.11/site-packages/isaacsim/extscache/omni.replicator.core-1.12.27+107.3.3.lx64.r.cp311/omni/replicator/core/ogn/tests/TestOgnSampleLight.py", line 2, in <module>
    import omni.kit.test
  File "/home/kisuk/miniforge3/envs/lerobot-arena/lib/python3.11/site-packages/isaacsim/extscache/omni.kit.test-2.0.1+69cbf6ad.lx64.r.cp311/omni/kit/test/__init__.py", line 7, in <module>
    from . import unittests
  File "/home/kisuk/miniforge3/envs/lerobot-arena/lib/python3.11/site-packages/isaacsim/extscache/omni.kit.test-2.0.1+69cbf6ad.lx64.r.cp311/omni/kit/test/unittests.py", line 21, in <module>
    from .async_unittest import AsyncTestSuite, AsyncTextTestRunner, OmniTestResult, AsyncTestCase
  File "/home/kisuk/miniforge3/envs/lerobot-arena/lib/python3.11/site-packages/isaacsim/extscache/omni.kit.test-2.0.1+69cbf6ad.lx64.r.cp311/omni/kit/test/async_unittest.py", line 25, in <module>
    from .reporter import TestReporter
  File "/home/kisuk/miniforge3/envs/lerobot-arena/lib/python3.11/site-packages/isaacsim/extscache/omni.kit.test-2.0.1+69cbf6ad.lx64.r.cp311/omni/kit/test/reporter.py", line 27, in <module>
    from .test_coverage import generate_coverage_report
  File "/home/kisuk/miniforge3/envs/lerobot-arena/lib/python3.11/site-packages/isaacsim/extscache/omni.kit.test-2.0.1+69cbf6ad.lx64.r.cp311/omni/kit/test/test_coverage.py", line 10, in <module>
    import coverage
  File "/home/kisuk/miniforge3/envs/lerobot-arena/lib/python3.11/site-packages/coverage/__init__.py", line 24, in <module>
    from coverage.control import (
  File "/home/kisuk/miniforge3/envs/lerobot-arena/lib/python3.11/site-packages/coverage/control.py", line 28, in <module>
    from coverage.collector import Collector, HAS_CTRACER
  File "/home/kisuk/miniforge3/envs/lerobot-arena/lib/python3.11/site-packages/coverage/collector.py", line 19, in <module>
    from coverage.data import CoverageData
  File "/home/kisuk/miniforge3/envs/lerobot-arena/lib/python3.11/site-packages/coverage/data.py", line 24, in <module>
    from coverage.sqldata import CoverageData
  File "/home/kisuk/miniforge3/envs/lerobot-arena/lib/python3.11/site-packages/coverage/sqldata.py", line 16, in <module>
    import sqlite3
  File "/home/kisuk/miniforge3/envs/lerobot-arena/lib/python3.11/sqlite3/__init__.py", line 57, in <module>
    from sqlite3.dbapi2 import *
  File "/home/kisuk/miniforge3/envs/lerobot-arena/lib/python3.11/sqlite3/dbapi2.py", line 27, in <module>
    from _sqlite3 import *
ImportError: /lib/x86_64-linux-gnu/libstdc++.so.6: version `CXXABI_1.3.15' not found (required by /home/kisuk/miniforge3/envs/lerobot-arena/lib/python3.11/lib-dynload/../.././libicui18n.so.78)

2026-10-05T15:34:49Z [7,555ms] [Error] [omni.graph.tools._impl.internal.extension_contents_1_18] Exception while importing test omni.replicator.core.ogn.tests.TestOgnPerAxisPose: Traceback (most recent call last):
  File "/home/kisuk/miniforge3/envs/lerobot-arena/lib/python3.11/site-packages/isaacsim/extscache/omni.graph.tools-1.79.2+69cbf6ad/omni/graph/tools/_impl/internal/extension_contents_1_18.py", line 394, in do_import_test_definition
    test_module = load_module_from_file(test_module_name, test_file)
                  ^^^^^^^^^^^^^^^^^^^^^^^^^^^^^^^^^^^^^^^^^^^^^^^^^^
  File "/home/kisuk/miniforge3/envs/lerobot-arena/lib/python3.11/site-packages/isaacsim/extscache/omni.graph.tools-1.79.2+69cbf6ad/omni/graph/tools/_impl/internal/file_utils.py", line 239, in load_module_from_file
    spec.loader.exec_module(module)
  File "<frozen importlib._bootstrap_external>", line 940, in exec_module
  File "<frozen importlib._bootstrap>", line 241, in _call_with_frames_removed
  File "/home/kisuk/miniforge3/envs/lerobot-arena/lib/python3.11/site-packages/isaacsim/extscache/omni.replicator.core-1.12.27+107.3.3.lx64.r.cp311/omni/replicator/core/ogn/tests/TestOgnPerAxisPose.py", line 2, in <module>
    import omni.kit.test
  File "/home/kisuk/miniforge3/envs/lerobot-arena/lib/python3.11/site-packages/isaacsim/extscache/omni.kit.test-2.0.1+69cbf6ad.lx64.r.cp311/omni/kit/test/__init__.py", line 7, in <module>
    from . import unittests
  File "/home/kisuk/miniforge3/envs/lerobot-arena/lib/python3.11/site-packages/isaacsim/extscache/omni.kit.test-2.0.1+69cbf6ad.lx64.r.cp311/omni/kit/test/unittests.py", line 21, in <module>
    from .async_unittest import AsyncTestSuite, AsyncTextTestRunner, OmniTestResult, AsyncTestCase
  File "/home/kisuk/miniforge3/envs/lerobot-arena/lib/python3.11/site-packages/isaacsim/extscache/omni.kit.test-2.0.1+69cbf6ad.lx64.r.cp311/omni/kit/test/async_unittest.py", line 25, in <module>
    from .reporter import TestReporter
  File "/home/kisuk/miniforge3/envs/lerobot-arena/lib/python3.11/site-packages/isaacsim/extscache/omni.kit.test-2.0.1+69cbf6ad.lx64.r.cp311/omni/kit/test/reporter.py", line 27, in <module>
    from .test_coverage import generate_coverage_report
  File "/home/kisuk/miniforge3/envs/lerobot-arena/lib/python3.11/site-packages/isaacsim/extscache/omni.kit.test-2.0.1+69cbf6ad.lx64.r.cp311/omni/kit/test/test_coverage.py", line 10, in <module>
    import coverage
  File "/home/kisuk/miniforge3/envs/lerobot-arena/lib/python3.11/site-packages/coverage/__init__.py", line 24, in <module>
    from coverage.control import (
  File "/home/kisuk/miniforge3/envs/lerobot-arena/lib/python3.11/site-packages/coverage/control.py", line 28, in <module>
    from coverage.collector import Collector, HAS_CTRACER
  File "/home/kisuk/miniforge3/envs/lerobot-arena/lib/python3.11/site-packages/coverage/collector.py", line 19, in <module>
    from coverage.data import CoverageData
  File "/home/kisuk/miniforge3/envs/lerobot-arena/lib/python3.11/site-packages/coverage/data.py", line 24, in <module>
    from coverage.sqldata import CoverageData
  File "/home/kisuk/miniforge3/envs/lerobot-arena/lib/python3.11/site-packages/coverage/sqldata.py", line 16, in <module>
    import sqlite3
  File "/home/kisuk/miniforge3/envs/lerobot-arena/lib/python3.11/sqlite3/__init__.py", line 57, in <module>
    from sqlite3.dbapi2 import *
  File "/home/kisuk/miniforge3/envs/lerobot-arena/lib/python3.11/sqlite3/dbapi2.py", line 27, in <module>
    from _sqlite3 import *
ImportError: /lib/x86_64-linux-gnu/libstdc++.so.6: version `CXXABI_1.3.15' not found (required by /home/kisuk/miniforge3/envs/lerobot-arena/lib/python3.11/lib-dynload/../.././libicui18n.so.78)

2026-10-05T15:34:49Z [7,570ms] [Error] [omni.graph.tools._impl.internal.extension_contents_1_18] Exception while importing test omni.replicator.core.ogn.tests.TestOgnOnTime: Traceback (most recent call last):
  File "/home/kisuk/miniforge3/envs/lerobot-arena/lib/python3.11/site-packages/isaacsim/extscache/omni.graph.tools-1.79.2+69cbf6ad/omni/graph/tools/_impl/internal/extension_contents_1_18.py", line 394, in do_import_test_definition
    test_module = load_module_from_file(test_module_name, test_file)
                  ^^^^^^^^^^^^^^^^^^^^^^^^^^^^^^^^^^^^^^^^^^^^^^^^^^
  File "/home/kisuk/miniforge3/envs/lerobot-arena/lib/python3.11/site-packages/isaacsim/extscache/omni.graph.tools-1.79.2+69cbf6ad/omni/graph/tools/_impl/internal/file_utils.py", line 239, in load_module_from_file
    spec.loader.exec_module(module)
  File "<frozen importlib._bootstrap_external>", line 940, in exec_module
  File "<frozen importlib._bootstrap>", line 241, in _call_with_frames_removed
  File "/home/kisuk/miniforge3/envs/lerobot-arena/lib/python3.11/site-packages/isaacsim/extscache/omni.replicator.core-1.12.27+107.3.3.lx64.r.cp311/omni/replicator/core/ogn/tests/TestOgnOnTime.py", line 2, in <module>
    import omni.kit.test
  File "/home/kisuk/miniforge3/envs/lerobot-arena/lib/python3.11/site-packages/isaacsim/extscache/omni.kit.test-2.0.1+69cbf6ad.lx64.r.cp311/omni/kit/test/__init__.py", line 7, in <module>
    from . import unittests
  File "/home/kisuk/miniforge3/envs/lerobot-arena/lib/python3.11/site-packages/isaacsim/extscache/omni.kit.test-2.0.1+69cbf6ad.lx64.r.cp311/omni/kit/test/unittests.py", line 21, in <module>
    from .async_unittest import AsyncTestSuite, AsyncTextTestRunner, OmniTestResult, AsyncTestCase
  File "/home/kisuk/miniforge3/envs/lerobot-arena/lib/python3.11/site-packages/isaacsim/extscache/omni.kit.test-2.0.1+69cbf6ad.lx64.r.cp311/omni/kit/test/async_unittest.py", line 25, in <module>
    from .reporter import TestReporter
  File "/home/kisuk/miniforge3/envs/lerobot-arena/lib/python3.11/site-packages/isaacsim/extscache/omni.kit.test-2.0.1+69cbf6ad.lx64.r.cp311/omni/kit/test/reporter.py", line 27, in <module>
    from .test_coverage import generate_coverage_report
  File "/home/kisuk/miniforge3/envs/lerobot-arena/lib/python3.11/site-packages/isaacsim/extscache/omni.kit.test-2.0.1+69cbf6ad.lx64.r.cp311/omni/kit/test/test_coverage.py", line 10, in <module>
    import coverage
  File "/home/kisuk/miniforge3/envs/lerobot-arena/lib/python3.11/site-packages/coverage/__init__.py", line 24, in <module>
    from coverage.control import (
  File "/home/kisuk/miniforge3/envs/lerobot-arena/lib/python3.11/site-packages/coverage/control.py", line 28, in <module>
    from coverage.collector import Collector, HAS_CTRACER
  File "/home/kisuk/miniforge3/envs/lerobot-arena/lib/python3.11/site-packages/coverage/collector.py", line 19, in <module>
    from coverage.data import CoverageData
  File "/home/kisuk/miniforge3/envs/lerobot-arena/lib/python3.11/site-packages/coverage/data.py", line 24, in <module>
    from coverage.sqldata import CoverageData
  File "/home/kisuk/miniforge3/envs/lerobot-arena/lib/python3.11/site-packages/coverage/sqldata.py", line 16, in <module>
    import sqlite3
  File "/home/kisuk/miniforge3/envs/lerobot-arena/lib/python3.11/sqlite3/__init__.py", line 57, in <module>
    from sqlite3.dbapi2 import *
  File "/home/kisuk/miniforge3/envs/lerobot-arena/lib/python3.11/sqlite3/dbapi2.py", line 27, in <module>
    from _sqlite3 import *
ImportError: /lib/x86_64-linux-gnu/libstdc++.so.6: version `CXXABI_1.3.15' not found (required by /home/kisuk/miniforge3/envs/lerobot-arena/lib/python3.11/lib-dynload/../.././libicui18n.so.78)

2026-10-05T15:34:49Z [7,656ms] [Error] [omni.graph.tools._impl.internal.extension_contents_1_18] Exception while importing test omni.replicator.core.ogn.tests.TestOgnArray: Traceback (most recent call last):
  File "/home/kisuk/miniforge3/envs/lerobot-arena/lib/python3.11/site-packages/isaacsim/extscache/omni.graph.tools-1.79.2+69cbf6ad/omni/graph/tools/_impl/internal/extension_contents_1_18.py", line 394, in do_import_test_definition
    test_module = load_module_from_file(test_module_name, test_file)
                  ^^^^^^^^^^^^^^^^^^^^^^^^^^^^^^^^^^^^^^^^^^^^^^^^^^
  File "/home/kisuk/miniforge3/envs/lerobot-arena/lib/python3.11/site-packages/isaacsim/extscache/omni.graph.tools-1.79.2+69cbf6ad/omni/graph/tools/_impl/internal/file_utils.py", line 239, in load_module_from_file
    spec.loader.exec_module(module)
  File "<frozen importlib._bootstrap_external>", line 940, in exec_module
  File "<frozen importlib._bootstrap>", line 241, in _call_with_frames_removed
  File "/home/kisuk/miniforge3/envs/lerobot-arena/lib/python3.11/site-packages/isaacsim/extscache/omni.replicator.core-1.12.27+107.3.3.lx64.r.cp311/omni/replicator/core/ogn/tests/TestOgnArray.py", line 2, in <module>
    import omni.kit.test
  File "/home/kisuk/miniforge3/envs/lerobot-arena/lib/python3.11/site-packages/isaacsim/extscache/omni.kit.test-2.0.1+69cbf6ad.lx64.r.cp311/omni/kit/test/__init__.py", line 7, in <module>
    from . import unittests
  File "/home/kisuk/miniforge3/envs/lerobot-arena/lib/python3.11/site-packages/isaacsim/extscache/omni.kit.test-2.0.1+69cbf6ad.lx64.r.cp311/omni/kit/test/unittests.py", line 21, in <module>
    from .async_unittest import AsyncTestSuite, AsyncTextTestRunner, OmniTestResult, AsyncTestCase
  File "/home/kisuk/miniforge3/envs/lerobot-arena/lib/python3.11/site-packages/isaacsim/extscache/omni.kit.test-2.0.1+69cbf6ad.lx64.r.cp311/omni/kit/test/async_unittest.py", line 25, in <module>
    from .reporter import TestReporter
  File "/home/kisuk/miniforge3/envs/lerobot-arena/lib/python3.11/site-packages/isaacsim/extscache/omni.kit.test-2.0.1+69cbf6ad.lx64.r.cp311/omni/kit/test/reporter.py", line 27, in <module>
    from .test_coverage import generate_coverage_report
  File "/home/kisuk/miniforge3/envs/lerobot-arena/lib/python3.11/site-packages/isaacsim/extscache/omni.kit.test-2.0.1+69cbf6ad.lx64.r.cp311/omni/kit/test/test_coverage.py", line 10, in <module>
    import coverage
  File "/home/kisuk/miniforge3/envs/lerobot-arena/lib/python3.11/site-packages/coverage/__init__.py", line 24, in <module>
    from coverage.control import (
  File "/home/kisuk/miniforge3/envs/lerobot-arena/lib/python3.11/site-packages/coverage/control.py", line 28, in <module>
    from coverage.collector import Collector, HAS_CTRACER
  File "/home/kisuk/miniforge3/envs/lerobot-arena/lib/python3.11/site-packages/coverage/collector.py", line 19, in <module>
    from coverage.data import CoverageData
  File "/home/kisuk/miniforge3/envs/lerobot-arena/lib/python3.11/site-packages/coverage/data.py", line 24, in <module>
    from coverage.sqldata import CoverageData
  File "/home/kisuk/miniforge3/envs/lerobot-arena/lib/python3.11/site-packages/coverage/sqldata.py", line 16, in <module>
    import sqlite3
  File "/home/kisuk/miniforge3/envs/lerobot-arena/lib/python3.11/sqlite3/__init__.py", line 57, in <module>
    from sqlite3.dbapi2 import *
  File "/home/kisuk/miniforge3/envs/lerobot-arena/lib/python3.11/sqlite3/dbapi2.py", line 27, in <module>
    from _sqlite3 import *
ImportError: /lib/x86_64-linux-gnu/libstdc++.so.6: version `CXXABI_1.3.15' not found (required by /home/kisuk/miniforge3/envs/lerobot-arena/lib/python3.11/lib-dynload/../.././libicui18n.so.78)

2026-10-05T15:34:49Z [7,684ms] [Error] [omni.graph.tools._impl.internal.extension_contents_1_18] Exception while importing test omni.replicator.core.ogn.tests.TestOgnAugBgRandExp: Traceback (most recent call last):
  File "/home/kisuk/miniforge3/envs/lerobot-arena/lib/python3.11/site-packages/isaacsim/extscache/omni.graph.tools-1.79.2+69cbf6ad/omni/graph/tools/_impl/internal/extension_contents_1_18.py", line 394, in do_import_test_definition
    test_module = load_module_from_file(test_module_name, test_file)
                  ^^^^^^^^^^^^^^^^^^^^^^^^^^^^^^^^^^^^^^^^^^^^^^^^^^
  File "/home/kisuk/miniforge3/envs/lerobot-arena/lib/python3.11/site-packages/isaacsim/extscache/omni.graph.tools-1.79.2+69cbf6ad/omni/graph/tools/_impl/internal/file_utils.py", line 239, in load_module_from_file
    spec.loader.exec_module(module)
  File "<frozen importlib._bootstrap_external>", line 940, in exec_module
  File "<frozen importlib._bootstrap>", line 241, in _call_with_frames_removed
  File "/home/kisuk/miniforge3/envs/lerobot-arena/lib/python3.11/site-packages/isaacsim/extscache/omni.replicator.core-1.12.27+107.3.3.lx64.r.cp311/omni/replicator/core/ogn/tests/TestOgnAugBgRandExp.py", line 2, in <module>
    import omni.kit.test
  File "/home/kisuk/miniforge3/envs/lerobot-arena/lib/python3.11/site-packages/isaacsim/extscache/omni.kit.test-2.0.1+69cbf6ad.lx64.r.cp311/omni/kit/test/__init__.py", line 7, in <module>
    from . import unittests
  File "/home/kisuk/miniforge3/envs/lerobot-arena/lib/python3.11/site-packages/isaacsim/extscache/omni.kit.test-2.0.1+69cbf6ad.lx64.r.cp311/omni/kit/test/unittests.py", line 21, in <module>
    from .async_unittest import AsyncTestSuite, AsyncTextTestRunner, OmniTestResult, AsyncTestCase
  File "/home/kisuk/miniforge3/envs/lerobot-arena/lib/python3.11/site-packages/isaacsim/extscache/omni.kit.test-2.0.1+69cbf6ad.lx64.r.cp311/omni/kit/test/async_unittest.py", line 25, in <module>
    from .reporter import TestReporter
  File "/home/kisuk/miniforge3/envs/lerobot-arena/lib/python3.11/site-packages/isaacsim/extscache/omni.kit.test-2.0.1+69cbf6ad.lx64.r.cp311/omni/kit/test/reporter.py", line 27, in <module>
    from .test_coverage import generate_coverage_report
  File "/home/kisuk/miniforge3/envs/lerobot-arena/lib/python3.11/site-packages/isaacsim/extscache/omni.kit.test-2.0.1+69cbf6ad.lx64.r.cp311/omni/kit/test/test_coverage.py", line 10, in <module>
    import coverage
  File "/home/kisuk/miniforge3/envs/lerobot-arena/lib/python3.11/site-packages/coverage/__init__.py", line 24, in <module>
    from coverage.control import (
  File "/home/kisuk/miniforge3/envs/lerobot-arena/lib/python3.11/site-packages/coverage/control.py", line 28, in <module>
    from coverage.collector import Collector, HAS_CTRACER
  File "/home/kisuk/miniforge3/envs/lerobot-arena/lib/python3.11/site-packages/coverage/collector.py", line 19, in <module>
    from coverage.data import CoverageData
  File "/home/kisuk/miniforge3/envs/lerobot-arena/lib/python3.11/site-packages/coverage/data.py", line 24, in <module>
    from coverage.sqldata import CoverageData
  File "/home/kisuk/miniforge3/envs/lerobot-arena/lib/python3.11/site-packages/coverage/sqldata.py", line 16, in <module>
    import sqlite3
  File "/home/kisuk/miniforge3/envs/lerobot-arena/lib/python3.11/sqlite3/__init__.py", line 57, in <module>
    from sqlite3.dbapi2 import *
  File "/home/kisuk/miniforge3/envs/lerobot-arena/lib/python3.11/sqlite3/dbapi2.py", line 27, in <module>
    from _sqlite3 import *
ImportError: /lib/x86_64-linux-gnu/libstdc++.so.6: version `CXXABI_1.3.15' not found (required by /home/kisuk/miniforge3/envs/lerobot-arena/lib/python3.11/lib-dynload/../.././libicui18n.so.78)

2026-10-05T15:34:49Z [7,696ms] [Error] [omni.graph.tools._impl.internal.extension_contents_1_18] Exception while importing test omni.replicator.core.ogn.tests.TestOgnGetSkeletonData: Traceback (most recent call last):
  File "/home/kisuk/miniforge3/envs/lerobot-arena/lib/python3.11/site-packages/isaacsim/extscache/omni.graph.tools-1.79.2+69cbf6ad/omni/graph/tools/_impl/internal/extension_contents_1_18.py", line 394, in do_import_test_definition
    test_module = load_module_from_file(test_module_name, test_file)
                  ^^^^^^^^^^^^^^^^^^^^^^^^^^^^^^^^^^^^^^^^^^^^^^^^^^
  File "/home/kisuk/miniforge3/envs/lerobot-arena/lib/python3.11/site-packages/isaacsim/extscache/omni.graph.tools-1.79.2+69cbf6ad/omni/graph/tools/_impl/internal/file_utils.py", line 239, in load_module_from_file
    spec.loader.exec_module(module)
  File "<frozen importlib._bootstrap_external>", line 940, in exec_module
  File "<frozen importlib._bootstrap>", line 241, in _call_with_frames_removed
  File "/home/kisuk/miniforge3/envs/lerobot-arena/lib/python3.11/site-packages/isaacsim/extscache/omni.replicator.core-1.12.27+107.3.3.lx64.r.cp311/omni/replicator/core/ogn/tests/TestOgnGetSkeletonData.py", line 2, in <module>
    import omni.kit.test
  File "/home/kisuk/miniforge3/envs/lerobot-arena/lib/python3.11/site-packages/isaacsim/extscache/omni.kit.test-2.0.1+69cbf6ad.lx64.r.cp311/omni/kit/test/__init__.py", line 7, in <module>
    from . import unittests
  File "/home/kisuk/miniforge3/envs/lerobot-arena/lib/python3.11/site-packages/isaacsim/extscache/omni.kit.test-2.0.1+69cbf6ad.lx64.r.cp311/omni/kit/test/unittests.py", line 21, in <module>
    from .async_unittest import AsyncTestSuite, AsyncTextTestRunner, OmniTestResult, AsyncTestCase
  File "/home/kisuk/miniforge3/envs/lerobot-arena/lib/python3.11/site-packages/isaacsim/extscache/omni.kit.test-2.0.1+69cbf6ad.lx64.r.cp311/omni/kit/test/async_unittest.py", line 25, in <module>
    from .reporter import TestReporter
  File "/home/kisuk/miniforge3/envs/lerobot-arena/lib/python3.11/site-packages/isaacsim/extscache/omni.kit.test-2.0.1+69cbf6ad.lx64.r.cp311/omni/kit/test/reporter.py", line 27, in <module>
    from .test_coverage import generate_coverage_report
  File "/home/kisuk/miniforge3/envs/lerobot-arena/lib/python3.11/site-packages/isaacsim/extscache/omni.kit.test-2.0.1+69cbf6ad.lx64.r.cp311/omni/kit/test/test_coverage.py", line 10, in <module>
    import coverage
  File "/home/kisuk/miniforge3/envs/lerobot-arena/lib/python3.11/site-packages/coverage/__init__.py", line 24, in <module>
    from coverage.control import (
  File "/home/kisuk/miniforge3/envs/lerobot-arena/lib/python3.11/site-packages/coverage/control.py", line 28, in <module>
    from coverage.collector import Collector, HAS_CTRACER
  File "/home/kisuk/miniforge3/envs/lerobot-arena/lib/python3.11/site-packages/coverage/collector.py", line 19, in <module>
    from coverage.data import CoverageData
  File "/home/kisuk/miniforge3/envs/lerobot-arena/lib/python3.11/site-packages/coverage/data.py", line 24, in <module>
    from coverage.sqldata import CoverageData
  File "/home/kisuk/miniforge3/envs/lerobot-arena/lib/python3.11/site-packages/coverage/sqldata.py", line 16, in <module>
    import sqlite3
  File "/home/kisuk/miniforge3/envs/lerobot-arena/lib/python3.11/sqlite3/__init__.py", line 57, in <module>
    from sqlite3.dbapi2 import *
  File "/home/kisuk/miniforge3/envs/lerobot-arena/lib/python3.11/sqlite3/dbapi2.py", line 27, in <module>
    from _sqlite3 import *
ImportError: /lib/x86_64-linux-gnu/libstdc++.so.6: version `CXXABI_1.3.15' not found (required by /home/kisuk/miniforge3/envs/lerobot-arena/lib/python3.11/lib-dynload/../.././libicui18n.so.78)

2026-10-05T15:34:49Z [7,734ms] [Error] [omni.graph.tools._impl.internal.extension_contents_1_18] Exception while importing test omni.replicator.core.ogn.tests.TestOgnAugRotateExp: Traceback (most recent call last):
  File "/home/kisuk/miniforge3/envs/lerobot-arena/lib/python3.11/site-packages/isaacsim/extscache/omni.graph.tools-1.79.2+69cbf6ad/omni/graph/tools/_impl/internal/extension_contents_1_18.py", line 394, in do_import_test_definition
    test_module = load_module_from_file(test_module_name, test_file)
                  ^^^^^^^^^^^^^^^^^^^^^^^^^^^^^^^^^^^^^^^^^^^^^^^^^^
  File "/home/kisuk/miniforge3/envs/lerobot-arena/lib/python3.11/site-packages/isaacsim/extscache/omni.graph.tools-1.79.2+69cbf6ad/omni/graph/tools/_impl/internal/file_utils.py", line 239, in load_module_from_file
    spec.loader.exec_module(module)
  File "<frozen importlib._bootstrap_external>", line 940, in exec_module
  File "<frozen importlib._bootstrap>", line 241, in _call_with_frames_removed
  File "/home/kisuk/miniforge3/envs/lerobot-arena/lib/python3.11/site-packages/isaacsim/extscache/omni.replicator.core-1.12.27+107.3.3.lx64.r.cp311/omni/replicator/core/ogn/tests/TestOgnAugRotateExp.py", line 2, in <module>
    import omni.kit.test
  File "/home/kisuk/miniforge3/envs/lerobot-arena/lib/python3.11/site-packages/isaacsim/extscache/omni.kit.test-2.0.1+69cbf6ad.lx64.r.cp311/omni/kit/test/__init__.py", line 7, in <module>
    from . import unittests
  File "/home/kisuk/miniforge3/envs/lerobot-arena/lib/python3.11/site-packages/isaacsim/extscache/omni.kit.test-2.0.1+69cbf6ad.lx64.r.cp311/omni/kit/test/unittests.py", line 21, in <module>
    from .async_unittest import AsyncTestSuite, AsyncTextTestRunner, OmniTestResult, AsyncTestCase
  File "/home/kisuk/miniforge3/envs/lerobot-arena/lib/python3.11/site-packages/isaacsim/extscache/omni.kit.test-2.0.1+69cbf6ad.lx64.r.cp311/omni/kit/test/async_unittest.py", line 25, in <module>
    from .reporter import TestReporter
  File "/home/kisuk/miniforge3/envs/lerobot-arena/lib/python3.11/site-packages/isaacsim/extscache/omni.kit.test-2.0.1+69cbf6ad.lx64.r.cp311/omni/kit/test/reporter.py", line 27, in <module>
    from .test_coverage import generate_coverage_report
  File "/home/kisuk/miniforge3/envs/lerobot-arena/lib/python3.11/site-packages/isaacsim/extscache/omni.kit.test-2.0.1+69cbf6ad.lx64.r.cp311/omni/kit/test/test_coverage.py", line 10, in <module>
    import coverage
  File "/home/kisuk/miniforge3/envs/lerobot-arena/lib/python3.11/site-packages/coverage/__init__.py", line 24, in <module>
    from coverage.control import (
  File "/home/kisuk/miniforge3/envs/lerobot-arena/lib/python3.11/site-packages/coverage/control.py", line 28, in <module>
    from coverage.collector import Collector, HAS_CTRACER
  File "/home/kisuk/miniforge3/envs/lerobot-arena/lib/python3.11/site-packages/coverage/collector.py", line 19, in <module>
    from coverage.data import CoverageData
  File "/home/kisuk/miniforge3/envs/lerobot-arena/lib/python3.11/site-packages/coverage/data.py", line 24, in <module>
    from coverage.sqldata import CoverageData
  File "/home/kisuk/miniforge3/envs/lerobot-arena/lib/python3.11/site-packages/coverage/sqldata.py", line 16, in <module>
    import sqlite3
  File "/home/kisuk/miniforge3/envs/lerobot-arena/lib/python3.11/sqlite3/__init__.py", line 57, in <module>
    from sqlite3.dbapi2 import *
  File "/home/kisuk/miniforge3/envs/lerobot-arena/lib/python3.11/sqlite3/dbapi2.py", line 27, in <module>
    from _sqlite3 import *
ImportError: /lib/x86_64-linux-gnu/libstdc++.so.6: version `CXXABI_1.3.15' not found (required by /home/kisuk/miniforge3/envs/lerobot-arena/lib/python3.11/lib-dynload/../.././libicui18n.so.78)

2026-10-05T15:34:49Z [7,791ms] [Error] [omni.graph.tools._impl.internal.extension_contents_1_18] Exception while importing test omni.replicator.core.ogn.tests.TestOgnAugCutMixExp: Traceback (most recent call last):
  File "/home/kisuk/miniforge3/envs/lerobot-arena/lib/python3.11/site-packages/isaacsim/extscache/omni.graph.tools-1.79.2+69cbf6ad/omni/graph/tools/_impl/internal/extension_contents_1_18.py", line 394, in do_import_test_definition
    test_module = load_module_from_file(test_module_name, test_file)
                  ^^^^^^^^^^^^^^^^^^^^^^^^^^^^^^^^^^^^^^^^^^^^^^^^^^
  File "/home/kisuk/miniforge3/envs/lerobot-arena/lib/python3.11/site-packages/isaacsim/extscache/omni.graph.tools-1.79.2+69cbf6ad/omni/graph/tools/_impl/internal/file_utils.py", line 239, in load_module_from_file
    spec.loader.exec_module(module)
  File "<frozen importlib._bootstrap_external>", line 940, in exec_module
  File "<frozen importlib._bootstrap>", line 241, in _call_with_frames_removed
  File "/home/kisuk/miniforge3/envs/lerobot-arena/lib/python3.11/site-packages/isaacsim/extscache/omni.replicator.core-1.12.27+107.3.3.lx64.r.cp311/omni/replicator/core/ogn/tests/TestOgnAugCutMixExp.py", line 2, in <module>
    import omni.kit.test
  File "/home/kisuk/miniforge3/envs/lerobot-arena/lib/python3.11/site-packages/isaacsim/extscache/omni.kit.test-2.0.1+69cbf6ad.lx64.r.cp311/omni/kit/test/__init__.py", line 7, in <module>
    from . import unittests
  File "/home/kisuk/miniforge3/envs/lerobot-arena/lib/python3.11/site-packages/isaacsim/extscache/omni.kit.test-2.0.1+69cbf6ad.lx64.r.cp311/omni/kit/test/unittests.py", line 21, in <module>
    from .async_unittest import AsyncTestSuite, AsyncTextTestRunner, OmniTestResult, AsyncTestCase
  File "/home/kisuk/miniforge3/envs/lerobot-arena/lib/python3.11/site-packages/isaacsim/extscache/omni.kit.test-2.0.1+69cbf6ad.lx64.r.cp311/omni/kit/test/async_unittest.py", line 25, in <module>
    from .reporter import TestReporter
  File "/home/kisuk/miniforge3/envs/lerobot-arena/lib/python3.11/site-packages/isaacsim/extscache/omni.kit.test-2.0.1+69cbf6ad.lx64.r.cp311/omni/kit/test/reporter.py", line 27, in <module>
    from .test_coverage import generate_coverage_report
  File "/home/kisuk/miniforge3/envs/lerobot-arena/lib/python3.11/site-packages/isaacsim/extscache/omni.kit.test-2.0.1+69cbf6ad.lx64.r.cp311/omni/kit/test/test_coverage.py", line 10, in <module>
    import coverage
  File "/home/kisuk/miniforge3/envs/lerobot-arena/lib/python3.11/site-packages/coverage/__init__.py", line 24, in <module>
    from coverage.control import (
  File "/home/kisuk/miniforge3/envs/lerobot-arena/lib/python3.11/site-packages/coverage/control.py", line 28, in <module>
    from coverage.collector import Collector, HAS_CTRACER
  File "/home/kisuk/miniforge3/envs/lerobot-arena/lib/python3.11/site-packages/coverage/collector.py", line 19, in <module>
    from coverage.data import CoverageData
  File "/home/kisuk/miniforge3/envs/lerobot-arena/lib/python3.11/site-packages/coverage/data.py", line 24, in <module>
    from coverage.sqldata import CoverageData
  File "/home/kisuk/miniforge3/envs/lerobot-arena/lib/python3.11/site-packages/coverage/sqldata.py", line 16, in <module>
    import sqlite3
  File "/home/kisuk/miniforge3/envs/lerobot-arena/lib/python3.11/sqlite3/__init__.py", line 57, in <module>
    from sqlite3.dbapi2 import *
  File "/home/kisuk/miniforge3/envs/lerobot-arena/lib/python3.11/sqlite3/dbapi2.py", line 27, in <module>
    from _sqlite3 import *
ImportError: /lib/x86_64-linux-gnu/libstdc++.so.6: version `CXXABI_1.3.15' not found (required by /home/kisuk/miniforge3/envs/lerobot-arena/lib/python3.11/lib-dynload/../.././libicui18n.so.78)

2026-10-05T15:34:49Z [7,797ms] [Error] [omni.graph.tools._impl.internal.extension_contents_1_18] Exception while importing test omni.replicator.core.ogn.tests.TestOgnWritePhysics: Traceback (most recent call last):
  File "/home/kisuk/miniforge3/envs/lerobot-arena/lib/python3.11/site-packages/isaacsim/extscache/omni.graph.tools-1.79.2+69cbf6ad/omni/graph/tools/_impl/internal/extension_contents_1_18.py", line 394, in do_import_test_definition
    test_module = load_module_from_file(test_module_name, test_file)
                  ^^^^^^^^^^^^^^^^^^^^^^^^^^^^^^^^^^^^^^^^^^^^^^^^^^
  File "/home/kisuk/miniforge3/envs/lerobot-arena/lib/python3.11/site-packages/isaacsim/extscache/omni.graph.tools-1.79.2+69cbf6ad/omni/graph/tools/_impl/internal/file_utils.py", line 239, in load_module_from_file
    spec.loader.exec_module(module)
  File "<frozen importlib._bootstrap_external>", line 940, in exec_module
  File "<frozen importlib._bootstrap>", line 241, in _call_with_frames_removed
  File "/home/kisuk/miniforge3/envs/lerobot-arena/lib/python3.11/site-packages/isaacsim/extscache/omni.replicator.core-1.12.27+107.3.3.lx64.r.cp311/omni/replicator/core/ogn/tests/TestOgnWritePhysics.py", line 2, in <module>
    import omni.kit.test
  File "/home/kisuk/miniforge3/envs/lerobot-arena/lib/python3.11/site-packages/isaacsim/extscache/omni.kit.test-2.0.1+69cbf6ad.lx64.r.cp311/omni/kit/test/__init__.py", line 7, in <module>
    from . import unittests
  File "/home/kisuk/miniforge3/envs/lerobot-arena/lib/python3.11/site-packages/isaacsim/extscache/omni.kit.test-2.0.1+69cbf6ad.lx64.r.cp311/omni/kit/test/unittests.py", line 21, in <module>
    from .async_unittest import AsyncTestSuite, AsyncTextTestRunner, OmniTestResult, AsyncTestCase
  File "/home/kisuk/miniforge3/envs/lerobot-arena/lib/python3.11/site-packages/isaacsim/extscache/omni.kit.test-2.0.1+69cbf6ad.lx64.r.cp311/omni/kit/test/async_unittest.py", line 25, in <module>
    from .reporter import TestReporter
  File "/home/kisuk/miniforge3/envs/lerobot-arena/lib/python3.11/site-packages/isaacsim/extscache/omni.kit.test-2.0.1+69cbf6ad.lx64.r.cp311/omni/kit/test/reporter.py", line 27, in <module>
    from .test_coverage import generate_coverage_report
  File "/home/kisuk/miniforge3/envs/lerobot-arena/lib/python3.11/site-packages/isaacsim/extscache/omni.kit.test-2.0.1+69cbf6ad.lx64.r.cp311/omni/kit/test/test_coverage.py", line 10, in <module>
    import coverage
  File "/home/kisuk/miniforge3/envs/lerobot-arena/lib/python3.11/site-packages/coverage/__init__.py", line 24, in <module>
    from coverage.control import (
  File "/home/kisuk/miniforge3/envs/lerobot-arena/lib/python3.11/site-packages/coverage/control.py", line 28, in <module>
    from coverage.collector import Collector, HAS_CTRACER
  File "/home/kisuk/miniforge3/envs/lerobot-arena/lib/python3.11/site-packages/coverage/collector.py", line 19, in <module>
    from coverage.data import CoverageData
  File "/home/kisuk/miniforge3/envs/lerobot-arena/lib/python3.11/site-packages/coverage/data.py", line 24, in <module>
    from coverage.sqldata import CoverageData
  File "/home/kisuk/miniforge3/envs/lerobot-arena/lib/python3.11/site-packages/coverage/sqldata.py", line 16, in <module>
    import sqlite3
  File "/home/kisuk/miniforge3/envs/lerobot-arena/lib/python3.11/sqlite3/__init__.py", line 57, in <module>
    from sqlite3.dbapi2 import *
  File "/home/kisuk/miniforge3/envs/lerobot-arena/lib/python3.11/sqlite3/dbapi2.py", line 27, in <module>
    from _sqlite3 import *
ImportError: /lib/x86_64-linux-gnu/libstdc++.so.6: version `CXXABI_1.3.15' not found (required by /home/kisuk/miniforge3/envs/lerobot-arena/lib/python3.11/lib-dynload/../.././libicui18n.so.78)

2026-10-05T15:34:49Z [7,804ms] [Error] [omni.graph.tools._impl.internal.extension_contents_1_18] Exception while importing test omni.replicator.core.ogn.tests.TestOgnSampleUniform: Traceback (most recent call last):
  File "/home/kisuk/miniforge3/envs/lerobot-arena/lib/python3.11/site-packages/isaacsim/extscache/omni.graph.tools-1.79.2+69cbf6ad/omni/graph/tools/_impl/internal/extension_contents_1_18.py", line 394, in do_import_test_definition
    test_module = load_module_from_file(test_module_name, test_file)
                  ^^^^^^^^^^^^^^^^^^^^^^^^^^^^^^^^^^^^^^^^^^^^^^^^^^
  File "/home/kisuk/miniforge3/envs/lerobot-arena/lib/python3.11/site-packages/isaacsim/extscache/omni.graph.tools-1.79.2+69cbf6ad/omni/graph/tools/_impl/internal/file_utils.py", line 239, in load_module_from_file
    spec.loader.exec_module(module)
  File "<frozen importlib._bootstrap_external>", line 940, in exec_module
  File "<frozen importlib._bootstrap>", line 241, in _call_with_frames_removed
  File "/home/kisuk/miniforge3/envs/lerobot-arena/lib/python3.11/site-packages/isaacsim/extscache/omni.replicator.core-1.12.27+107.3.3.lx64.r.cp311/omni/replicator/core/ogn/tests/TestOgnSampleUniform.py", line 2, in <module>
    import omni.kit.test
  File "/home/kisuk/miniforge3/envs/lerobot-arena/lib/python3.11/site-packages/isaacsim/extscache/omni.kit.test-2.0.1+69cbf6ad.lx64.r.cp311/omni/kit/test/__init__.py", line 7, in <module>
    from . import unittests
  File "/home/kisuk/miniforge3/envs/lerobot-arena/lib/python3.11/site-packages/isaacsim/extscache/omni.kit.test-2.0.1+69cbf6ad.lx64.r.cp311/omni/kit/test/unittests.py", line 21, in <module>
    from .async_unittest import AsyncTestSuite, AsyncTextTestRunner, OmniTestResult, AsyncTestCase
  File "/home/kisuk/miniforge3/envs/lerobot-arena/lib/python3.11/site-packages/isaacsim/extscache/omni.kit.test-2.0.1+69cbf6ad.lx64.r.cp311/omni/kit/test/async_unittest.py", line 25, in <module>
    from .reporter import TestReporter
  File "/home/kisuk/miniforge3/envs/lerobot-arena/lib/python3.11/site-packages/isaacsim/extscache/omni.kit.test-2.0.1+69cbf6ad.lx64.r.cp311/omni/kit/test/reporter.py", line 27, in <module>
    from .test_coverage import generate_coverage_report
  File "/home/kisuk/miniforge3/envs/lerobot-arena/lib/python3.11/site-packages/isaacsim/extscache/omni.kit.test-2.0.1+69cbf6ad.lx64.r.cp311/omni/kit/test/test_coverage.py", line 10, in <module>
    import coverage
  File "/home/kisuk/miniforge3/envs/lerobot-arena/lib/python3.11/site-packages/coverage/__init__.py", line 24, in <module>
    from coverage.control import (
  File "/home/kisuk/miniforge3/envs/lerobot-arena/lib/python3.11/site-packages/coverage/control.py", line 28, in <module>
    from coverage.collector import Collector, HAS_CTRACER
  File "/home/kisuk/miniforge3/envs/lerobot-arena/lib/python3.11/site-packages/coverage/collector.py", line 19, in <module>
    from coverage.data import CoverageData
  File "/home/kisuk/miniforge3/envs/lerobot-arena/lib/python3.11/site-packages/coverage/data.py", line 24, in <module>
    from coverage.sqldata import CoverageData
  File "/home/kisuk/miniforge3/envs/lerobot-arena/lib/python3.11/site-packages/coverage/sqldata.py", line 16, in <module>
    import sqlite3
  File "/home/kisuk/miniforge3/envs/lerobot-arena/lib/python3.11/sqlite3/__init__.py", line 57, in <module>
    from sqlite3.dbapi2 import *
  File "/home/kisuk/miniforge3/envs/lerobot-arena/lib/python3.11/sqlite3/dbapi2.py", line 27, in <module>
    from _sqlite3 import *
ImportError: /lib/x86_64-linux-gnu/libstdc++.so.6: version `CXXABI_1.3.15' not found (required by /home/kisuk/miniforge3/envs/lerobot-arena/lib/python3.11/lib-dynload/../.././libicui18n.so.78)

2026-10-05T15:34:49Z [7,810ms] [Error] [omni.graph.tools._impl.internal.extension_contents_1_18] Exception while importing test omni.replicator.core.ogn.tests.TestOgnSizeToScale: Traceback (most recent call last):
  File "/home/kisuk/miniforge3/envs/lerobot-arena/lib/python3.11/site-packages/isaacsim/extscache/omni.graph.tools-1.79.2+69cbf6ad/omni/graph/tools/_impl/internal/extension_contents_1_18.py", line 394, in do_import_test_definition
    test_module = load_module_from_file(test_module_name, test_file)
                  ^^^^^^^^^^^^^^^^^^^^^^^^^^^^^^^^^^^^^^^^^^^^^^^^^^
  File "/home/kisuk/miniforge3/envs/lerobot-arena/lib/python3.11/site-packages/isaacsim/extscache/omni.graph.tools-1.79.2+69cbf6ad/omni/graph/tools/_impl/internal/file_utils.py", line 239, in load_module_from_file
    spec.loader.exec_module(module)
  File "<frozen importlib._bootstrap_external>", line 940, in exec_module
  File "<frozen importlib._bootstrap>", line 241, in _call_with_frames_removed
  File "/home/kisuk/miniforge3/envs/lerobot-arena/lib/python3.11/site-packages/isaacsim/extscache/omni.replicator.core-1.12.27+107.3.3.lx64.r.cp311/omni/replicator/core/ogn/tests/TestOgnSizeToScale.py", line 2, in <module>
    import omni.kit.test
  File "/home/kisuk/miniforge3/envs/lerobot-arena/lib/python3.11/site-packages/isaacsim/extscache/omni.kit.test-2.0.1+69cbf6ad.lx64.r.cp311/omni/kit/test/__init__.py", line 7, in <module>
    from . import unittests
  File "/home/kisuk/miniforge3/envs/lerobot-arena/lib/python3.11/site-packages/isaacsim/extscache/omni.kit.test-2.0.1+69cbf6ad.lx64.r.cp311/omni/kit/test/unittests.py", line 21, in <module>
    from .async_unittest import AsyncTestSuite, AsyncTextTestRunner, OmniTestResult, AsyncTestCase
  File "/home/kisuk/miniforge3/envs/lerobot-arena/lib/python3.11/site-packages/isaacsim/extscache/omni.kit.test-2.0.1+69cbf6ad.lx64.r.cp311/omni/kit/test/async_unittest.py", line 25, in <module>
    from .reporter import TestReporter
  File "/home/kisuk/miniforge3/envs/lerobot-arena/lib/python3.11/site-packages/isaacsim/extscache/omni.kit.test-2.0.1+69cbf6ad.lx64.r.cp311/omni/kit/test/reporter.py", line 27, in <module>
    from .test_coverage import generate_coverage_report
  File "/home/kisuk/miniforge3/envs/lerobot-arena/lib/python3.11/site-packages/isaacsim/extscache/omni.kit.test-2.0.1+69cbf6ad.lx64.r.cp311/omni/kit/test/test_coverage.py", line 10, in <module>
    import coverage
  File "/home/kisuk/miniforge3/envs/lerobot-arena/lib/python3.11/site-packages/coverage/__init__.py", line 24, in <module>
    from coverage.control import (
  File "/home/kisuk/miniforge3/envs/lerobot-arena/lib/python3.11/site-packages/coverage/control.py", line 28, in <module>
    from coverage.collector import Collector, HAS_CTRACER
  File "/home/kisuk/miniforge3/envs/lerobot-arena/lib/python3.11/site-packages/coverage/collector.py", line 19, in <module>
    from coverage.data import CoverageData
  File "/home/kisuk/miniforge3/envs/lerobot-arena/lib/python3.11/site-packages/coverage/data.py", line 24, in <module>
    from coverage.sqldata import CoverageData
  File "/home/kisuk/miniforge3/envs/lerobot-arena/lib/python3.11/site-packages/coverage/sqldata.py", line 16, in <module>
    import sqlite3
  File "/home/kisuk/miniforge3/envs/lerobot-arena/lib/python3.11/sqlite3/__init__.py", line 57, in <module>
    from sqlite3.dbapi2 import *
  File "/home/kisuk/miniforge3/envs/lerobot-arena/lib/python3.11/sqlite3/dbapi2.py", line 27, in <module>
    from _sqlite3 import *
ImportError: /lib/x86_64-linux-gnu/libstdc++.so.6: version `CXXABI_1.3.15' not found (required by /home/kisuk/miniforge3/envs/lerobot-arena/lib/python3.11/lib-dynload/../.././libicui18n.so.78)

2026-10-05T15:34:49Z [7,819ms] [Error] [omni.graph.tools._impl.internal.extension_contents_1_18] Exception while importing test omni.replicator.core.ogn.tests.TestOgnMeshDecal: Traceback (most recent call last):
  File "/home/kisuk/miniforge3/envs/lerobot-arena/lib/python3.11/site-packages/isaacsim/extscache/omni.graph.tools-1.79.2+69cbf6ad/omni/graph/tools/_impl/internal/extension_contents_1_18.py", line 394, in do_import_test_definition
    test_module = load_module_from_file(test_module_name, test_file)
                  ^^^^^^^^^^^^^^^^^^^^^^^^^^^^^^^^^^^^^^^^^^^^^^^^^^
  File "/home/kisuk/miniforge3/envs/lerobot-arena/lib/python3.11/site-packages/isaacsim/extscache/omni.graph.tools-1.79.2+69cbf6ad/omni/graph/tools/_impl/internal/file_utils.py", line 239, in load_module_from_file
    spec.loader.exec_module(module)
  File "<frozen importlib._bootstrap_external>", line 940, in exec_module
  File "<frozen importlib._bootstrap>", line 241, in _call_with_frames_removed
  File "/home/kisuk/miniforge3/envs/lerobot-arena/lib/python3.11/site-packages/isaacsim/extscache/omni.replicator.core-1.12.27+107.3.3.lx64.r.cp311/omni/replicator/core/ogn/tests/TestOgnMeshDecal.py", line 2, in <module>
    import omni.kit.test
  File "/home/kisuk/miniforge3/envs/lerobot-arena/lib/python3.11/site-packages/isaacsim/extscache/omni.kit.test-2.0.1+69cbf6ad.lx64.r.cp311/omni/kit/test/__init__.py", line 7, in <module>
    from . import unittests
  File "/home/kisuk/miniforge3/envs/lerobot-arena/lib/python3.11/site-packages/isaacsim/extscache/omni.kit.test-2.0.1+69cbf6ad.lx64.r.cp311/omni/kit/test/unittests.py", line 21, in <module>
    from .async_unittest import AsyncTestSuite, AsyncTextTestRunner, OmniTestResult, AsyncTestCase
  File "/home/kisuk/miniforge3/envs/lerobot-arena/lib/python3.11/site-packages/isaacsim/extscache/omni.kit.test-2.0.1+69cbf6ad.lx64.r.cp311/omni/kit/test/async_unittest.py", line 25, in <module>
    from .reporter import TestReporter
  File "/home/kisuk/miniforge3/envs/lerobot-arena/lib/python3.11/site-packages/isaacsim/extscache/omni.kit.test-2.0.1+69cbf6ad.lx64.r.cp311/omni/kit/test/reporter.py", line 27, in <module>
    from .test_coverage import generate_coverage_report
  File "/home/kisuk/miniforge3/envs/lerobot-arena/lib/python3.11/site-packages/isaacsim/extscache/omni.kit.test-2.0.1+69cbf6ad.lx64.r.cp311/omni/kit/test/test_coverage.py", line 10, in <module>
    import coverage
  File "/home/kisuk/miniforge3/envs/lerobot-arena/lib/python3.11/site-packages/coverage/__init__.py", line 24, in <module>
    from coverage.control import (
  File "/home/kisuk/miniforge3/envs/lerobot-arena/lib/python3.11/site-packages/coverage/control.py", line 28, in <module>
    from coverage.collector import Collector, HAS_CTRACER
  File "/home/kisuk/miniforge3/envs/lerobot-arena/lib/python3.11/site-packages/coverage/collector.py", line 19, in <module>
    from coverage.data import CoverageData
  File "/home/kisuk/miniforge3/envs/lerobot-arena/lib/python3.11/site-packages/coverage/data.py", line 24, in <module>
    from coverage.sqldata import CoverageData
  File "/home/kisuk/miniforge3/envs/lerobot-arena/lib/python3.11/site-packages/coverage/sqldata.py", line 16, in <module>
    import sqlite3
  File "/home/kisuk/miniforge3/envs/lerobot-arena/lib/python3.11/sqlite3/__init__.py", line 57, in <module>
    from sqlite3.dbapi2 import *
  File "/home/kisuk/miniforge3/envs/lerobot-arena/lib/python3.11/sqlite3/dbapi2.py", line 27, in <module>
    from _sqlite3 import *
ImportError: /lib/x86_64-linux-gnu/libstdc++.so.6: version `CXXABI_1.3.15' not found (required by /home/kisuk/miniforge3/envs/lerobot-arena/lib/python3.11/lib-dynload/../.././libicui18n.so.78)

2026-10-05T15:34:49Z [7,826ms] [Error] [omni.graph.tools._impl.internal.extension_contents_1_18] Exception while importing test omni.replicator.core.ogn.tests.TestOgnGetPrims: Traceback (most recent call last):
  File "/home/kisuk/miniforge3/envs/lerobot-arena/lib/python3.11/site-packages/isaacsim/extscache/omni.graph.tools-1.79.2+69cbf6ad/omni/graph/tools/_impl/internal/extension_contents_1_18.py", line 394, in do_import_test_definition
    test_module = load_module_from_file(test_module_name, test_file)
                  ^^^^^^^^^^^^^^^^^^^^^^^^^^^^^^^^^^^^^^^^^^^^^^^^^^
  File "/home/kisuk/miniforge3/envs/lerobot-arena/lib/python3.11/site-packages/isaacsim/extscache/omni.graph.tools-1.79.2+69cbf6ad/omni/graph/tools/_impl/internal/file_utils.py", line 239, in load_module_from_file
    spec.loader.exec_module(module)
  File "<frozen importlib._bootstrap_external>", line 940, in exec_module
  File "<frozen importlib._bootstrap>", line 241, in _call_with_frames_removed
  File "/home/kisuk/miniforge3/envs/lerobot-arena/lib/python3.11/site-packages/isaacsim/extscache/omni.replicator.core-1.12.27+107.3.3.lx64.r.cp311/omni/replicator/core/ogn/tests/TestOgnGetPrims.py", line 2, in <module>
    import omni.kit.test
  File "/home/kisuk/miniforge3/envs/lerobot-arena/lib/python3.11/site-packages/isaacsim/extscache/omni.kit.test-2.0.1+69cbf6ad.lx64.r.cp311/omni/kit/test/__init__.py", line 7, in <module>
    from . import unittests
  File "/home/kisuk/miniforge3/envs/lerobot-arena/lib/python3.11/site-packages/isaacsim/extscache/omni.kit.test-2.0.1+69cbf6ad.lx64.r.cp311/omni/kit/test/unittests.py", line 21, in <module>
    from .async_unittest import AsyncTestSuite, AsyncTextTestRunner, OmniTestResult, AsyncTestCase
  File "/home/kisuk/miniforge3/envs/lerobot-arena/lib/python3.11/site-packages/isaacsim/extscache/omni.kit.test-2.0.1+69cbf6ad.lx64.r.cp311/omni/kit/test/async_unittest.py", line 25, in <module>
    from .reporter import TestReporter
  File "/home/kisuk/miniforge3/envs/lerobot-arena/lib/python3.11/site-packages/isaacsim/extscache/omni.kit.test-2.0.1+69cbf6ad.lx64.r.cp311/omni/kit/test/reporter.py", line 27, in <module>
    from .test_coverage import generate_coverage_report
  File "/home/kisuk/miniforge3/envs/lerobot-arena/lib/python3.11/site-packages/isaacsim/extscache/omni.kit.test-2.0.1+69cbf6ad.lx64.r.cp311/omni/kit/test/test_coverage.py", line 10, in <module>
    import coverage
  File "/home/kisuk/miniforge3/envs/lerobot-arena/lib/python3.11/site-packages/coverage/__init__.py", line 24, in <module>
    from coverage.control import (
  File "/home/kisuk/miniforge3/envs/lerobot-arena/lib/python3.11/site-packages/coverage/control.py", line 28, in <module>
    from coverage.collector import Collector, HAS_CTRACER
  File "/home/kisuk/miniforge3/envs/lerobot-arena/lib/python3.11/site-packages/coverage/collector.py", line 19, in <module>
    from coverage.data import CoverageData
  File "/home/kisuk/miniforge3/envs/lerobot-arena/lib/python3.11/site-packages/coverage/data.py", line 24, in <module>
    from coverage.sqldata import CoverageData
  File "/home/kisuk/miniforge3/envs/lerobot-arena/lib/python3.11/site-packages/coverage/sqldata.py", line 16, in <module>
    import sqlite3
  File "/home/kisuk/miniforge3/envs/lerobot-arena/lib/python3.11/sqlite3/__init__.py", line 57, in <module>
    from sqlite3.dbapi2 import *
  File "/home/kisuk/miniforge3/envs/lerobot-arena/lib/python3.11/sqlite3/dbapi2.py", line 27, in <module>
    from _sqlite3 import *
ImportError: /lib/x86_64-linux-gnu/libstdc++.so.6: version `CXXABI_1.3.15' not found (required by /home/kisuk/miniforge3/envs/lerobot-arena/lib/python3.11/lib-dynload/../.././libicui18n.so.78)

2026-10-05T15:34:49Z [7,832ms] [Error] [omni.graph.tools._impl.internal.extension_contents_1_18] Exception while importing test omni.replicator.core.ogn.tests.TestOgnModifyAnimationTarget: Traceback (most recent call last):
  File "/home/kisuk/miniforge3/envs/lerobot-arena/lib/python3.11/site-packages/isaacsim/extscache/omni.graph.tools-1.79.2+69cbf6ad/omni/graph/tools/_impl/internal/extension_contents_1_18.py", line 394, in do_import_test_definition
    test_module = load_module_from_file(test_module_name, test_file)
                  ^^^^^^^^^^^^^^^^^^^^^^^^^^^^^^^^^^^^^^^^^^^^^^^^^^
  File "/home/kisuk/miniforge3/envs/lerobot-arena/lib/python3.11/site-packages/isaacsim/extscache/omni.graph.tools-1.79.2+69cbf6ad/omni/graph/tools/_impl/internal/file_utils.py", line 239, in load_module_from_file
    spec.loader.exec_module(module)
  File "<frozen importlib._bootstrap_external>", line 940, in exec_module
  File "<frozen importlib._bootstrap>", line 241, in _call_with_frames_removed
  File "/home/kisuk/miniforge3/envs/lerobot-arena/lib/python3.11/site-packages/isaacsim/extscache/omni.replicator.core-1.12.27+107.3.3.lx64.r.cp311/omni/replicator/core/ogn/tests/TestOgnModifyAnimationTarget.py", line 2, in <module>
    import omni.kit.test
  File "/home/kisuk/miniforge3/envs/lerobot-arena/lib/python3.11/site-packages/isaacsim/extscache/omni.kit.test-2.0.1+69cbf6ad.lx64.r.cp311/omni/kit/test/__init__.py", line 7, in <module>
    from . import unittests
  File "/home/kisuk/miniforge3/envs/lerobot-arena/lib/python3.11/site-packages/isaacsim/extscache/omni.kit.test-2.0.1+69cbf6ad.lx64.r.cp311/omni/kit/test/unittests.py", line 21, in <module>
    from .async_unittest import AsyncTestSuite, AsyncTextTestRunner, OmniTestResult, AsyncTestCase
  File "/home/kisuk/miniforge3/envs/lerobot-arena/lib/python3.11/site-packages/isaacsim/extscache/omni.kit.test-2.0.1+69cbf6ad.lx64.r.cp311/omni/kit/test/async_unittest.py", line 25, in <module>
    from .reporter import TestReporter
  File "/home/kisuk/miniforge3/envs/lerobot-arena/lib/python3.11/site-packages/isaacsim/extscache/omni.kit.test-2.0.1+69cbf6ad.lx64.r.cp311/omni/kit/test/reporter.py", line 27, in <module>
    from .test_coverage import generate_coverage_report
  File "/home/kisuk/miniforge3/envs/lerobot-arena/lib/python3.11/site-packages/isaacsim/extscache/omni.kit.test-2.0.1+69cbf6ad.lx64.r.cp311/omni/kit/test/test_coverage.py", line 10, in <module>
    import coverage
  File "/home/kisuk/miniforge3/envs/lerobot-arena/lib/python3.11/site-packages/coverage/__init__.py", line 24, in <module>
    from coverage.control import (
  File "/home/kisuk/miniforge3/envs/lerobot-arena/lib/python3.11/site-packages/coverage/control.py", line 28, in <module>
    from coverage.collector import Collector, HAS_CTRACER
  File "/home/kisuk/miniforge3/envs/lerobot-arena/lib/python3.11/site-packages/coverage/collector.py", line 19, in <module>
    from coverage.data import CoverageData
  File "/home/kisuk/miniforge3/envs/lerobot-arena/lib/python3.11/site-packages/coverage/data.py", line 24, in <module>
    from coverage.sqldata import CoverageData
  File "/home/kisuk/miniforge3/envs/lerobot-arena/lib/python3.11/site-packages/coverage/sqldata.py", line 16, in <module>
    import sqlite3
  File "/home/kisuk/miniforge3/envs/lerobot-arena/lib/python3.11/sqlite3/__init__.py", line 57, in <module>
    from sqlite3.dbapi2 import *
  File "/home/kisuk/miniforge3/envs/lerobot-arena/lib/python3.11/sqlite3/dbapi2.py", line 27, in <module>
    from _sqlite3 import *
ImportError: /lib/x86_64-linux-gnu/libstdc++.so.6: version `CXXABI_1.3.15' not found (required by /home/kisuk/miniforge3/envs/lerobot-arena/lib/python3.11/lib-dynload/../.././libicui18n.so.78)

2026-10-05T15:34:49Z [7,839ms] [Error] [omni.graph.tools._impl.internal.extension_contents_1_18] Exception while importing test omni.replicator.core.ogn.tests.TestOgnSetVisibility: Traceback (most recent call last):
  File "/home/kisuk/miniforge3/envs/lerobot-arena/lib/python3.11/site-packages/isaacsim/extscache/omni.graph.tools-1.79.2+69cbf6ad/omni/graph/tools/_impl/internal/extension_contents_1_18.py", line 394, in do_import_test_definition
    test_module = load_module_from_file(test_module_name, test_file)
                  ^^^^^^^^^^^^^^^^^^^^^^^^^^^^^^^^^^^^^^^^^^^^^^^^^^
  File "/home/kisuk/miniforge3/envs/lerobot-arena/lib/python3.11/site-packages/isaacsim/extscache/omni.graph.tools-1.79.2+69cbf6ad/omni/graph/tools/_impl/internal/file_utils.py", line 239, in load_module_from_file
    spec.loader.exec_module(module)
  File "<frozen importlib._bootstrap_external>", line 940, in exec_module
  File "<frozen importlib._bootstrap>", line 241, in _call_with_frames_removed
  File "/home/kisuk/miniforge3/envs/lerobot-arena/lib/python3.11/site-packages/isaacsim/extscache/omni.replicator.core-1.12.27+107.3.3.lx64.r.cp311/omni/replicator/core/ogn/tests/TestOgnSetVisibility.py", line 2, in <module>
    import omni.kit.test
  File "/home/kisuk/miniforge3/envs/lerobot-arena/lib/python3.11/site-packages/isaacsim/extscache/omni.kit.test-2.0.1+69cbf6ad.lx64.r.cp311/omni/kit/test/__init__.py", line 7, in <module>
    from . import unittests
  File "/home/kisuk/miniforge3/envs/lerobot-arena/lib/python3.11/site-packages/isaacsim/extscache/omni.kit.test-2.0.1+69cbf6ad.lx64.r.cp311/omni/kit/test/unittests.py", line 21, in <module>
    from .async_unittest import AsyncTestSuite, AsyncTextTestRunner, OmniTestResult, AsyncTestCase
  File "/home/kisuk/miniforge3/envs/lerobot-arena/lib/python3.11/site-packages/isaacsim/extscache/omni.kit.test-2.0.1+69cbf6ad.lx64.r.cp311/omni/kit/test/async_unittest.py", line 25, in <module>
    from .reporter import TestReporter
  File "/home/kisuk/miniforge3/envs/lerobot-arena/lib/python3.11/site-packages/isaacsim/extscache/omni.kit.test-2.0.1+69cbf6ad.lx64.r.cp311/omni/kit/test/reporter.py", line 27, in <module>
    from .test_coverage import generate_coverage_report
  File "/home/kisuk/miniforge3/envs/lerobot-arena/lib/python3.11/site-packages/isaacsim/extscache/omni.kit.test-2.0.1+69cbf6ad.lx64.r.cp311/omni/kit/test/test_coverage.py", line 10, in <module>
    import coverage
  File "/home/kisuk/miniforge3/envs/lerobot-arena/lib/python3.11/site-packages/coverage/__init__.py", line 24, in <module>
    from coverage.control import (
  File "/home/kisuk/miniforge3/envs/lerobot-arena/lib/python3.11/site-packages/coverage/control.py", line 28, in <module>
    from coverage.collector import Collector, HAS_CTRACER
  File "/home/kisuk/miniforge3/envs/lerobot-arena/lib/python3.11/site-packages/coverage/collector.py", line 19, in <module>
    from coverage.data import CoverageData
  File "/home/kisuk/miniforge3/envs/lerobot-arena/lib/python3.11/site-packages/coverage/data.py", line 24, in <module>
    from coverage.sqldata import CoverageData
  File "/home/kisuk/miniforge3/envs/lerobot-arena/lib/python3.11/site-packages/coverage/sqldata.py", line 16, in <module>
    import sqlite3
  File "/home/kisuk/miniforge3/envs/lerobot-arena/lib/python3.11/sqlite3/__init__.py", line 57, in <module>
    from sqlite3.dbapi2 import *
  File "/home/kisuk/miniforge3/envs/lerobot-arena/lib/python3.11/sqlite3/dbapi2.py", line 27, in <module>
    from _sqlite3 import *
ImportError: /lib/x86_64-linux-gnu/libstdc++.so.6: version `CXXABI_1.3.15' not found (required by /home/kisuk/miniforge3/envs/lerobot-arena/lib/python3.11/lib-dynload/../.././libicui18n.so.78)

2026-10-05T15:34:49Z [7,855ms] [Error] [omni.graph.tools._impl.internal.extension_contents_1_18] Exception while importing test omni.replicator.core.ogn.tests.TestOgnOnCondition: Traceback (most recent call last):
  File "/home/kisuk/miniforge3/envs/lerobot-arena/lib/python3.11/site-packages/isaacsim/extscache/omni.graph.tools-1.79.2+69cbf6ad/omni/graph/tools/_impl/internal/extension_contents_1_18.py", line 394, in do_import_test_definition
    test_module = load_module_from_file(test_module_name, test_file)
                  ^^^^^^^^^^^^^^^^^^^^^^^^^^^^^^^^^^^^^^^^^^^^^^^^^^
  File "/home/kisuk/miniforge3/envs/lerobot-arena/lib/python3.11/site-packages/isaacsim/extscache/omni.graph.tools-1.79.2+69cbf6ad/omni/graph/tools/_impl/internal/file_utils.py", line 239, in load_module_from_file
    spec.loader.exec_module(module)
  File "<frozen importlib._bootstrap_external>", line 940, in exec_module
  File "<frozen importlib._bootstrap>", line 241, in _call_with_frames_removed
  File "/home/kisuk/miniforge3/envs/lerobot-arena/lib/python3.11/site-packages/isaacsim/extscache/omni.replicator.core-1.12.27+107.3.3.lx64.r.cp311/omni/replicator/core/ogn/tests/TestOgnOnCondition.py", line 2, in <module>
    import omni.kit.test
  File "/home/kisuk/miniforge3/envs/lerobot-arena/lib/python3.11/site-packages/isaacsim/extscache/omni.kit.test-2.0.1+69cbf6ad.lx64.r.cp311/omni/kit/test/__init__.py", line 7, in <module>
    from . import unittests
  File "/home/kisuk/miniforge3/envs/lerobot-arena/lib/python3.11/site-packages/isaacsim/extscache/omni.kit.test-2.0.1+69cbf6ad.lx64.r.cp311/omni/kit/test/unittests.py", line 21, in <module>
    from .async_unittest import AsyncTestSuite, AsyncTextTestRunner, OmniTestResult, AsyncTestCase
  File "/home/kisuk/miniforge3/envs/lerobot-arena/lib/python3.11/site-packages/isaacsim/extscache/omni.kit.test-2.0.1+69cbf6ad.lx64.r.cp311/omni/kit/test/async_unittest.py", line 25, in <module>
    from .reporter import TestReporter
  File "/home/kisuk/miniforge3/envs/lerobot-arena/lib/python3.11/site-packages/isaacsim/extscache/omni.kit.test-2.0.1+69cbf6ad.lx64.r.cp311/omni/kit/test/reporter.py", line 27, in <module>
    from .test_coverage import generate_coverage_report
  File "/home/kisuk/miniforge3/envs/lerobot-arena/lib/python3.11/site-packages/isaacsim/extscache/omni.kit.test-2.0.1+69cbf6ad.lx64.r.cp311/omni/kit/test/test_coverage.py", line 10, in <module>
    import coverage
  File "/home/kisuk/miniforge3/envs/lerobot-arena/lib/python3.11/site-packages/coverage/__init__.py", line 24, in <module>
    from coverage.control import (
  File "/home/kisuk/miniforge3/envs/lerobot-arena/lib/python3.11/site-packages/coverage/control.py", line 28, in <module>
    from coverage.collector import Collector, HAS_CTRACER
  File "/home/kisuk/miniforge3/envs/lerobot-arena/lib/python3.11/site-packages/coverage/collector.py", line 19, in <module>
    from coverage.data import CoverageData
  File "/home/kisuk/miniforge3/envs/lerobot-arena/lib/python3.11/site-packages/coverage/data.py", line 24, in <module>
    from coverage.sqldata import CoverageData
  File "/home/kisuk/miniforge3/envs/lerobot-arena/lib/python3.11/site-packages/coverage/sqldata.py", line 16, in <module>
    import sqlite3
  File "/home/kisuk/miniforge3/envs/lerobot-arena/lib/python3.11/sqlite3/__init__.py", line 57, in <module>
    from sqlite3.dbapi2 import *
  File "/home/kisuk/miniforge3/envs/lerobot-arena/lib/python3.11/sqlite3/dbapi2.py", line 27, in <module>
    from _sqlite3 import *
ImportError: /lib/x86_64-linux-gnu/libstdc++.so.6: version `CXXABI_1.3.15' not found (required by /home/kisuk/miniforge3/envs/lerobot-arena/lib/python3.11/lib-dynload/../.././libicui18n.so.78)

2026-10-05T15:34:49Z [7,882ms] [Error] [omni.graph.tools._impl.internal.extension_contents_1_18] Exception while importing test omni.replicator.core.ogn.tests.TestOgnAugmentCPU: Traceback (most recent call last):
  File "/home/kisuk/miniforge3/envs/lerobot-arena/lib/python3.11/site-packages/isaacsim/extscache/omni.graph.tools-1.79.2+69cbf6ad/omni/graph/tools/_impl/internal/extension_contents_1_18.py", line 394, in do_import_test_definition
    test_module = load_module_from_file(test_module_name, test_file)
                  ^^^^^^^^^^^^^^^^^^^^^^^^^^^^^^^^^^^^^^^^^^^^^^^^^^
  File "/home/kisuk/miniforge3/envs/lerobot-arena/lib/python3.11/site-packages/isaacsim/extscache/omni.graph.tools-1.79.2+69cbf6ad/omni/graph/tools/_impl/internal/file_utils.py", line 239, in load_module_from_file
    spec.loader.exec_module(module)
  File "<frozen importlib._bootstrap_external>", line 940, in exec_module
  File "<frozen importlib._bootstrap>", line 241, in _call_with_frames_removed
  File "/home/kisuk/miniforge3/envs/lerobot-arena/lib/python3.11/site-packages/isaacsim/extscache/omni.replicator.core-1.12.27+107.3.3.lx64.r.cp311/omni/replicator/core/ogn/tests/TestOgnAugmentCPU.py", line 2, in <module>
    import omni.kit.test
  File "/home/kisuk/miniforge3/envs/lerobot-arena/lib/python3.11/site-packages/isaacsim/extscache/omni.kit.test-2.0.1+69cbf6ad.lx64.r.cp311/omni/kit/test/__init__.py", line 7, in <module>
    from . import unittests
  File "/home/kisuk/miniforge3/envs/lerobot-arena/lib/python3.11/site-packages/isaacsim/extscache/omni.kit.test-2.0.1+69cbf6ad.lx64.r.cp311/omni/kit/test/unittests.py", line 21, in <module>
    from .async_unittest import AsyncTestSuite, AsyncTextTestRunner, OmniTestResult, AsyncTestCase
  File "/home/kisuk/miniforge3/envs/lerobot-arena/lib/python3.11/site-packages/isaacsim/extscache/omni.kit.test-2.0.1+69cbf6ad.lx64.r.cp311/omni/kit/test/async_unittest.py", line 25, in <module>
    from .reporter import TestReporter
  File "/home/kisuk/miniforge3/envs/lerobot-arena/lib/python3.11/site-packages/isaacsim/extscache/omni.kit.test-2.0.1+69cbf6ad.lx64.r.cp311/omni/kit/test/reporter.py", line 27, in <module>
    from .test_coverage import generate_coverage_report
  File "/home/kisuk/miniforge3/envs/lerobot-arena/lib/python3.11/site-packages/isaacsim/extscache/omni.kit.test-2.0.1+69cbf6ad.lx64.r.cp311/omni/kit/test/test_coverage.py", line 10, in <module>
    import coverage
  File "/home/kisuk/miniforge3/envs/lerobot-arena/lib/python3.11/site-packages/coverage/__init__.py", line 24, in <module>
    from coverage.control import (
  File "/home/kisuk/miniforge3/envs/lerobot-arena/lib/python3.11/site-packages/coverage/control.py", line 28, in <module>
    from coverage.collector import Collector, HAS_CTRACER
  File "/home/kisuk/miniforge3/envs/lerobot-arena/lib/python3.11/site-packages/coverage/collector.py", line 19, in <module>
    from coverage.data import CoverageData
  File "/home/kisuk/miniforge3/envs/lerobot-arena/lib/python3.11/site-packages/coverage/data.py", line 24, in <module>
    from coverage.sqldata import CoverageData
  File "/home/kisuk/miniforge3/envs/lerobot-arena/lib/python3.11/site-packages/coverage/sqldata.py", line 16, in <module>
    import sqlite3
  File "/home/kisuk/miniforge3/envs/lerobot-arena/lib/python3.11/sqlite3/__init__.py", line 57, in <module>
    from sqlite3.dbapi2 import *
  File "/home/kisuk/miniforge3/envs/lerobot-arena/lib/python3.11/sqlite3/dbapi2.py", line 27, in <module>
    from _sqlite3 import *
ImportError: /lib/x86_64-linux-gnu/libstdc++.so.6: version `CXXABI_1.3.15' not found (required by /home/kisuk/miniforge3/envs/lerobot-arena/lib/python3.11/lib-dynload/../.././libicui18n.so.78)

2026-10-05T15:34:49Z [7,917ms] [Error] [omni.graph.tools._impl.internal.extension_contents_1_18] Exception while importing test omni.replicator.core.ogn.tests.TestOgnSampleRotation: Traceback (most recent call last):
  File "/home/kisuk/miniforge3/envs/lerobot-arena/lib/python3.11/site-packages/isaacsim/extscache/omni.graph.tools-1.79.2+69cbf6ad/omni/graph/tools/_impl/internal/extension_contents_1_18.py", line 394, in do_import_test_definition
    test_module = load_module_from_file(test_module_name, test_file)
                  ^^^^^^^^^^^^^^^^^^^^^^^^^^^^^^^^^^^^^^^^^^^^^^^^^^
  File "/home/kisuk/miniforge3/envs/lerobot-arena/lib/python3.11/site-packages/isaacsim/extscache/omni.graph.tools-1.79.2+69cbf6ad/omni/graph/tools/_impl/internal/file_utils.py", line 239, in load_module_from_file
    spec.loader.exec_module(module)
  File "<frozen importlib._bootstrap_external>", line 940, in exec_module
  File "<frozen importlib._bootstrap>", line 241, in _call_with_frames_removed
  File "/home/kisuk/miniforge3/envs/lerobot-arena/lib/python3.11/site-packages/isaacsim/extscache/omni.replicator.core-1.12.27+107.3.3.lx64.r.cp311/omni/replicator/core/ogn/tests/TestOgnSampleRotation.py", line 2, in <module>
    import omni.kit.test
  File "/home/kisuk/miniforge3/envs/lerobot-arena/lib/python3.11/site-packages/isaacsim/extscache/omni.kit.test-2.0.1+69cbf6ad.lx64.r.cp311/omni/kit/test/__init__.py", line 7, in <module>
    from . import unittests
  File "/home/kisuk/miniforge3/envs/lerobot-arena/lib/python3.11/site-packages/isaacsim/extscache/omni.kit.test-2.0.1+69cbf6ad.lx64.r.cp311/omni/kit/test/unittests.py", line 21, in <module>
    from .async_unittest import AsyncTestSuite, AsyncTextTestRunner, OmniTestResult, AsyncTestCase
  File "/home/kisuk/miniforge3/envs/lerobot-arena/lib/python3.11/site-packages/isaacsim/extscache/omni.kit.test-2.0.1+69cbf6ad.lx64.r.cp311/omni/kit/test/async_unittest.py", line 25, in <module>
    from .reporter import TestReporter
  File "/home/kisuk/miniforge3/envs/lerobot-arena/lib/python3.11/site-packages/isaacsim/extscache/omni.kit.test-2.0.1+69cbf6ad.lx64.r.cp311/omni/kit/test/reporter.py", line 27, in <module>
    from .test_coverage import generate_coverage_report
  File "/home/kisuk/miniforge3/envs/lerobot-arena/lib/python3.11/site-packages/isaacsim/extscache/omni.kit.test-2.0.1+69cbf6ad.lx64.r.cp311/omni/kit/test/test_coverage.py", line 10, in <module>
    import coverage
  File "/home/kisuk/miniforge3/envs/lerobot-arena/lib/python3.11/site-packages/coverage/__init__.py", line 24, in <module>
    from coverage.control import (
  File "/home/kisuk/miniforge3/envs/lerobot-arena/lib/python3.11/site-packages/coverage/control.py", line 28, in <module>
    from coverage.collector import Collector, HAS_CTRACER
  File "/home/kisuk/miniforge3/envs/lerobot-arena/lib/python3.11/site-packages/coverage/collector.py", line 19, in <module>
    from coverage.data import CoverageData
  File "/home/kisuk/miniforge3/envs/lerobot-arena/lib/python3.11/site-packages/coverage/data.py", line 24, in <module>
    from coverage.sqldata import CoverageData
  File "/home/kisuk/miniforge3/envs/lerobot-arena/lib/python3.11/site-packages/coverage/sqldata.py", line 16, in <module>
    import sqlite3
  File "/home/kisuk/miniforge3/envs/lerobot-arena/lib/python3.11/sqlite3/__init__.py", line 57, in <module>
    from sqlite3.dbapi2 import *
  File "/home/kisuk/miniforge3/envs/lerobot-arena/lib/python3.11/sqlite3/dbapi2.py", line 27, in <module>
    from _sqlite3 import *
ImportError: /lib/x86_64-linux-gnu/libstdc++.so.6: version `CXXABI_1.3.15' not found (required by /home/kisuk/miniforge3/envs/lerobot-arena/lib/python3.11/lib-dynload/../.././libicui18n.so.78)

2026-10-05T15:34:49Z [7,927ms] [Error] [omni.graph.tools._impl.internal.extension_contents_1_18] Exception while importing test omni.replicator.core.ogn.tests.TestOgnAugMotionBlurExp: Traceback (most recent call last):
  File "/home/kisuk/miniforge3/envs/lerobot-arena/lib/python3.11/site-packages/isaacsim/extscache/omni.graph.tools-1.79.2+69cbf6ad/omni/graph/tools/_impl/internal/extension_contents_1_18.py", line 394, in do_import_test_definition
    test_module = load_module_from_file(test_module_name, test_file)
                  ^^^^^^^^^^^^^^^^^^^^^^^^^^^^^^^^^^^^^^^^^^^^^^^^^^
  File "/home/kisuk/miniforge3/envs/lerobot-arena/lib/python3.11/site-packages/isaacsim/extscache/omni.graph.tools-1.79.2+69cbf6ad/omni/graph/tools/_impl/internal/file_utils.py", line 239, in load_module_from_file
    spec.loader.exec_module(module)
  File "<frozen importlib._bootstrap_external>", line 940, in exec_module
  File "<frozen importlib._bootstrap>", line 241, in _call_with_frames_removed
  File "/home/kisuk/miniforge3/envs/lerobot-arena/lib/python3.11/site-packages/isaacsim/extscache/omni.replicator.core-1.12.27+107.3.3.lx64.r.cp311/omni/replicator/core/ogn/tests/TestOgnAugMotionBlurExp.py", line 2, in <module>
    import omni.kit.test
  File "/home/kisuk/miniforge3/envs/lerobot-arena/lib/python3.11/site-packages/isaacsim/extscache/omni.kit.test-2.0.1+69cbf6ad.lx64.r.cp311/omni/kit/test/__init__.py", line 7, in <module>
    from . import unittests
  File "/home/kisuk/miniforge3/envs/lerobot-arena/lib/python3.11/site-packages/isaacsim/extscache/omni.kit.test-2.0.1+69cbf6ad.lx64.r.cp311/omni/kit/test/unittests.py", line 21, in <module>
    from .async_unittest import AsyncTestSuite, AsyncTextTestRunner, OmniTestResult, AsyncTestCase
  File "/home/kisuk/miniforge3/envs/lerobot-arena/lib/python3.11/site-packages/isaacsim/extscache/omni.kit.test-2.0.1+69cbf6ad.lx64.r.cp311/omni/kit/test/async_unittest.py", line 25, in <module>
    from .reporter import TestReporter
  File "/home/kisuk/miniforge3/envs/lerobot-arena/lib/python3.11/site-packages/isaacsim/extscache/omni.kit.test-2.0.1+69cbf6ad.lx64.r.cp311/omni/kit/test/reporter.py", line 27, in <module>
    from .test_coverage import generate_coverage_report
  File "/home/kisuk/miniforge3/envs/lerobot-arena/lib/python3.11/site-packages/isaacsim/extscache/omni.kit.test-2.0.1+69cbf6ad.lx64.r.cp311/omni/kit/test/test_coverage.py", line 10, in <module>
    import coverage
  File "/home/kisuk/miniforge3/envs/lerobot-arena/lib/python3.11/site-packages/coverage/__init__.py", line 24, in <module>
    from coverage.control import (
  File "/home/kisuk/miniforge3/envs/lerobot-arena/lib/python3.11/site-packages/coverage/control.py", line 28, in <module>
    from coverage.collector import Collector, HAS_CTRACER
  File "/home/kisuk/miniforge3/envs/lerobot-arena/lib/python3.11/site-packages/coverage/collector.py", line 19, in <module>
    from coverage.data import CoverageData
  File "/home/kisuk/miniforge3/envs/lerobot-arena/lib/python3.11/site-packages/coverage/data.py", line 24, in <module>
    from coverage.sqldata import CoverageData
  File "/home/kisuk/miniforge3/envs/lerobot-arena/lib/python3.11/site-packages/coverage/sqldata.py", line 16, in <module>
    import sqlite3
  File "/home/kisuk/miniforge3/envs/lerobot-arena/lib/python3.11/sqlite3/__init__.py", line 57, in <module>
    from sqlite3.dbapi2 import *
  File "/home/kisuk/miniforge3/envs/lerobot-arena/lib/python3.11/sqlite3/dbapi2.py", line 27, in <module>
    from _sqlite3 import *
ImportError: /lib/x86_64-linux-gnu/libstdc++.so.6: version `CXXABI_1.3.15' not found (required by /home/kisuk/miniforge3/envs/lerobot-arena/lib/python3.11/lib-dynload/../.././libicui18n.so.78)

2026-10-05T15:34:49Z [7,943ms] [Error] [omni.graph.tools._impl.internal.extension_contents_1_18] Exception while importing test omni.replicator.core.ogn.tests.TestOgnSampleLogUniform: Traceback (most recent call last):
  File "/home/kisuk/miniforge3/envs/lerobot-arena/lib/python3.11/site-packages/isaacsim/extscache/omni.graph.tools-1.79.2+69cbf6ad/omni/graph/tools/_impl/internal/extension_contents_1_18.py", line 394, in do_import_test_definition
    test_module = load_module_from_file(test_module_name, test_file)
                  ^^^^^^^^^^^^^^^^^^^^^^^^^^^^^^^^^^^^^^^^^^^^^^^^^^
  File "/home/kisuk/miniforge3/envs/lerobot-arena/lib/python3.11/site-packages/isaacsim/extscache/omni.graph.tools-1.79.2+69cbf6ad/omni/graph/tools/_impl/internal/file_utils.py", line 239, in load_module_from_file
    spec.loader.exec_module(module)
  File "<frozen importlib._bootstrap_external>", line 940, in exec_module
  File "<frozen importlib._bootstrap>", line 241, in _call_with_frames_removed
  File "/home/kisuk/miniforge3/envs/lerobot-arena/lib/python3.11/site-packages/isaacsim/extscache/omni.replicator.core-1.12.27+107.3.3.lx64.r.cp311/omni/replicator/core/ogn/tests/TestOgnSampleLogUniform.py", line 2, in <module>
    import omni.kit.test
  File "/home/kisuk/miniforge3/envs/lerobot-arena/lib/python3.11/site-packages/isaacsim/extscache/omni.kit.test-2.0.1+69cbf6ad.lx64.r.cp311/omni/kit/test/__init__.py", line 7, in <module>
    from . import unittests
  File "/home/kisuk/miniforge3/envs/lerobot-arena/lib/python3.11/site-packages/isaacsim/extscache/omni.kit.test-2.0.1+69cbf6ad.lx64.r.cp311/omni/kit/test/unittests.py", line 21, in <module>
    from .async_unittest import AsyncTestSuite, AsyncTextTestRunner, OmniTestResult, AsyncTestCase
  File "/home/kisuk/miniforge3/envs/lerobot-arena/lib/python3.11/site-packages/isaacsim/extscache/omni.kit.test-2.0.1+69cbf6ad.lx64.r.cp311/omni/kit/test/async_unittest.py", line 25, in <module>
    from .reporter import TestReporter
  File "/home/kisuk/miniforge3/envs/lerobot-arena/lib/python3.11/site-packages/isaacsim/extscache/omni.kit.test-2.0.1+69cbf6ad.lx64.r.cp311/omni/kit/test/reporter.py", line 27, in <module>
    from .test_coverage import generate_coverage_report
  File "/home/kisuk/miniforge3/envs/lerobot-arena/lib/python3.11/site-packages/isaacsim/extscache/omni.kit.test-2.0.1+69cbf6ad.lx64.r.cp311/omni/kit/test/test_coverage.py", line 10, in <module>
    import coverage
  File "/home/kisuk/miniforge3/envs/lerobot-arena/lib/python3.11/site-packages/coverage/__init__.py", line 24, in <module>
    from coverage.control import (
  File "/home/kisuk/miniforge3/envs/lerobot-arena/lib/python3.11/site-packages/coverage/control.py", line 28, in <module>
    from coverage.collector import Collector, HAS_CTRACER
  File "/home/kisuk/miniforge3/envs/lerobot-arena/lib/python3.11/site-packages/coverage/collector.py", line 19, in <module>
    from coverage.data import CoverageData
  File "/home/kisuk/miniforge3/envs/lerobot-arena/lib/python3.11/site-packages/coverage/data.py", line 24, in <module>
    from coverage.sqldata import CoverageData
  File "/home/kisuk/miniforge3/envs/lerobot-arena/lib/python3.11/site-packages/coverage/sqldata.py", line 16, in <module>
    import sqlite3
  File "/home/kisuk/miniforge3/envs/lerobot-arena/lib/python3.11/sqlite3/__init__.py", line 57, in <module>
    from sqlite3.dbapi2 import *
  File "/home/kisuk/miniforge3/envs/lerobot-arena/lib/python3.11/sqlite3/dbapi2.py", line 27, in <module>
    from _sqlite3 import *
ImportError: /lib/x86_64-linux-gnu/libstdc++.so.6: version `CXXABI_1.3.15' not found (required by /home/kisuk/miniforge3/envs/lerobot-arena/lib/python3.11/lib-dynload/../.././libicui18n.so.78)

2026-10-05T15:34:49Z [7,986ms] [Error] [omni.graph.tools._impl.internal.extension_contents_1_18] Exception while importing test omni.replicator.core.ogn.tests.TestOgnAugPixellateExp: Traceback (most recent call last):
  File "/home/kisuk/miniforge3/envs/lerobot-arena/lib/python3.11/site-packages/isaacsim/extscache/omni.graph.tools-1.79.2+69cbf6ad/omni/graph/tools/_impl/internal/extension_contents_1_18.py", line 394, in do_import_test_definition
    test_module = load_module_from_file(test_module_name, test_file)
                  ^^^^^^^^^^^^^^^^^^^^^^^^^^^^^^^^^^^^^^^^^^^^^^^^^^
  File "/home/kisuk/miniforge3/envs/lerobot-arena/lib/python3.11/site-packages/isaacsim/extscache/omni.graph.tools-1.79.2+69cbf6ad/omni/graph/tools/_impl/internal/file_utils.py", line 239, in load_module_from_file
    spec.loader.exec_module(module)
  File "<frozen importlib._bootstrap_external>", line 940, in exec_module
  File "<frozen importlib._bootstrap>", line 241, in _call_with_frames_removed
  File "/home/kisuk/miniforge3/envs/lerobot-arena/lib/python3.11/site-packages/isaacsim/extscache/omni.replicator.core-1.12.27+107.3.3.lx64.r.cp311/omni/replicator/core/ogn/tests/TestOgnAugPixellateExp.py", line 2, in <module>
    import omni.kit.test
  File "/home/kisuk/miniforge3/envs/lerobot-arena/lib/python3.11/site-packages/isaacsim/extscache/omni.kit.test-2.0.1+69cbf6ad.lx64.r.cp311/omni/kit/test/__init__.py", line 7, in <module>
    from . import unittests
  File "/home/kisuk/miniforge3/envs/lerobot-arena/lib/python3.11/site-packages/isaacsim/extscache/omni.kit.test-2.0.1+69cbf6ad.lx64.r.cp311/omni/kit/test/unittests.py", line 21, in <module>
    from .async_unittest import AsyncTestSuite, AsyncTextTestRunner, OmniTestResult, AsyncTestCase
  File "/home/kisuk/miniforge3/envs/lerobot-arena/lib/python3.11/site-packages/isaacsim/extscache/omni.kit.test-2.0.1+69cbf6ad.lx64.r.cp311/omni/kit/test/async_unittest.py", line 25, in <module>
    from .reporter import TestReporter
  File "/home/kisuk/miniforge3/envs/lerobot-arena/lib/python3.11/site-packages/isaacsim/extscache/omni.kit.test-2.0.1+69cbf6ad.lx64.r.cp311/omni/kit/test/reporter.py", line 27, in <module>
    from .test_coverage import generate_coverage_report
  File "/home/kisuk/miniforge3/envs/lerobot-arena/lib/python3.11/site-packages/isaacsim/extscache/omni.kit.test-2.0.1+69cbf6ad.lx64.r.cp311/omni/kit/test/test_coverage.py", line 10, in <module>
    import coverage
  File "/home/kisuk/miniforge3/envs/lerobot-arena/lib/python3.11/site-packages/coverage/__init__.py", line 24, in <module>
    from coverage.control import (
  File "/home/kisuk/miniforge3/envs/lerobot-arena/lib/python3.11/site-packages/coverage/control.py", line 28, in <module>
    from coverage.collector import Collector, HAS_CTRACER
  File "/home/kisuk/miniforge3/envs/lerobot-arena/lib/python3.11/site-packages/coverage/collector.py", line 19, in <module>
    from coverage.data import CoverageData
  File "/home/kisuk/miniforge3/envs/lerobot-arena/lib/python3.11/site-packages/coverage/data.py", line 24, in <module>
    from coverage.sqldata import CoverageData
  File "/home/kisuk/miniforge3/envs/lerobot-arena/lib/python3.11/site-packages/coverage/sqldata.py", line 16, in <module>
    import sqlite3
  File "/home/kisuk/miniforge3/envs/lerobot-arena/lib/python3.11/sqlite3/__init__.py", line 57, in <module>
    from sqlite3.dbapi2 import *
  File "/home/kisuk/miniforge3/envs/lerobot-arena/lib/python3.11/sqlite3/dbapi2.py", line 27, in <module>
    from _sqlite3 import *
ImportError: /lib/x86_64-linux-gnu/libstdc++.so.6: version `CXXABI_1.3.15' not found (required by /home/kisuk/miniforge3/envs/lerobot-arena/lib/python3.11/lib-dynload/../.././libicui18n.so.78)

2026-10-05T15:34:49Z [8,006ms] [Error] [omni.graph.tools._impl.internal.extension_contents_1_18] Exception while importing test omni.replicator.core.ogn.tests.TestOgnPhysicsSimulate: Traceback (most recent call last):
  File "/home/kisuk/miniforge3/envs/lerobot-arena/lib/python3.11/site-packages/isaacsim/extscache/omni.graph.tools-1.79.2+69cbf6ad/omni/graph/tools/_impl/internal/extension_contents_1_18.py", line 394, in do_import_test_definition
    test_module = load_module_from_file(test_module_name, test_file)
                  ^^^^^^^^^^^^^^^^^^^^^^^^^^^^^^^^^^^^^^^^^^^^^^^^^^
  File "/home/kisuk/miniforge3/envs/lerobot-arena/lib/python3.11/site-packages/isaacsim/extscache/omni.graph.tools-1.79.2+69cbf6ad/omni/graph/tools/_impl/internal/file_utils.py", line 239, in load_module_from_file
    spec.loader.exec_module(module)
  File "<frozen importlib._bootstrap_external>", line 940, in exec_module
  File "<frozen importlib._bootstrap>", line 241, in _call_with_frames_removed
  File "/home/kisuk/miniforge3/envs/lerobot-arena/lib/python3.11/site-packages/isaacsim/extscache/omni.replicator.core-1.12.27+107.3.3.lx64.r.cp311/omni/replicator/core/ogn/tests/TestOgnPhysicsSimulate.py", line 2, in <module>
    import omni.kit.test
  File "/home/kisuk/miniforge3/envs/lerobot-arena/lib/python3.11/site-packages/isaacsim/extscache/omni.kit.test-2.0.1+69cbf6ad.lx64.r.cp311/omni/kit/test/__init__.py", line 7, in <module>
    from . import unittests
  File "/home/kisuk/miniforge3/envs/lerobot-arena/lib/python3.11/site-packages/isaacsim/extscache/omni.kit.test-2.0.1+69cbf6ad.lx64.r.cp311/omni/kit/test/unittests.py", line 21, in <module>
    from .async_unittest import AsyncTestSuite, AsyncTextTestRunner, OmniTestResult, AsyncTestCase
  File "/home/kisuk/miniforge3/envs/lerobot-arena/lib/python3.11/site-packages/isaacsim/extscache/omni.kit.test-2.0.1+69cbf6ad.lx64.r.cp311/omni/kit/test/async_unittest.py", line 25, in <module>
    from .reporter import TestReporter
  File "/home/kisuk/miniforge3/envs/lerobot-arena/lib/python3.11/site-packages/isaacsim/extscache/omni.kit.test-2.0.1+69cbf6ad.lx64.r.cp311/omni/kit/test/reporter.py", line 27, in <module>
    from .test_coverage import generate_coverage_report
  File "/home/kisuk/miniforge3/envs/lerobot-arena/lib/python3.11/site-packages/isaacsim/extscache/omni.kit.test-2.0.1+69cbf6ad.lx64.r.cp311/omni/kit/test/test_coverage.py", line 10, in <module>
    import coverage
  File "/home/kisuk/miniforge3/envs/lerobot-arena/lib/python3.11/site-packages/coverage/__init__.py", line 24, in <module>
    from coverage.control import (
  File "/home/kisuk/miniforge3/envs/lerobot-arena/lib/python3.11/site-packages/coverage/control.py", line 28, in <module>
    from coverage.collector import Collector, HAS_CTRACER
  File "/home/kisuk/miniforge3/envs/lerobot-arena/lib/python3.11/site-packages/coverage/collector.py", line 19, in <module>
    from coverage.data import CoverageData
  File "/home/kisuk/miniforge3/envs/lerobot-arena/lib/python3.11/site-packages/coverage/data.py", line 24, in <module>
    from coverage.sqldata import CoverageData
  File "/home/kisuk/miniforge3/envs/lerobot-arena/lib/python3.11/site-packages/coverage/sqldata.py", line 16, in <module>
    import sqlite3
  File "/home/kisuk/miniforge3/envs/lerobot-arena/lib/python3.11/sqlite3/__init__.py", line 57, in <module>
    from sqlite3.dbapi2 import *
  File "/home/kisuk/miniforge3/envs/lerobot-arena/lib/python3.11/sqlite3/dbapi2.py", line 27, in <module>
    from _sqlite3 import *
ImportError: /lib/x86_64-linux-gnu/libstdc++.so.6: version `CXXABI_1.3.15' not found (required by /home/kisuk/miniforge3/envs/lerobot-arena/lib/python3.11/lib-dynload/../.././libicui18n.so.78)

2026-10-05T15:34:49Z [8,015ms] [Error] [omni.graph.tools._impl.internal.extension_contents_1_18] Exception while importing test omni.replicator.core.ogn.tests.TestOgnModifyProjectionMaterial: Traceback (most recent call last):
  File "/home/kisuk/miniforge3/envs/lerobot-arena/lib/python3.11/site-packages/isaacsim/extscache/omni.graph.tools-1.79.2+69cbf6ad/omni/graph/tools/_impl/internal/extension_contents_1_18.py", line 394, in do_import_test_definition
    test_module = load_module_from_file(test_module_name, test_file)
                  ^^^^^^^^^^^^^^^^^^^^^^^^^^^^^^^^^^^^^^^^^^^^^^^^^^
  File "/home/kisuk/miniforge3/envs/lerobot-arena/lib/python3.11/site-packages/isaacsim/extscache/omni.graph.tools-1.79.2+69cbf6ad/omni/graph/tools/_impl/internal/file_utils.py", line 239, in load_module_from_file
    spec.loader.exec_module(module)
  File "<frozen importlib._bootstrap_external>", line 940, in exec_module
  File "<frozen importlib._bootstrap>", line 241, in _call_with_frames_removed
  File "/home/kisuk/miniforge3/envs/lerobot-arena/lib/python3.11/site-packages/isaacsim/extscache/omni.replicator.core-1.12.27+107.3.3.lx64.r.cp311/omni/replicator/core/ogn/tests/TestOgnModifyProjectionMaterial.py", line 2, in <module>
    import omni.kit.test
  File "/home/kisuk/miniforge3/envs/lerobot-arena/lib/python3.11/site-packages/isaacsim/extscache/omni.kit.test-2.0.1+69cbf6ad.lx64.r.cp311/omni/kit/test/__init__.py", line 7, in <module>
    from . import unittests
  File "/home/kisuk/miniforge3/envs/lerobot-arena/lib/python3.11/site-packages/isaacsim/extscache/omni.kit.test-2.0.1+69cbf6ad.lx64.r.cp311/omni/kit/test/unittests.py", line 21, in <module>
    from .async_unittest import AsyncTestSuite, AsyncTextTestRunner, OmniTestResult, AsyncTestCase
  File "/home/kisuk/miniforge3/envs/lerobot-arena/lib/python3.11/site-packages/isaacsim/extscache/omni.kit.test-2.0.1+69cbf6ad.lx64.r.cp311/omni/kit/test/async_unittest.py", line 25, in <module>
    from .reporter import TestReporter
  File "/home/kisuk/miniforge3/envs/lerobot-arena/lib/python3.11/site-packages/isaacsim/extscache/omni.kit.test-2.0.1+69cbf6ad.lx64.r.cp311/omni/kit/test/reporter.py", line 27, in <module>
    from .test_coverage import generate_coverage_report
  File "/home/kisuk/miniforge3/envs/lerobot-arena/lib/python3.11/site-packages/isaacsim/extscache/omni.kit.test-2.0.1+69cbf6ad.lx64.r.cp311/omni/kit/test/test_coverage.py", line 10, in <module>
    import coverage
  File "/home/kisuk/miniforge3/envs/lerobot-arena/lib/python3.11/site-packages/coverage/__init__.py", line 24, in <module>
    from coverage.control import (
  File "/home/kisuk/miniforge3/envs/lerobot-arena/lib/python3.11/site-packages/coverage/control.py", line 28, in <module>
    from coverage.collector import Collector, HAS_CTRACER
  File "/home/kisuk/miniforge3/envs/lerobot-arena/lib/python3.11/site-packages/coverage/collector.py", line 19, in <module>
    from coverage.data import CoverageData
  File "/home/kisuk/miniforge3/envs/lerobot-arena/lib/python3.11/site-packages/coverage/data.py", line 24, in <module>
    from coverage.sqldata import CoverageData
  File "/home/kisuk/miniforge3/envs/lerobot-arena/lib/python3.11/site-packages/coverage/sqldata.py", line 16, in <module>
    import sqlite3
  File "/home/kisuk/miniforge3/envs/lerobot-arena/lib/python3.11/sqlite3/__init__.py", line 57, in <module>
    from sqlite3.dbapi2 import *
  File "/home/kisuk/miniforge3/envs/lerobot-arena/lib/python3.11/sqlite3/dbapi2.py", line 27, in <module>
    from _sqlite3 import *
ImportError: /lib/x86_64-linux-gnu/libstdc++.so.6: version `CXXABI_1.3.15' not found (required by /home/kisuk/miniforge3/envs/lerobot-arena/lib/python3.11/lib-dynload/../.././libicui18n.so.78)

[INFO][AppLauncher]: Using device: cuda:0
[INFO][AppLauncher]: Loading experience file: /home/kisuk/IsaacLab_RS/apps/isaaclab.python.headless.rendering.kit
[INFO]: Parsing configuration from: isaaclab_tasks.manager_based.classic.ant.ant_team_eval_v21_env_cfg:AntTeamV21SeenControlEnvCfg
[INFO]: Parsing configuration from: isaaclab_tasks.manager_based.classic.ant.agents.ant_team_eval_v21_ppo_cfg:AntTeamV21BalancePPORunnerCfg
2026-10-05T15:34:54Z [12,446ms] [Warning] [omni.fabric.plugin] Warning: attribute viewportHandle not found for bucket id 7

2026-10-05T15:35:05Z [23,464ms] [Warning] [omni.physx.plugin] Damping attribute is unsupported for articulation joints and will be ignored (/World/envs/env_0/Robot/joints/front_left_leg).
2026-10-05T15:35:05Z [23,464ms] [Warning] [omni.physx.plugin] Damping attribute is unsupported for articulation joints and will be ignored (/World/envs/env_0/Robot/joints/front_left_foot).
2026-10-05T15:35:05Z [23,464ms] [Warning] [omni.physx.plugin] Damping attribute is unsupported for articulation joints and will be ignored (/World/envs/env_0/Robot/joints/front_right_leg).
2026-10-05T15:35:05Z [23,464ms] [Warning] [omni.physx.plugin] Damping attribute is unsupported for articulation joints and will be ignored (/World/envs/env_0/Robot/joints/front_right_foot).
2026-10-05T15:35:05Z [23,464ms] [Warning] [omni.physx.plugin] Damping attribute is unsupported for articulation joints and will be ignored (/World/envs/env_0/Robot/joints/left_back_leg).
2026-10-05T15:35:05Z [23,464ms] [Warning] [omni.physx.plugin] Damping attribute is unsupported for articulation joints and will be ignored (/World/envs/env_0/Robot/joints/left_back_foot).
2026-10-05T15:35:05Z [23,464ms] [Warning] [omni.physx.plugin] Damping attribute is unsupported for articulation joints and will be ignored (/World/envs/env_0/Robot/joints/right_back_leg).
2026-10-05T15:35:05Z [23,464ms] [Warning] [omni.physx.plugin] Damping attribute is unsupported for articulation joints and will be ignored (/World/envs/env_0/Robot/joints/right_back_foot).
2026-10-05T15:35:05Z [23,464ms] [Warning] [omni.physx.plugin] Damping attribute is unsupported for articulation joints and will be ignored (/World/envs/env_0/Robot/joints/front_right_leg).
2026-10-05T15:35:05Z [23,464ms] [Warning] [omni.physx.plugin] Damping attribute is unsupported for articulation joints and will be ignored (/World/envs/env_0/Robot/joints/front_right_foot).
2026-10-05T15:35:05Z [23,464ms] [Warning] [omni.physx.plugin] Damping attribute is unsupported for articulation joints and will be ignored (/World/envs/env_0/Robot/joints/left_back_leg).
2026-10-05T15:35:05Z [23,464ms] [Warning] [omni.physx.plugin] Damping attribute is unsupported for articulation joints and will be ignored (/World/envs/env_0/Robot/joints/left_back_foot).
2026-10-05T15:35:05Z [23,464ms] [Warning] [omni.physx.plugin] Damping attribute is unsupported for articulation joints and will be ignored (/World/envs/env_0/Robot/joints/right_back_leg).
2026-10-05T15:35:05Z [23,464ms] [Warning] [omni.physx.plugin] Damping attribute is unsupported for articulation joints and will be ignored (/World/envs/env_0/Robot/joints/right_back_foot).
2026-10-05T15:35:05Z [23,464ms] [Warning] [omni.physx.plugin] Damping attribute is unsupported for articulation joints and will be ignored (/World/envs/env_0/Robot/joints/front_right_leg).
2026-10-05T15:35:05Z [23,464ms] [Warning] [omni.physx.plugin] Damping attribute is unsupported for articulation joints and will be ignored (/World/envs/env_0/Robot/joints/front_right_foot).
2026-10-05T15:35:05Z [23,464ms] [Warning] [omni.physx.plugin] Damping attribute is unsupported for articulation joints and will be ignored (/World/envs/env_0/Robot/joints/left_back_leg).
2026-10-05T15:35:05Z [23,464ms] [Warning] [omni.physx.plugin] Damping attribute is unsupported for articulation joints and will be ignored (/World/envs/env_0/Robot/joints/left_back_foot).
2026-10-05T15:35:05Z [23,464ms] [Warning] [omni.physx.plugin] Damping attribute is unsupported for articulation joints and will be ignored (/World/envs/env_0/Robot/joints/right_back_leg).
2026-10-05T15:35:05Z [23,464ms] [Warning] [omni.physx.plugin] Damping attribute is unsupported for articulation joints and will be ignored (/World/envs/env_0/Robot/joints/right_back_foot).
2026-10-05T15:35:05Z [23,464ms] [Warning] [omni.physx.plugin] Damping attribute is unsupported for articulation joints and will be ignored (/World/envs/env_0/Robot/joints/left_back_leg).
2026-10-05T15:35:05Z [23,464ms] [Warning] [omni.physx.plugin] Damping attribute is unsupported for articulation joints and will be ignored (/World/envs/env_0/Robot/joints/left_back_foot).
/home/kisuk/miniforge3/envs/lerobot-arena/lib/python3.11/site-packages/rsl_rl/utils/utils.py:244: UserWarning: The observation configuration dictionary 'obs_groups' must contain the 'policy' key. As an observation group with the name 'policy' was found, this is assumed to be the observation set. Consider adding the 'policy' key to the 'obs_groups' dictionary for clarity. This behavior will be removed in a future version.
  warnings.warn(
/home/kisuk/miniforge3/envs/lerobot-arena/lib/python3.11/site-packages/rsl_rl/utils/utils.py:290: UserWarning: The observation configuration dictionary 'obs_groups' must contain the 'critic' key. As the configuration for 'critic' is missing, the observations from the 'policy' set are used. Consider adding the 'critic' key to the 'obs_groups' dictionary for clarity. This behavior will be removed in a future version.
  warnings.warn(
[INFO] Loading experiment from directory: /home/kisuk/IsaacLab_RS/logs/rsl_rl/ant_wave_diverse_balance_failure2_lift_scratch
Setting seed: 24
[INFO]: Base environment:
	Environment device    : cuda:0
	Environment seed      : 24
	Physics step-size     : 0.008333333333333333
	Rendering step-size   : 0.016666666666666666
	Environment step-size : 0.016666666666666666
[INFO] Generating terrains based on curriculum took : 2.790542 seconds
[INFO] Ant rough terrain: 5,826,008 triangles, 15 collision meshes.
[INFO] v2.1 origins x: -156.000 .. -124.000 m; levels 0..4
[INFO]: Time taken for scene creation : 7.889922 seconds
[INFO]: Scene manager:  <class InteractiveScene>
	Number of environments: 100
	Environment spacing   : 5.0
	Source prim name      : /World/envs/env_0
	Global prim paths     : ['/World/ground']
	Replicate physics     : True
[INFO]: Starting the simulation. This may take a few seconds. Please wait...
[INFO]: Time taken for simulation start : 2.478358 seconds
[INFO] Command Manager:  <CommandManager> contains 0 active terms.
+------------------------+
|  Active Command Terms  |
+--------+-------+-------+
| Index  | Name  |  Type |
+--------+-------+-------+
+--------+-------+-------+

[INFO] Event Manager:  <EventManager> contains 2 active terms.
+-------------------------------------+
| Active Event Terms in Mode: 'reset' |
+---------+---------------------------+
|  Index  | Name                      |
+---------+---------------------------+
|    0    | reset_base                |
|    1    | reset_robot_joints        |
+---------+---------------------------+
+-------------------------------------+
| Active Event Terms in Mode: 'startup' |
+-----------+-------------------------+
|   Index   | Name                    |
+-----------+-------------------------+
|     0     | robot_material          |
+-----------+-------------------------+

[INFO] Recorder Manager:  <RecorderManager> contains 1 active terms.
+-----------------------+
| Active Recorder Terms |
+---------+-------------+
|  Index  | Name        |
+---------+-------------+
|    0    | snapshot    |
+---------+-------------+

[INFO] Action Manager:  <ActionManager> contains 1 active terms.
+----------------------------------+
|  Active Action Terms (shape: 8)  |
+-------+--------------+-----------+
| Index | Name         | Dimension |
+-------+--------------+-----------+
|   0   | joint_effort |         8 |
+-------+--------------+-----------+

[INFO] Observation Manager: <ObservationManager> contains 1 groups.
+------------------------------------------------------------+
| Active Observation Terms in Group: 'policy' (shape: (123,)) |
+-----------+------------------------------------+-----------+
|   Index   | Name                               |   Shape   |
+-----------+------------------------------------+-----------+
|     0     | base_height                        |    (1,)   |
|     1     | base_lin_vel                       |    (3,)   |
|     2     | base_ang_vel                       |    (3,)   |
|     3     | base_yaw_roll                      |    (2,)   |
|     4     | base_angle_to_target               |    (1,)   |
|     5     | base_up_proj                       |    (1,)   |
|     6     | base_heading_proj                  |    (1,)   |
|     7     | joint_pos_norm                     |    (8,)   |
|     8     | joint_vel_rel                      |    (8,)   |
|     9     | feet_body_forces                   |   (24,)   |
|     10    | actions                            |    (8,)   |
|     11    | terrain_heights                    |   (63,)   |
+-----------+------------------------------------+-----------+

[INFO] Termination Manager:  <TerminationManager> contains 2 active terms.
+---------------------------------+
|     Active Termination Terms    |
+-------+--------------+----------+
| Index | Name         | Time Out |
+-------+--------------+----------+
|   0   | time_out     |   True   |
|   1   | torso_height |  False   |
+-------+--------------+----------+

[INFO] Reward Manager:  <RewardManager> contains 7 active terms.
+-----------------------------------+
|        Active Reward Terms        |
+-------+------------------+--------+
| Index | Name             | Weight |
+-------+------------------+--------+
|   0   | progress         |    1.0 |
|   1   | alive            |    0.5 |
|   2   | upright          |    0.1 |
|   3   | move_to_target   |    0.5 |
|   4   | action_l2        | -0.005 |
|   5   | energy           |  -0.05 |
|   6   | joint_pos_limits |   -0.1 |
+-------+------------------+--------+

[INFO] Curriculum Manager:  <CurriculumManager> contains 0 active terms.
+----------------------+
| Active Curriculum Terms |
+-----------+----------+
|   Index   | Name     |
+-----------+----------+
+-----------+----------+

[INFO]: Completed setting up the environment...
[INFO] Recording videos during training.
        video_folder: /home/kisuk/IsaacLab_RS/logs/team_eval_v21_video_hdtwZBvG/videos/SeenControl
        step_trigger: lambda step: step == 0
        video_length: 960
        disable_logger: True
[INFO]: Loading model checkpoint from: /home/kisuk/IsaacLab_RS/logs/rsl_rl/ant_wave_diverse_balance_failure2_lift_scratch/2026-10-05_20-27-23_balance_failure2_lift_scratch_seed42/model_5999.pt
--------------------------------------------------------------------------------
Resolved observation sets: 
	 policy :  ['policy']
	 critic :  ['policy']
--------------------------------------------------------------------------------
Actor MLP: MLP(
  (0): Linear(in_features=123, out_features=400, bias=True)
  (1): ELU(alpha=1.0)
  (2): Linear(in_features=400, out_features=200, bias=True)
  (3): ELU(alpha=1.0)
  (4): Linear(in_features=200, out_features=100, bias=True)
  (5): ELU(alpha=1.0)
  (6): Linear(in_features=100, out_features=8, bias=True)
)
Critic MLP: MLP(
  (0): Linear(in_features=123, out_features=400, bias=True)
  (1): ELU(alpha=1.0)
  (2): Linear(in_features=400, out_features=200, bias=True)
  (3): ELU(alpha=1.0)
  (4): Linear(in_features=200, out_features=100, bias=True)
  (5): ELU(alpha=1.0)
  (6): Linear(in_features=100, out_features=1, bias=True)
)
[INFO] All 100 environments finished their first episode.
[INFO] Completed first episodes: 100/100
[RESULT] Episode reward total: mean=94.770001, std=32.678597
[RESULT] Episode steps: mean=916.610000, std=146.346773
[RESULT] Target progress (m): mean=96.649948, std=33.435056
[RESULT] Forward displacement (m): mean=96.748341, std=33.445100
[RESULT] Timeout without failure rate: 0.890000
[RESULT] Termination rate: 0.110000
[RESULT] Missing ground/scan episodes: 0/0
[RESULT] JSON: /home/kisuk/IsaacLab_RS/logs/team_eval_v21_video_hdtwZBvG/SeenControl.json
2026-10-05T15:35:05Z [23,464ms] [Warning] [omni.physx.plugin] Damping attribute is unsupported for articulation joints and will be ignored (/World/envs/env_0/Robot/joints/right_back_leg).
2026-10-05T15:35:05Z [23,464ms] [Warning] [omni.physx.plugin] Damping attribute is unsupported for articulation joints and will be ignored (/World/envs/env_0/Robot/joints/right_back_foot).
2026-10-05T15:35:05Z [23,464ms] [Warning] [omni.physx.plugin] Damping attribute is unsupported for articulation joints and will be ignored (/World/envs/env_0/Robot/joints/left_back_leg).
2026-10-05T15:35:05Z [23,464ms] [Warning] [omni.physx.plugin] Damping attribute is unsupported for articulation joints and will be ignored (/World/envs/env_0/Robot/joints/left_back_foot).
2026-10-05T15:35:05Z [23,464ms] [Warning] [omni.physx.plugin] Damping attribute is unsupported for articulation joints and will be ignored (/World/envs/env_0/Robot/joints/right_back_leg).
2026-10-05T15:35:05Z [23,465ms] [Warning] [omni.physx.plugin] Damping attribute is unsupported for articulation joints and will be ignored (/World/envs/env_0/Robot/joints/right_back_foot).
2026-10-05T15:35:05Z [23,465ms] [Warning] [omni.physx.plugin] Damping attribute is unsupported for articulation joints and will be ignored (/World/envs/env_0/Robot/joints/right_back_leg).
2026-10-05T15:35:05Z [23,465ms] [Warning] [omni.physx.plugin] Damping attribute is unsupported for articulation joints and will be ignored (/World/envs/env_0/Robot/joints/right_back_foot).
2026-10-05T15:35:05Z [23,465ms] [Warning] [omni.physx.plugin] Damping attribute is unsupported for articulation joints and will be ignored (/World/envs/env_0/Robot/joints/right_back_leg).
2026-10-05T15:35:05Z [23,465ms] [Warning] [omni.physx.plugin] Damping attribute is unsupported for articulation joints and will be ignored (/World/envs/env_0/Robot/joints/right_back_foot).
2026-10-05T15:35:07Z [26,027ms] [Warning] [omni.syntheticdata.plugin] OgnSdPostRenderVarToHost : rendervar copy from texture directly to host buffer is counter-performant. Please use copy from texture to device buffer first.
