iteration,train_mean_reward,train_mean_episode_length
0,-0.44451412558555603,15.53125
1,-1.1644388437271118,33.94117736816406
2,-3.518418788909912,76.73999786376953
3,-5.266107559204102,115.44000244140625
4,-5.700331211090088,146.3000030517578
5,-6.4900126457214355,171.2100067138672
6,-6.803390979766846,185.74000549316406
7,-6.849246025085449,205.61000061035156
8,-6.627235412597656,214.02999877929688
9,-7.303325176239014,238.86000061035156
10,-7.381359100341797,254.13999938964844
11,-7.07401180267334,265.0799865722656
12,-7.541934490203857,290.1300048828125
13,-7.255746364593506,307.9800109863281
14,-7.362086296081543,338.0899963378906
15,-7.309235572814941,355.8999938964844
16,-6.576181888580322,354.8599853515625
17,-6.338023662567139,353.9599914550781
18,-6.505438327789307,376.760009765625
19,-6.4984331130981445,393.5899963378906
20,-7.553487300872803,437.1400146484375
21,-7.203484058380127,462.29998779296875
22,-7.0797247886657715,485.20001220703125
23,-7.230720520019531,520.9600219726562
24,-6.890787601470947,529.3900146484375
25,-6.7347283363342285,556.5800170898438
26,-7.2879815101623535,605.1400146484375
27,-7.288609504699707,650.260009765625
28,-7.0044121742248535,657.1099853515625
29,-7.067506790161133,687.27001953125
30,-6.827411651611328,723.6400146484375
31,-6.2923712730407715,768.6699829101562
32,-5.217722415924072,856.2000122070312
33,-4.002045154571533,953.780029296875
34,-2.915735960006714,954.9000244140625
35,-0.8459203243255615,919.22998046875
36,-0.03680192679166794,918.47998046875
37,1.4382741451263428,941.030029296875
38,2.7388596534729004,913.0800170898438
39,3.4313852787017822,911.8699951171875
40,4.126850605010986,939.7899780273438
41,5.3029608726501465,918.8400268554688
42,6.2316083908081055,923.97998046875
43,6.979462623596191,922.469970703125
44,7.136695861816406,897.8300170898438
45,7.327308177947998,881.1199951171875
46,7.6666789054870605,870.9000244140625
47,7.70490837097168,853.8800048828125
48,8.037497520446777,852.9500122070312
49,7.887146949768066,843.2999877929688
50,7.875311374664307,824.5800170898438
51,8.394125938415527,836.3900146484375
52,8.424748420715332,812.6099853515625
53,9.189453125,817.4000244140625
54,9.339546203613281,802.8800048828125
55,9.66765022277832,811.6799926757812
56,10.280131340026855,823.0399780273438
57,10.17121410369873,810.3200073242188
58,10.065831184387207,812.2999877929688
59,10.316750526428223,789.469970703125
60,10.533138275146484,768.6099853515625
61,11.4611177444458,775.3400268554688
62,13.296785354614258,830.1900024414062
63,15.033315658569336,904.4400024414062
64,15.661089897155762,921.010009765625
65,16.155942916870117,924.4600219726562
66,16.69241714477539,911.4400024414062
67,17.214988708496094,922.1199951171875
68,16.81670379638672,926.7100219726562
69,16.962026596069336,886.510009765625
70,16.569135665893555,859.6300048828125
71,16.237947463989258,847.0900268554688
72,15.774896621704102,830.530029296875
73,15.85524845123291,816.9600219726562
74,17.07184410095215,840.22998046875
75,17.322845458984375,850.4299926757812
76,15.510994911193848,788.5599975585938
77,15.160059928894043,769.9299926757812
78,15.151104927062988,753.3400268554688
79,15.962657928466797,786.530029296875
80,15.767900466918945,768.22998046875
81,15.66572093963623,762.4400024414062
82,15.04770278930664,737.6699829101562
83,15.988016128540039,759.22998046875
84,16.394588470458984,771.9500122070312
85,16.550674438476562,777.4500122070312
86,16.967037200927734,788.3200073242188
87,17.808887481689453,792.8499755859375
88,17.67351722717285,781.1699829101562
89,18.972238540649414,794.27001953125
90,18.465322494506836,776.2100219726562
91,19.34488296508789,791.1699829101562
92,20.02999496459961,825.6699829101562
93,21.471187591552734,882.7100219726562
94,22.2363224029541,899.22998046875
95,21.404674530029297,879.0900268554688
96,22.246992111206055,873.280029296875
97,23.352052688598633,888.0700073242188
98,22.498031616210938,875.9000244140625
99,20.93224334716797,827.5499877929688
100,20.743885040283203,834.1199951171875
101,20.28260612487793,811.8699951171875
102,20.50859832763672,804.9199829101562
103,21.609643936157227,821.4500122070312
104,20.965078353881836,797.510009765625
105,21.062274932861328,806.8200073242188
106,21.552963256835938,817.47998046875
107,22.355127334594727,829.3699951171875
108,21.407140731811523,797.2999877929688
109,21.03976058959961,784.3400268554688
110,20.524019241333008,770.1699829101562
111,20.95772933959961,786.219970703125
112,21.10125732421875,786.3800048828125
113,21.788728713989258,814.8300170898438
114,21.810083389282227,806.969970703125
115,21.880859375,805.8200073242188
116,22.499187469482422,814.8599853515625
117,22.94024085998535,828.1099853515625
118,22.180110931396484,794.3400268554688
119,21.105134963989258,744.4400024414062
120,20.54678726196289,734.6799926757812
121,22.002601623535156,777.6799926757812
122,23.642072677612305,817.8699951171875
123,25.986038208007812,851.9400024414062
124,26.413957595825195,865.6900024414062
125,28.602500915527344,916.8099975585938
126,28.786428451538086,917.1400146484375
127,27.24793243408203,889.3400268554688
128,26.60480308532715,859.7100219726562
129,27.709815979003906,885.8300170898438
130,27.43601417541504,877.8200073242188
131,27.247047424316406,890.6400146484375
132,26.6527099609375,869.2999877929688
133,26.634334564208984,866.0700073242188
134,27.49366569519043,882.3200073242188
135,27.800931930541992,872.8099975585938
136,27.84659194946289,854.8800048828125
137,28.290603637695312,863.7000122070312
138,28.356332778930664,868.739990234375
139,27.35247039794922,848.75
140,26.20450210571289,813.9199829101562
141,25.018657684326172,791.010009765625
142,24.707365036010742,790.8699951171875
143,24.259033203125,793.22998046875
144,23.88636016845703,781.9000244140625
145,24.984506607055664,805.72998046875
146,25.654117584228516,812.780029296875
147,26.496423721313477,819.2999877929688
148,25.9148006439209,811.0399780273438
149,26.17506217956543,791.8300170898438
150,25.767288208007812,800.0
151,26.9926815032959,819.5800170898438
152,27.85396385192871,826.1400146484375
153,29.19098472595215,841.4400024414062
154,29.211631774902344,844.6300048828125
155,28.674497604370117,846.0499877929688
156,29.16427993774414,844.4600219726562
157,30.32194709777832,874.2899780273438
158,31.079504013061523,888.6500244140625
159,30.02808952331543,866.780029296875
160,28.6981258392334,843.5700073242188
161,28.234981536865234,839.0399780273438
162,27.37614631652832,815.510009765625
163,28.357606887817383,827.22998046875
164,27.587871551513672,802.3800048828125
165,27.020238876342773,776.25
166,27.28500747680664,774.8900146484375
167,28.315855026245117,790.7000122070312
168,29.065311431884766,811.5700073242188
169,28.225358963012695,802.25
170,28.34397315979004,803.3699951171875
171,28.552913665771484,812.5999755859375
172,29.767852783203125,834.7100219726562
173,29.3301944732666,826.02001953125
174,29.721782684326172,833.52001953125
175,30.238418579101562,843.3699951171875
176,31.378427505493164,862.9199829101562
177,31.118040084838867,842.5900268554688
178,30.765859603881836,833.8900146484375
179,31.293333053588867,831.6300048828125
180,30.426794052124023,828.6900024414062
181,30.85480499267578,830.6300048828125
182,33.215614318847656,867.6300048828125
183,34.39326095581055,883.780029296875
184,34.13984298706055,882.4000244140625
185,33.93736267089844,887.9000244140625
186,34.39278030395508,897.97998046875
187,32.68302917480469,865.9199829101562
188,32.12672424316406,844.5800170898438
189,31.410541534423828,824.4099731445312
190,31.350751876831055,829.510009765625
191,32.66353988647461,855.7000122070312
192,32.54048538208008,847.4500122070312
193,31.85140609741211,837.1599731445312
194,33.4424934387207,880.280029296875
195,35.23139953613281,906.510009765625
196,34.79246520996094,882.3300170898438
197,32.89198684692383,845.9400024414062
198,32.60055160522461,833.969970703125
199,32.74979019165039,846.219970703125
200,33.06388854980469,846.27001953125
201,31.471208572387695,812.0700073242188
202,30.51198387145996,796.4099731445312
203,31.338518142700195,820.719970703125
204,31.787973403930664,829.5
205,33.29646682739258,857.5800170898438
206,33.88513946533203,859.5
207,34.18256759643555,858.9500122070312
208,33.46843338012695,850.8800048828125
209,34.00783157348633,856.0999755859375
210,32.65308380126953,833.780029296875
211,34.65799331665039,870.239990234375
212,35.577301025390625,881.9099731445312
213,37.63667678833008,903.030029296875
214,38.34220886230469,910.5399780273438
215,37.77537536621094,907.8200073242188
216,38.947181701660156,928.3599853515625
217,38.356021881103516,917.5
218,36.95841598510742,884.0900268554688
219,37.815330505371094,905.7000122070312
220,36.35410690307617,877.9199829101562
221,37.38737869262695,898.1099853515625
222,36.86227798461914,879.4099731445312
223,37.983924865722656,905.1699829101562
224,37.790340423583984,908.5999755859375
225,38.50326919555664,916.0
226,37.449153900146484,899.5399780273438
227,37.78321075439453,900.5
228,37.20942687988281,889.6699829101562
229,37.77804946899414,896.8699951171875
230,37.893550872802734,894.6300048828125
231,37.54582214355469,877.1500244140625
232,36.77796936035156,859.3200073242188
233,35.76797866821289,851.3400268554688
234,34.68404769897461,824.6300048828125
235,35.55757141113281,847.4099731445312
236,35.504817962646484,849.3900146484375
237,37.322715759277344,873.8699951171875
238,38.22727584838867,876.489990234375
239,38.18107604980469,876.260009765625
240,36.77256393432617,859.0999755859375
241,36.24870681762695,858.3200073242188
242,37.64329528808594,868.72998046875
243,39.54059600830078,884.0999755859375
244,40.409019470214844,904.5800170898438
245,41.0955696105957,934.1500244140625
246,40.64187240600586,905.0499877929688
247,40.2392578125,899.8499755859375
248,40.358787536621094,900.4299926757812
249,41.360626220703125,923.8099975585938
250,40.73727035522461,914.0800170898438
251,38.60929870605469,867.0900268554688
252,39.572532653808594,874.97998046875
253,38.164939880371094,856.4099731445312
254,40.33861541748047,905.2100219726562
255,40.322174072265625,906.9500122070312
256,40.986968994140625,917.260009765625
257,39.60517501831055,886.1500244140625
258,39.243072509765625,877.5800170898438
259,37.800777435302734,845.1400146484375
260,40.60895919799805,890.8900146484375
261,39.648597717285156,876.010009765625
262,41.20039367675781,912.7899780273438
263,41.133811950683594,918.0
264,41.8050651550293,918.3400268554688
265,40.995235443115234,896.52001953125
266,40.763572692871094,888.219970703125
267,40.4271240234375,883.739990234375
268,41.22663116455078,899.530029296875
269,42.012351989746094,906.0999755859375
270,41.59881591796875,912.510009765625
271,40.18107986450195,898.3599853515625
272,40.16966247558594,891.530029296875
273,41.508087158203125,898.760009765625
274,40.66083908081055,878.9199829101562
275,41.381370544433594,888.7999877929688
276,41.384132385253906,899.219970703125
277,41.467159271240234,899.6099853515625
278,41.64354705810547,900.1300048828125
279,40.42989730834961,883.0800170898438
280,40.850582122802734,882.3099975585938
281,40.0335693359375,869.4500122070312
282,40.724788665771484,878.8400268554688
283,40.86225509643555,891.469970703125
284,42.190948486328125,901.6199951171875
285,43.169559478759766,913.0999755859375
286,43.10273742675781,907.0700073242188
287,42.55290222167969,898.4099731445312
288,42.144676208496094,891.780029296875
289,42.287967681884766,913.3099975585938
290,42.6719856262207,910.530029296875
291,42.69183349609375,907.6799926757812
292,42.87837600708008,903.75
293,42.570953369140625,906.7899780273438
294,43.489051818847656,917.0499877929688
295,42.44093322753906,909.3699951171875
296,43.1630744934082,921.510009765625
297,43.25019073486328,921.8200073242188
298,43.93708419799805,924.3599853515625
299,44.564247131347656,926.75
300,43.70869827270508,910.72998046875
301,44.738861083984375,923.239990234375
302,43.95375061035156,924.0800170898438
303,45.2655029296875,927.8499755859375
304,44.78606414794922,914.3499755859375
305,44.66225051879883,913.3499755859375
306,45.133827209472656,922.1300048828125
307,45.56951141357422,930.4500122070312
308,45.04674530029297,918.6300048828125
309,45.311866760253906,916.469970703125
310,45.43206787109375,926.9299926757812
311,44.141761779785156,909.6099853515625
312,44.48284912109375,908.3099975585938
313,44.859405517578125,912.2100219726562
314,45.01564407348633,917.3699951171875
315,45.07052993774414,918.7999877929688
316,44.4168701171875,906.0800170898438
317,44.00453567504883,898.6199951171875
318,43.91588592529297,900.469970703125
319,44.442508697509766,922.469970703125
320,44.05397033691406,911.6500244140625
321,43.736167907714844,898.3400268554688
322,43.47093963623047,881.7899780273438
323,44.1818962097168,899.0
324,44.9381217956543,911.9299926757812
325,45.154273986816406,918.5499877929688
326,45.038726806640625,906.8200073242188
327,44.37664794921875,888.6799926757812
328,44.96059799194336,897.5700073242188
329,45.891387939453125,912.4199829101562
330,44.7247428894043,902.0700073242188
331,44.83298873901367,908.1699829101562
332,44.12867736816406,899.6900024414062
333,46.801734924316406,912.489990234375
334,46.863792419433594,915.969970703125
335,46.14246368408203,909.6799926757812
336,45.659420013427734,912.8400268554688
337,45.001625061035156,899.3599853515625
338,45.169219970703125,900.0800170898438
339,47.32219314575195,915.02001953125
340,47.09573745727539,916.8200073242188
341,44.300987243652344,887.5399780273438
342,44.17472457885742,878.530029296875
343,44.29576873779297,876.72998046875
344,45.666690826416016,897.9400024414062
345,44.5417366027832,888.0499877929688
346,44.89220428466797,881.0
347,43.64348220825195,870.9400024414062
348,43.86933135986328,864.1599731445312
349,43.83757019042969,874.52001953125
350,43.78138732910156,867.3499755859375
351,43.9095458984375,871.260009765625
352,45.423824310302734,894.4400024414062
353,46.45375061035156,917.8099975585938
354,46.218074798583984,925.9600219726562
355,45.0025634765625,901.3900146484375
356,45.600135803222656,901.030029296875
357,45.98017501831055,886.47998046875
358,46.44401168823242,895.25
359,47.012203216552734,892.4299926757812
360,47.28720474243164,909.22998046875
361,46.74690628051758,906.1599731445312
362,47.43899154663086,928.7100219726562
363,48.961002349853516,935.9500122070312
364,49.1213493347168,934.3699951171875
365,47.5506591796875,905.7999877929688
366,46.12673568725586,885.8699951171875
367,45.76765823364258,887.9000244140625
368,46.473934173583984,901.4500122070312
369,46.084381103515625,880.6900024414062
370,46.56036376953125,885.1799926757812
371,46.88483428955078,892.6500244140625
372,48.52223587036133,903.3599853515625
373,47.831298828125,890.9099731445312
374,48.64183807373047,913.4299926757812
375,48.564151763916016,923.0499877929688
376,49.6920166015625,938.739990234375
377,47.254615783691406,904.3099975585938
378,48.32816696166992,922.0700073242188
379,47.776607513427734,915.9299926757812
380,48.6751708984375,925.1900024414062
381,48.589759826660156,928.4000244140625
382,48.35914611816406,916.9000244140625
383,47.41447448730469,909.4400024414062
384,46.942440032958984,899.5599975585938
385,48.853641510009766,918.5800170898438
386,48.85422897338867,915.6900024414062
387,47.6942253112793,897.8900146484375
388,48.30916976928711,888.260009765625
389,48.59793472290039,886.3300170898438
390,48.47533416748047,895.0999755859375
391,47.38043212890625,900.3900146484375
392,48.48678970336914,919.3400268554688
393,49.74934387207031,921.7999877929688
394,48.28422546386719,889.780029296875
395,48.64853286743164,900.5999755859375
396,48.39189147949219,899.6099853515625
397,49.29738998413086,919.27001953125
398,49.062381744384766,906.9199829101562
399,51.585601806640625,931.1400146484375
400,49.97696304321289,906.1900024414062
401,48.31782150268555,910.0700073242188
402,49.249881744384766,909.7100219726562
403,49.09660720825195,909.6400146484375
404,47.875526428222656,895.260009765625
405,48.87709045410156,913.3699951171875
406,50.14296340942383,927.9500122070312
407,49.14506530761719,913.47998046875
408,48.527896881103516,907.469970703125
409,47.53691482543945,895.489990234375
410,48.60833740234375,905.22998046875
411,48.30156707763672,905.6699829101562
412,48.745670318603516,907.3300170898438
413,49.86701583862305,919.0900268554688
414,50.192596435546875,912.0700073242188
415,50.515525817871094,921.5399780273438
416,50.0398063659668,919.5399780273438
417,50.85171890258789,937.8499755859375
418,50.47104263305664,921.9000244140625
419,50.1895637512207,908.0
420,49.82855224609375,914.0800170898438
421,49.233394622802734,924.4500122070312
422,49.90324783325195,928.8099975585938
423,51.02641677856445,920.2999877929688
424,52.09183883666992,935.5900268554688
425,53.08852005004883,948.5499877929688
426,53.0321159362793,954.3800048828125
427,50.63116455078125,932.9000244140625
428,50.19934844970703,923.0499877929688
429,51.49518966674805,920.989990234375
430,53.43357849121094,937.1599731445312
431,53.628536224365234,940.72998046875
432,52.55624008178711,932.260009765625
433,52.04831314086914,930.1699829101562
434,50.99074935913086,924.219970703125
435,50.46782684326172,915.280029296875
436,50.820491790771484,915.0800170898438
437,50.05839538574219,906.75
438,50.54429244995117,912.3400268554688
439,50.4277458190918,909.9600219726562
440,50.33540344238281,905.989990234375
441,50.85268783569336,913.9199829101562
442,49.89851760864258,909.5
443,49.62421417236328,901.6199951171875
444,50.44857406616211,909.5800170898438
445,51.445064544677734,920.6500244140625
446,51.325862884521484,921.3499755859375
447,50.882652282714844,913.1400146484375
448,50.38719940185547,894.719970703125
449,51.019901275634766,906.1900024414062
450,52.18398666381836,920.8099975585938
451,52.79899978637695,931.4299926757812
452,53.86882400512695,943.5999755859375
453,53.8423957824707,933.0700073242188
454,52.790245056152344,923.1500244140625
455,52.72953414916992,927.5999755859375
456,53.68998718261719,938.1500244140625
457,54.387813568115234,949.8599853515625
458,53.8000602722168,938.3499755859375
459,53.6793212890625,934.27001953125
460,52.57598876953125,924.3499755859375
461,51.78706359863281,918.8699951171875
462,52.125877380371094,915.4000244140625
463,53.35398483276367,920.9000244140625
464,54.61137390136719,938.489990234375
465,52.93402862548828,926.75
466,51.768001556396484,909.1300048828125
467,51.16433334350586,904.780029296875
468,52.205604553222656,915.3300170898438
469,53.195777893066406,935.0900268554688
470,55.209129333496094,953.260009765625
471,55.22933578491211,953.6799926757812
472,53.476783752441406,926.9600219726562
473,52.86973571777344,920.3699951171875
474,53.10104751586914,924.760009765625
475,53.034915924072266,941.4600219726562
476,53.16497039794922,934.52001953125
477,51.970096588134766,911.1900024414062
478,51.49362564086914,896.27001953125
479,51.917293548583984,898.9500122070312
480,51.04448318481445,883.2100219726562
481,50.63927459716797,875.489990234375
482,52.85442352294922,904.8599853515625
483,53.435302734375,899.6699829101562
484,54.40856170654297,912.0999755859375
485,53.88226318359375,921.489990234375
486,53.96537780761719,916.510009765625
487,53.35676574707031,918.5700073242188
488,54.32296371459961,920.010009765625
489,52.10427474975586,892.22998046875
490,52.406494140625,888.97998046875
491,54.84968948364258,918.739990234375
492,55.894622802734375,922.0599975585938
493,54.31774139404297,915.6799926757812
494,53.20995330810547,910.0599975585938
495,52.4121208190918,904.3300170898438
496,52.67031478881836,907.3699951171875
497,52.57179260253906,912.22998046875
498,51.45400619506836,895.719970703125
499,53.001705169677734,902.1300048828125
500,53.6237678527832,908.0499877929688
501,53.29661560058594,899.75
502,52.934364318847656,902.77001953125
503,52.94398498535156,907.3099975585938
504,51.23316192626953,897.3400268554688
505,50.644474029541016,890.8200073242188
506,51.030181884765625,888.9199829101562
507,53.33232116699219,922.1599731445312
508,52.9886474609375,929.3599853515625
509,55.18739318847656,952.219970703125
510,53.79136657714844,934.6099853515625
511,54.2469367980957,933.5800170898438
512,54.486690521240234,929.2899780273438
513,55.75481033325195,926.2100219726562
514,55.770111083984375,919.489990234375
515,54.553749084472656,906.489990234375
516,54.8653564453125,908.3599853515625
517,53.27546310424805,892.4099731445312
518,53.386497497558594,889.7000122070312
519,54.70750045776367,908.6400146484375
520,54.12876892089844,892.1099853515625
521,54.347049713134766,900.969970703125
522,55.15553665161133,903.2100219726562
523,55.03184509277344,924.1699829101562
524,55.40541458129883,926.9400024414062
525,53.31090545654297,901.219970703125
526,53.029930114746094,892.3099975585938
527,53.53357696533203,904.2000122070312
528,53.47944641113281,894.1699829101562
529,53.78574752807617,899.77001953125
530,55.85478973388672,921.25
531,57.33769226074219,943.2899780273438
532,56.94392776489258,938.5999755859375
533,54.58821487426758,913.3900146484375
534,51.275821685791016,883.5900268554688
535,51.55795669555664,901.0399780273438
536,51.192256927490234,888.4600219726562
537,52.7463493347168,901.260009765625
538,53.869728088378906,909.9400024414062
539,55.43067932128906,921.0800170898438
540,55.79658889770508,936.6599731445312
541,57.038848876953125,945.02001953125
542,56.034915924072266,932.3599853515625
543,55.3940544128418,901.4600219726562
544,55.61747360229492,904.5900268554688
545,55.556678771972656,908.1699829101562
546,56.01243209838867,918.2100219726562
547,54.67931365966797,918.0599975585938
548,55.33745193481445,924.3099975585938
549,55.3912467956543,921.969970703125
550,55.83141326904297,921.1699829101562
551,54.94809341430664,917.8800048828125
552,55.39733123779297,919.9400024414062
553,54.602909088134766,902.6099853515625
554,54.62269973754883,906.489990234375
555,55.140869140625,926.530029296875
556,53.896392822265625,908.1599731445312
557,53.78596115112305,907.4099731445312
558,55.108665466308594,907.3900146484375
559,57.17212677001953,930.8499755859375
560,56.42142105102539,911.4000244140625
561,54.76523208618164,901.3599853515625
562,52.55671691894531,886.4500122070312
563,53.391204833984375,891.1300048828125
564,52.37398910522461,877.9600219726562
565,52.73554992675781,891.5599975585938
566,53.53999710083008,893.6199951171875
567,54.26543045043945,912.1799926757812
568,52.33942413330078,881.1199951171875
569,54.04751205444336,894.5499877929688
570,52.3561897277832,874.530029296875
571,54.54431915283203,895.1500244140625
572,54.369449615478516,891.1300048828125
573,55.962135314941406,891.9000244140625
574,55.677345275878906,899.25
575,55.01523971557617,905.52001953125
576,54.59568405151367,906.5900268554688
577,54.07998275756836,902.6099853515625
578,54.356754302978516,902.6400146484375
579,55.32572937011719,918.47998046875
580,55.44024658203125,915.5599975585938
581,55.914154052734375,916.5399780273438
582,56.12368392944336,918.3699951171875
583,55.7912712097168,919.3099975585938
584,55.04055404663086,918.0399780273438
585,53.20115280151367,895.0499877929688
586,54.87806701660156,906.6799926757812
587,55.20009994506836,908.6599731445312
588,55.35335159301758,920.22998046875
589,55.52829360961914,917.3900146484375
590,55.456966400146484,904.1099853515625
591,54.41663360595703,881.6599731445312
592,54.99348068237305,893.9099731445312
593,56.156272888183594,903.3300170898438
594,58.07712936401367,941.6099853515625
595,57.102783203125,932.3300170898438
596,57.4913330078125,933.8400268554688
597,57.479469299316406,928.530029296875
598,57.531700134277344,920.25
599,57.809608459472656,917.6900024414062
600,56.362335205078125,903.3400268554688
601,56.946022033691406,906.9299926757812
602,56.79545593261719,908.8400268554688
603,58.04518127441406,927.1300048828125
604,57.6988639831543,925.2999877929688
605,56.62641525268555,905.7000122070312
606,56.20290756225586,905.1599731445312
607,56.829551696777344,922.3699951171875
608,55.884796142578125,916.5599975585938
609,56.47147750854492,903.3800048828125
610,56.587196350097656,904.4000244140625
611,57.9137077331543,917.4199829101562
612,58.139190673828125,926.4400024414062
613,56.34010696411133,911.4500122070312
614,56.4077033996582,912.9400024414062
615,55.658687591552734,912.0800170898438
616,54.980560302734375,907.9199829101562
617,55.00300979614258,910.8800048828125
618,56.247432708740234,923.4099731445312
619,57.46067428588867,930.8699951171875
620,57.18612289428711,919.8200073242188
621,55.7182731628418,890.1900024414062
622,55.53350067138672,891.8200073242188
623,56.7015495300293,912.6300048828125
624,55.867103576660156,905.8300170898438
625,55.50553894042969,897.1799926757812
626,55.656002044677734,901.2899780273438
627,57.003639221191406,908.780029296875
628,56.803741455078125,904.72998046875
629,59.41682052612305,919.3300170898438
630,59.02528381347656,928.4099731445312
631,57.8363151550293,917.0399780273438
632,57.990238189697266,931.9500122070312
633,58.93015670776367,920.2899780273438
634,60.84498977661133,940.52001953125
635,61.50871658325195,942.989990234375
636,59.94123840332031,931.780029296875
637,57.98829650878906,914.4299926757812
638,56.68648147583008,904.969970703125
639,56.923065185546875,895.0700073242188
640,57.684783935546875,912.4099731445312
641,58.74591064453125,931.9500122070312
642,57.77350616455078,919.1599731445312
643,56.62710952758789,900.1900024414062
644,56.26499938964844,893.010009765625
645,56.86061096191406,921.0700073242188
646,57.25541305541992,931.8499755859375
647,58.240379333496094,938.9500122070312
648,58.149539947509766,935.3800048828125
649,58.66475296020508,939.5700073242188
650,58.3449592590332,932.1900024414062
651,58.28219985961914,928.9400024414062
652,58.11996078491211,929.9299926757812
653,58.248382568359375,922.8300170898438
654,58.32979202270508,918.5900268554688
655,58.72328567504883,928.3099975585938
656,58.192115783691406,925.5800170898438
657,57.756534576416016,913.510009765625
658,58.33460998535156,907.6699829101562
659,59.30597686767578,905.1300048828125
660,59.734012603759766,923.4600219726562
661,60.46974563598633,932.7999877929688
662,58.29080581665039,918.8400268554688
663,57.96677017211914,904.7999877929688
664,58.55967330932617,913.75
665,58.291194915771484,921.7100219726562
666,57.87489700317383,920.8099975585938
667,56.981624603271484,915.4600219726562
668,58.33143615722656,922.8200073242188
669,59.95759582519531,929.7899780273438
670,58.361053466796875,915.6799926757812
671,57.48628616333008,903.1599731445312
672,57.19953155517578,903.6300048828125
673,58.45227813720703,910.6199951171875
674,58.74680709838867,902.510009765625
675,57.94270324707031,917.5700073242188
676,58.479366302490234,939.9000244140625
677,58.2291374206543,938.030029296875
678,57.4647216796875,933.1699829101562
679,57.410186767578125,920.6300048828125
680,57.53489685058594,907.6699829101562
681,59.93867492675781,913.9099731445312
682,59.241546630859375,909.1599731445312
683,59.539920806884766,919.2999877929688
684,59.589115142822266,930.5599975585938
685,59.74026107788086,927.3499755859375
686,59.59797668457031,932.239990234375
687,57.82337951660156,895.3099975585938
688,57.92366027832031,894.1900024414062
689,58.60056686401367,890.3200073242188
690,60.89106369018555,933.0700073242188
691,59.66114044189453,907.8300170898438
692,60.537322998046875,922.2999877929688
693,60.554542541503906,908.0700073242188
694,60.289493560791016,915.4099731445312
695,59.4483528137207,912.25
696,59.735843658447266,919.3699951171875
697,58.02138137817383,918.27001953125
698,58.96287536621094,919.2000122070312
699,59.574440002441406,912.489990234375
700,59.65089797973633,912.739990234375
701,58.46094512939453,905.5900268554688
702,59.87141418457031,915.8200073242188
703,59.917686462402344,918.989990234375
704,60.76473617553711,930.4000244140625
705,58.994632720947266,916.9099731445312
706,57.90547561645508,913.8800048828125
707,58.96365737915039,929.739990234375
708,59.856536865234375,919.9400024414062
709,60.617759704589844,915.75
710,60.49679183959961,920.3200073242188
711,60.487911224365234,914.4299926757812
712,59.13204574584961,908.239990234375
713,59.92154312133789,911.1400146484375
714,59.882877349853516,916.3099975585938
715,60.382259368896484,921.2000122070312
716,60.13825988769531,926.510009765625
717,59.8306999206543,923.260009765625
718,59.820289611816406,905.489990234375
719,59.127071380615234,896.6699829101562
720,59.77235794067383,909.8099975585938
721,61.99032211303711,929.9600219726562
722,60.52336502075195,913.989990234375
723,62.23295211791992,920.3499755859375
724,63.583526611328125,942.260009765625
725,62.39738464355469,927.8800048828125
726,60.981048583984375,912.4299926757812
727,61.36943817138672,931.3800048828125
728,62.175514221191406,934.7999877929688
729,63.53816223144531,936.1699829101562
730,60.342166900634766,908.72998046875
731,59.445438385009766,901.1199951171875
732,59.43629455566406,897.1400146484375
733,60.964622497558594,918.780029296875
734,61.942787170410156,921.280029296875
735,60.855201721191406,918.5599975585938
736,59.43721389770508,912.1199951171875
737,58.74631881713867,908.1500244140625
738,60.17799377441406,909.8599853515625
739,59.69492721557617,896.27001953125
740,59.62406539916992,898.030029296875
741,59.75794219970703,900.219970703125
742,59.84812545776367,909.0800170898438
743,61.18862533569336,914.02001953125
744,61.358951568603516,924.7000122070312
745,61.586639404296875,928.0700073242188
746,62.04007339477539,940.52001953125
747,61.50534439086914,929.52001953125
748,62.028865814208984,919.739990234375
749,61.73869705200195,912.5900268554688
750,61.35893249511719,912.8099975585938
751,61.80268478393555,919.0599975585938
752,61.60165023803711,926.3900146484375
753,62.988731384277344,935.1799926757812
754,62.78061294555664,929.97998046875
755,62.991764068603516,929.9000244140625
756,63.528236389160156,934.4299926757812
757,63.29631042480469,940.3200073242188
758,62.787357330322266,932.7999877929688
759,62.76983642578125,932.9199829101562
760,61.723148345947266,921.8400268554688
761,60.54248809814453,912.3699951171875
762,60.77346420288086,909.9099731445312
763,61.76597595214844,923.0999755859375
764,63.32242202758789,942.1799926757812
765,61.52751541137695,925.5900268554688
766,59.7415771484375,915.5399780273438
767,59.53624725341797,906.219970703125
768,62.595584869384766,941.5800170898438
769,63.98458480834961,944.1400146484375
770,61.51194763183594,921.75
771,60.12053298950195,902.0700073242188
772,58.93128967285156,891.239990234375
773,60.22187042236328,912.3099975585938
774,59.542137145996094,909.6599731445312
775,60.70562744140625,918.5
776,60.52897262573242,916.9400024414062
777,60.48302459716797,916.9400024414062
778,60.9896240234375,912.97998046875
779,60.617340087890625,900.4600219726562
780,59.97624969482422,887.489990234375
781,59.653594970703125,882.9500122070312
782,60.82044219970703,910.010009765625
783,60.860416412353516,904.760009765625
784,60.141014099121094,899.989990234375
785,60.2035026550293,912.3200073242188
786,60.776458740234375,908.1699829101562
787,60.14959716796875,897.5999755859375
788,60.15494155883789,898.489990234375
789,61.51773452758789,903.4099731445312
790,61.912635803222656,916.02001953125
791,59.68876266479492,895.0900268554688
792,60.57192611694336,906.1500244140625
793,61.01131057739258,909.25
794,63.478309631347656,932.6900024414062
795,63.73625564575195,939.8099975585938
796,63.134178161621094,938.7000122070312
797,60.38604736328125,914.9000244140625
798,61.39164733886719,912.030029296875
799,62.01243591308594,908.4099731445312
800,63.90983200073242,924.9000244140625
801,63.46500778198242,929.5599975585938
802,62.672332763671875,933.8400268554688
803,61.18818664550781,908.0599975585938
804,61.334468841552734,910.7000122070312
805,61.1706428527832,908.0800170898438
806,62.531280517578125,923.6500244140625
807,63.35437774658203,922.6500244140625
808,62.59694290161133,918.1400146484375
809,63.47282028198242,934.9000244140625
810,62.07084274291992,921.2000122070312
811,63.14558029174805,922.0800170898438
812,61.45561981201172,901.4199829101562
813,63.068817138671875,913.760009765625
814,62.83369445800781,919.72998046875
815,60.50201416015625,905.5800170898438
816,57.6721305847168,874.510009765625
817,57.61604690551758,883.760009765625
818,60.00897979736328,898.6300048828125
819,62.11909866333008,913.0999755859375
820,62.93323516845703,919.0399780273438
821,61.82528305053711,925.77001953125
822,62.097965240478516,921.3200073242188
823,63.259803771972656,929.010009765625
824,63.28547668457031,917.5999755859375
825,62.704593658447266,921.6900024414062
826,61.896053314208984,915.47998046875
827,60.61359786987305,923.280029296875
828,61.370948791503906,928.1799926757812
829,59.10063171386719,900.5999755859375
830,59.584293365478516,900.7899780273438
831,60.772216796875,917.5399780273438
832,62.46609115600586,927.0999755859375
833,61.737770080566406,918.7899780273438
834,60.46015167236328,909.8300170898438
835,59.5655632019043,900.9199829101562
836,59.56601333618164,897.6400146484375
837,59.29988098144531,889.8300170898438
838,60.4602165222168,895.6699829101562
839,62.23963165283203,928.02001953125
840,61.00713348388672,913.4199829101562
841,60.7326774597168,900.6900024414062
842,60.97285461425781,886.7899780273438
843,61.29313278198242,885.9299926757812
844,61.514156341552734,902.6099853515625
845,62.961669921875,916.4299926757812
846,62.00981903076172,908.8900146484375
847,60.33757781982422,899.9299926757812
848,59.22682571411133,878.7899780273438
849,62.27506637573242,898.1900024414062
850,62.295169830322266,895.25
851,61.895015716552734,901.9099731445312
852,61.65421676635742,897.4199829101562
853,63.33234405517578,910.6099853515625
854,62.60701370239258,903.0900268554688
855,61.88339614868164,916.1300048828125
856,61.48215866088867,919.9199829101562
857,59.81886291503906,899.4400024414062
858,62.41759490966797,909.6900024414062
859,61.58942794799805,891.8099975585938
860,62.899879455566406,923.739990234375
861,62.38752365112305,929.6900024414062
862,63.00320053100586,940.77001953125
863,62.287078857421875,917.989990234375
864,60.966033935546875,893.9400024414062
865,61.41067886352539,900.8200073242188
866,61.98630905151367,902.3599853515625
867,63.76447677612305,939.75
868,63.65518569946289,932.0999755859375
869,62.97334289550781,926.72998046875
870,63.07661056518555,919.989990234375
871,62.622833251953125,907.6300048828125
872,64.1312026977539,915.0900268554688
873,62.640625,911.1599731445312
874,64.01921844482422,930.280029296875
875,64.71802520751953,931.4299926757812
876,64.04464721679688,915.0399780273438
877,63.73488235473633,930.7899780273438
878,64.19485473632812,937.989990234375
879,64.95167541503906,934.8599853515625
880,64.46194458007812,925.030029296875
881,62.18250274658203,914.780029296875
882,62.311100006103516,909.02001953125
883,62.742713928222656,914.3900146484375
884,61.16535949707031,900.8800048828125
885,61.28752136230469,913.5399780273438
886,61.37062454223633,913.6300048828125
887,63.058082580566406,933.780029296875
888,65.66758728027344,947.8300170898438
889,63.2222900390625,924.6699829101562
890,62.22516632080078,908.719970703125
891,62.78818130493164,913.1500244140625
892,62.71302795410156,916.260009765625
893,63.935367584228516,925.1699829101562
894,64.4473648071289,934.5999755859375
895,64.19328308105469,937.9299926757812
896,63.75873947143555,935.2100219726562
897,61.78274154663086,912.47998046875
898,61.009761810302734,902.1699829101562
899,59.71800994873047,883.5900268554688
900,60.490272521972656,897.6199951171875
901,62.60703659057617,907.6900024414062
902,62.505226135253906,907.760009765625
903,61.111854553222656,905.239990234375
904,60.28305435180664,903.9299926757812
905,63.88511276245117,924.6599731445312
906,66.06719207763672,938.1500244140625
907,64.23368835449219,931.6400146484375
908,60.80805587768555,899.5999755859375
909,61.70204544067383,903.5
910,63.43649673461914,913.75
911,63.74026107788086,922.5399780273438
912,62.414947509765625,914.8499755859375
913,62.47455978393555,912.0999755859375
914,62.48802185058594,902.0700073242188
915,61.86022186279297,901.52001953125
916,61.52912521362305,902.739990234375
917,61.330833435058594,908.239990234375
918,60.38744354248047,882.0499877929688
919,59.51093292236328,873.010009765625
920,59.30704879760742,873.0700073242188
921,59.37765121459961,881.97998046875
922,60.7906608581543,908.5
923,60.60097122192383,908.8699951171875
924,60.4000358581543,903.3099975585938
925,58.2495231628418,873.6500244140625
926,57.953636169433594,872.030029296875
927,58.569374084472656,875.1699829101562
928,61.35361099243164,910.4099731445312
929,60.0186767578125,882.280029296875
930,60.94819259643555,896.72998046875
931,62.08356857299805,906.4199829101562
932,61.048736572265625,892.5
933,60.81336975097656,892.8499755859375
934,61.433799743652344,902.72998046875
935,63.201229095458984,909.260009765625
936,62.811607360839844,904.0399780273438
937,62.17526626586914,921.8400268554688
938,61.788414001464844,922.260009765625
939,62.593505859375,920.5599975585938
940,63.9658203125,917.2899780273438
941,63.70103454589844,907.510009765625
942,62.79766845703125,909.0399780273438
943,61.450286865234375,878.72998046875
944,60.8140983581543,876.7899780273438
945,61.61079406738281,906.5800170898438
946,61.70703125,911.7999877929688
947,61.151031494140625,917.0
948,62.41982650756836,915.5900268554688
949,60.73047637939453,889.8400268554688
950,59.917388916015625,871.4299926757812
951,59.769535064697266,867.6799926757812
952,62.13654708862305,906.6799926757812
953,63.25246047973633,925.3400268554688
954,62.683284759521484,919.6900024414062
955,63.595237731933594,922.6500244140625
956,63.529842376708984,918.6699829101562
957,62.40530014038086,899.8699951171875
958,59.68008804321289,867.2999877929688
959,60.730430603027344,886.4500122070312
960,62.68628692626953,902.5399780273438
961,64.18603515625,919.239990234375
962,63.19856643676758,905.780029296875
963,63.0286750793457,909.25
964,62.63714599609375,891.6099853515625
965,63.056724548339844,910.010009765625
966,63.6530647277832,902.1900024414062
967,62.64356994628906,908.7999877929688
968,62.36475372314453,906.0599975585938
969,62.43434143066406,906.1500244140625
970,63.438194274902344,894.260009765625
971,63.42919921875,886.8699951171875
972,63.649497985839844,898.3599853515625
973,65.13992309570312,918.2000122070312
974,62.9835090637207,906.5900268554688
975,62.1310920715332,916.8300170898438
976,59.9636116027832,903.3499755859375
977,59.40569305419922,886.4500122070312
978,59.474552154541016,881.719970703125
979,59.92052459716797,874.739990234375
980,60.19082260131836,874.2999877929688
981,60.34941101074219,868.780029296875
982,60.882301330566406,887.9299926757812
983,63.54771423339844,907.77001953125
984,64.45880889892578,905.4000244140625
985,62.91283416748047,886.6900024414062
986,62.988525390625,898.47998046875
987,62.72206115722656,902.1400146484375
988,64.068359375,920.719970703125
989,63.302284240722656,902.510009765625
990,64.43216705322266,905.8699951171875
991,65.75808715820312,914.3599853515625
992,62.87504196166992,884.7000122070312
993,61.991546630859375,890.25
994,61.042564392089844,883.010009765625
995,63.74917221069336,904.3499755859375
996,62.02294921875,879.719970703125
997,59.94699478149414,868.47998046875
998,58.88628387451172,856.6500244140625
999,62.254798889160156,885.4099731445312
1000,63.896217346191406,882.6900024414062
1001,61.16157150268555,876.1099853515625
1002,63.276737213134766,901.760009765625
1003,63.02682113647461,889.6599731445312
1004,63.867637634277344,901.3699951171875
1005,62.98763656616211,902.0599975585938
1006,63.529903411865234,910.8099975585938
1007,63.885711669921875,912.72998046875
1008,65.74744415283203,914.47998046875
1009,64.43538665771484,899.4299926757812
1010,64.55551147460938,899.7100219726562
1011,63.26029968261719,894.52001953125
1012,63.90678787231445,910.8200073242188
1013,64.7488784790039,921.9600219726562
1014,65.5271987915039,909.0900268554688
1015,64.73152923583984,905.5999755859375
1016,65.21656036376953,911.0399780273438
1017,65.20642852783203,922.0499877929688
1018,64.78308868408203,917.1199951171875
1019,66.0547103881836,925.010009765625
1020,65.68592834472656,913.4400024414062
1021,65.29255676269531,912.3200073242188
1022,64.19404602050781,914.9000244140625
1023,63.31051254272461,913.030029296875
1024,62.07828903198242,903.2000122070312
1025,63.14855194091797,900.1699829101562
1026,65.70294952392578,925.5499877929688
1027,63.544654846191406,911.8599853515625
1028,62.76969528198242,901.22998046875
1029,63.89909744262695,894.5999755859375
1030,66.87406921386719,916.8200073242188
1031,64.83540344238281,911.8800048828125
1032,64.7284164428711,918.010009765625
1033,64.3431396484375,908.97998046875
1034,63.32378387451172,903.1699829101562
1035,64.2080307006836,914.030029296875
1036,64.30564880371094,911.2999877929688
1037,64.8248291015625,918.760009765625
1038,62.9733772277832,893.1699829101562
1039,60.9775390625,882.0900268554688
1040,59.996578216552734,855.5800170898438
1041,61.496150970458984,880.47998046875
1042,63.0703010559082,882.030029296875
1043,66.30116271972656,912.030029296875
1044,64.6096420288086,900.4000244140625
1045,66.11030578613281,910.989990234375
1046,62.42433547973633,878.760009765625
1047,63.261436462402344,891.9500122070312
1048,61.3213005065918,886.6599731445312
1049,63.2159538269043,902.4400024414062
1050,64.47747802734375,896.8599853515625
1051,64.7258529663086,906.3599853515625
1052,65.64937591552734,921.77001953125
1053,65.04597473144531,915.7000122070312
1054,64.23680877685547,902.4400024414062
1055,63.07693862915039,886.52001953125
1056,66.81256103515625,907.9400024414062
1057,66.00588989257812,903.6599731445312
1058,66.50222778320312,919.3200073242188
1059,66.72767639160156,924.5399780273438
1060,66.95228576660156,917.739990234375
1061,65.21757507324219,911.989990234375
1062,63.73288345336914,903.5999755859375
1063,63.63154602050781,907.5399780273438
1064,62.36085510253906,894.010009765625
1065,61.761322021484375,896.5599975585938
1066,62.896873474121094,899.1500244140625
1067,63.10784149169922,899.510009765625
1068,64.44175720214844,911.030029296875
1069,64.55389404296875,915.1099853515625
1070,64.78274536132812,913.22998046875
1071,65.13693237304688,902.3400268554688
1072,64.63824462890625,888.0499877929688
1073,65.65780639648438,904.1300048828125
1074,64.93727111816406,902.030029296875
1075,66.0030746459961,913.8599853515625
1076,65.83932495117188,913.719970703125
1077,64.7563247680664,907.239990234375
1078,65.01068115234375,912.7000122070312
1079,64.4677963256836,908.030029296875
1080,66.68128204345703,917.6699829101562
1081,64.3770523071289,896.7000122070312
1082,63.87379837036133,897.1699829101562
1083,62.85874938964844,881.75
1084,63.007076263427734,880.1300048828125
1085,65.094482421875,897.8200073242188
1086,67.37248992919922,916.1300048828125
1087,66.06513214111328,914.9199829101562
1088,64.89342498779297,906.989990234375
1089,65.779541015625,910.6599731445312
1090,68.4912109375,929.989990234375
1091,68.69776153564453,937.4500122070312
1092,66.9129638671875,929.4199829101562
1093,66.03860473632812,914.9400024414062
1094,64.72315216064453,910.8499755859375
1095,64.17182922363281,906.2999877929688
1096,65.53923797607422,909.469970703125
1097,64.806396484375,911.6300048828125
1098,64.46670532226562,906.4299926757812
1099,63.32734298706055,905.489990234375
1100,64.23561096191406,916.0499877929688
1101,65.03250885009766,928.0499877929688
1102,67.06039428710938,932.9299926757812
1103,65.45211791992188,917.3599853515625
1104,63.81358337402344,902.9099731445312
1105,63.85630416870117,906.3099975585938
1106,63.84058380126953,904.6400146484375
1107,64.64860534667969,910.8599853515625
1108,65.70291900634766,910.030029296875
1109,65.7242660522461,911.2999877929688
1110,65.96459197998047,904.6500244140625
1111,67.57599639892578,918.7999877929688
1112,68.29632568359375,932.5499877929688
1113,67.79473876953125,932.5399780273438
1114,66.03094482421875,920.9500122070312
1115,65.37330627441406,922.27001953125
1116,66.70438385009766,925.4600219726562
1117,66.96772003173828,922.1900024414062
1118,67.04335021972656,923.760009765625
1119,64.349853515625,888.8099975585938
1120,66.26415252685547,900.27001953125
1121,66.18159484863281,899.3400268554688
1122,67.04571533203125,917.2999877929688
1123,66.83987426757812,920.5399780273438
1124,64.06073760986328,889.77001953125
1125,63.692710876464844,891.239990234375
1126,64.51788330078125,894.7100219726562
1127,66.09223175048828,923.0
1128,67.17546081542969,925.010009765625
1129,66.77681732177734,932.989990234375
1130,65.64029693603516,916.760009765625
1131,64.49604797363281,916.9099731445312
1132,64.74212646484375,906.0800170898438
1133,67.5256118774414,930.3599853515625
1134,67.09679412841797,929.1699829101562
1135,65.30865478515625,927.0599975585938
1136,65.24481964111328,922.6699829101562
1137,65.14359283447266,919.9400024414062
1138,65.62554168701172,897.6699829101562
1139,66.020263671875,908.3599853515625
1140,67.01815795898438,909.2999877929688
1141,68.67423248291016,926.239990234375
1142,67.6162109375,909.6900024414062
1143,65.85301971435547,898.219970703125
1144,64.74627685546875,912.260009765625
1145,65.41768646240234,928.719970703125
1146,65.61344146728516,926.3400268554688
1147,64.44729614257812,912.8400268554688
1148,64.05764770507812,906.9099731445312
1149,65.95286560058594,920.25
1150,66.7595443725586,918.8900146484375
1151,66.81646728515625,926.52001953125
1152,66.96212768554688,916.27001953125
1153,68.38573455810547,925.8400268554688
1154,68.0072250366211,926.8200073242188
1155,66.80062866210938,921.4199829101562
1156,64.19680786132812,897.260009765625
1157,65.20128631591797,909.0800170898438
1158,63.7601432800293,886.4500122070312
1159,66.56352996826172,910.530029296875
1160,66.01116943359375,910.22998046875
1161,67.46162414550781,932.3699951171875
1162,67.64864349365234,937.510009765625
1163,67.13630676269531,928.9400024414062
1164,67.66068267822266,924.3099975585938
1165,67.02033233642578,927.5999755859375
1166,67.16193389892578,932.8400268554688
1167,66.560546875,928.3699951171875
1168,68.1028823852539,929.8499755859375
1169,66.39928436279297,900.1099853515625
1170,65.92971801757812,894.219970703125
1171,64.87828826904297,883.3900146484375
1172,66.84366607666016,909.010009765625
1173,65.65994262695312,905.4500122070312
1174,67.76991271972656,928.6799926757812
1175,66.74332427978516,922.7100219726562
1176,66.23311614990234,927.6599731445312
1177,63.98750686645508,902.8099975585938
1178,66.31581115722656,924.239990234375
1179,65.8017578125,896.6400146484375
1180,66.96070861816406,894.0
1181,65.66654968261719,889.52001953125
1182,67.14433288574219,912.6099853515625
1183,66.3751220703125,906.719970703125
1184,66.03802490234375,899.5399780273438
1185,65.55482482910156,903.0599975585938
1186,64.88386535644531,895.0
1187,63.64664840698242,893.8499755859375
1188,66.09568786621094,908.760009765625
1189,67.4808349609375,916.3900146484375
1190,66.7434310913086,907.6799926757812
1191,67.03157806396484,922.489990234375
1192,66.75708770751953,929.510009765625
1193,66.4972152709961,931.1099853515625
1194,65.81069946289062,916.4199829101562
1195,63.91870880126953,897.1400146484375
1196,64.9788589477539,892.8200073242188
1197,66.06548309326172,897.1400146484375
1198,68.05803680419922,908.0
1199,69.03020477294922,931.3499755859375
1200,68.22685241699219,926.6099853515625
1201,66.73973083496094,912.9000244140625
1202,65.04022979736328,895.5999755859375
1203,66.7536849975586,905.3900146484375
1204,66.37452697753906,908.489990234375
1205,67.77742767333984,925.0
1206,69.45439910888672,938.8300170898438
1207,68.78949737548828,931.3200073242188
1208,66.1138687133789,913.52001953125
1209,64.99903106689453,907.2100219726562
1210,67.5171890258789,914.6400146484375
1211,68.89232635498047,916.2899780273438
1212,68.50594329833984,906.2899780273438
1213,67.6110610961914,893.5599975585938
1214,68.7725830078125,909.9600219726562
1215,70.19922637939453,928.7899780273438
1216,68.9229507446289,916.5900268554688
1217,67.31517028808594,901.1699829101562
1218,69.09752655029297,908.9500122070312
1219,70.27305603027344,920.9099731445312
1220,68.22982788085938,903.530029296875
1221,67.40277099609375,905.77001953125
1222,66.08277130126953,898.4299926757812
1223,67.04853057861328,911.8400268554688
1224,65.65953826904297,903.4500122070312
1225,65.67434692382812,911.8099975585938
1226,66.17549133300781,910.530029296875
1227,67.33092498779297,917.0
1228,68.54572296142578,925.010009765625
1229,68.79627227783203,930.9000244140625
1230,68.4021987915039,923.2999877929688
1231,67.42752838134766,913.489990234375
1232,67.24491882324219,918.1799926757812
1233,66.7613525390625,911.2999877929688
1234,66.0716781616211,905.489990234375
1235,66.49694061279297,917.8699951171875
1236,67.20294952392578,911.260009765625
1237,66.50534057617188,903.52001953125
1238,67.57321166992188,908.6599731445312
1239,69.1050033569336,928.75
1240,71.24365997314453,941.2999877929688
1241,70.6581802368164,935.5
1242,71.21143341064453,934.4500122070312
1243,71.40693664550781,940.3300170898438
1244,70.21212005615234,925.010009765625
1245,69.2470932006836,922.77001953125
1246,66.56671905517578,898.1099853515625
1247,64.65496063232422,875.760009765625
1248,65.27338409423828,884.7899780273438
1249,65.39696502685547,885.72998046875
1250,65.46261596679688,896.8499755859375
1251,65.67253112792969,896.8099975585938
1252,66.15504455566406,900.5800170898438
1253,68.20816040039062,910.1500244140625
1254,70.72803497314453,927.2000122070312
1255,67.75812530517578,901.0999755859375
1256,66.70902252197266,892.739990234375
1257,66.62177276611328,907.6900024414062
1258,69.66754913330078,922.8699951171875
1259,67.68292236328125,920.5999755859375
1260,66.3270492553711,904.530029296875
1261,66.38561248779297,900.4500122070312
1262,68.64471435546875,903.219970703125
1263,67.26839447021484,906.72998046875
1264,67.21692657470703,917.9600219726562
1265,66.17325592041016,915.9199829101562
1266,67.25223541259766,915.4400024414062
1267,69.60465240478516,928.0700073242188
1268,67.67401123046875,909.72998046875
1269,69.83116149902344,920.3300170898438
1270,69.4322738647461,902.2100219726562
1271,70.38443756103516,912.8599853515625
1272,68.55524444580078,900.3099975585938
1273,67.02648162841797,887.510009765625
1274,68.99649047851562,900.8300170898438
1275,68.64273071289062,905.77001953125
1276,69.0011215209961,913.27001953125
1277,67.5311508178711,902.9600219726562
1278,69.00932312011719,915.0499877929688
1279,70.04109954833984,921.9400024414062
1280,70.44448852539062,918.239990234375
1281,69.48145294189453,909.0499877929688
1282,66.70732116699219,887.530029296875
1283,67.35111999511719,902.510009765625
1284,67.40943908691406,892.2000122070312
1285,68.88136291503906,914.760009765625
1286,66.96759796142578,894.2899780273438
1287,69.7549057006836,918.6400146484375
1288,70.08142852783203,924.9600219726562
1289,68.7313003540039,925.1300048828125
1290,68.5123062133789,917.0599975585938
1291,68.11255645751953,913.5399780273438
1292,69.48197937011719,916.8900146484375
1293,69.98809051513672,925.9400024414062
1294,68.07846069335938,907.47998046875
1295,65.3209457397461,893.3300170898438
1296,65.06553649902344,882.1500244140625
1297,64.66284942626953,880.7999877929688
1298,65.68296813964844,889.22998046875
1299,67.76705932617188,909.9500122070312
1300,69.39972686767578,921.760009765625
1301,67.72938537597656,916.27001953125
1302,67.51004028320312,904.969970703125
1303,67.4837646484375,896.7100219726562
1304,70.02670288085938,908.8400268554688
1305,69.72355651855469,916.469970703125
1306,68.0849609375,913.3900146484375
1307,67.39904022216797,915.219970703125
1308,68.4352798461914,914.1799926757812
1309,69.6220474243164,923.5900268554688
1310,70.40373229980469,930.6500244140625
1311,70.26832580566406,935.8200073242188
1312,70.87106323242188,929.3499755859375
1313,69.91461181640625,927.6699829101562
1314,69.40738677978516,926.1900024414062
1315,69.61566162109375,922.469970703125
1316,69.43534851074219,917.8400268554688
1317,68.69157409667969,910.8800048828125
1318,68.43246459960938,912.3400268554688
1319,68.25390625,914.3499755859375
1320,70.02448272705078,933.530029296875
1321,70.09904479980469,934.0499877929688
1322,69.78166198730469,923.9199829101562
1323,68.76018524169922,917.47998046875
1324,68.99412536621094,928.9400024414062
1325,69.63373565673828,937.4199829101562
1326,70.36045837402344,929.8099975585938
1327,70.65646362304688,925.97998046875
1328,70.87074279785156,935.1400146484375
1329,71.5737075805664,945.9000244140625
1330,71.67803192138672,949.6400146484375
1331,70.07337951660156,927.530029296875
1332,69.93670654296875,929.1599731445312
1333,69.56222534179688,920.9299926757812
1334,70.7601547241211,916.9099731445312
1335,68.05107879638672,898.8300170898438
1336,68.40721893310547,904.7899780273438
1337,69.01181030273438,920.260009765625
1338,69.49177551269531,910.510009765625
1339,70.71068572998047,913.1799926757812
1340,71.63705444335938,913.5399780273438
1341,69.47728729248047,910.5999755859375
1342,69.52523803710938,913.7999877929688
1343,68.84048461914062,909.2999877929688
1344,68.50975036621094,902.9199829101562
1345,68.39300537109375,896.4199829101562
1346,67.5201187133789,903.7000122070312
1347,69.09741973876953,914.97998046875
1348,69.49363708496094,918.1699829101562
1349,70.47026062011719,928.780029296875
1350,70.77839660644531,935.22998046875
1351,69.77641296386719,934.1599731445312
1352,70.06095123291016,924.52001953125
1353,68.71955108642578,903.5599975585938
1354,70.60200500488281,918.1400146484375
1355,71.23249816894531,928.8300170898438
1356,71.27812194824219,933.6599731445312
1357,71.09077453613281,927.8699951171875
1358,69.44792938232422,912.0999755859375
1359,69.7649154663086,910.780029296875
1360,70.44942474365234,914.2000122070312
1361,68.8136215209961,894.739990234375
1362,67.50120544433594,875.0399780273438
1363,70.94581604003906,908.8499755859375
1364,68.99864959716797,894.3800048828125
1365,69.60443115234375,897.1300048828125
1366,69.99056243896484,906.7000122070312
1367,70.8568344116211,921.5700073242188
1368,72.68795776367188,931.9099731445312
1369,71.18536376953125,920.7100219726562
1370,71.45303344726562,917.6300048828125
1371,69.49899291992188,919.0499877929688
1372,69.92729187011719,912.1799926757812
1373,68.76998901367188,903.6400146484375
1374,69.55230712890625,907.239990234375
1375,71.78618621826172,933.0
1376,69.81869506835938,922.72998046875
1377,71.23760223388672,927.9099731445312
1378,70.88666534423828,918.239990234375
1379,72.9129638671875,937.72998046875
1380,71.78247833251953,929.1500244140625
1381,69.20703887939453,912.8900146484375
1382,68.8108139038086,914.4099731445312
1383,68.95509338378906,925.4000244140625
1384,71.05530548095703,945.75
1385,71.15740966796875,945.5
1386,71.1822509765625,933.8900146484375
1387,69.18856811523438,922.6699829101562
1388,69.15476989746094,928.0
1389,70.64431762695312,934.4600219726562
1390,71.30242919921875,931.530029296875
1391,71.57575225830078,924.72998046875
1392,70.81808471679688,937.8200073242188
1393,71.16561889648438,935.6199951171875
1394,71.8877182006836,937.0599975585938
1395,73.08489227294922,934.4600219726562
1396,72.7218246459961,927.7000122070312
1397,71.18881225585938,918.1400146484375
1398,73.86943817138672,931.8300170898438
1399,73.6915512084961,933.1099853515625
1400,69.67697143554688,907.6900024414062
1401,68.65277862548828,913.2000122070312
1402,68.83441925048828,904.1500244140625
1403,72.63839721679688,934.2899780273438
1404,71.8802490234375,933.9600219726562
1405,71.71561431884766,933.1400146484375
1406,70.4969711303711,924.6799926757812
1407,71.14530944824219,918.6699829101562
1408,71.34661102294922,914.5700073242188
1409,70.7361068725586,908.3800048828125
1410,69.57603454589844,901.9099731445312
1411,68.9798812866211,904.9500122070312
1412,69.71399688720703,906.6799926757812
1413,70.5671157836914,921.8499755859375
1414,72.18595886230469,938.47998046875
1415,71.98070526123047,935.6199951171875
1416,72.12883758544922,928.6199951171875
1417,72.44550323486328,930.3599853515625
1418,69.53245544433594,920.1500244140625
1419,69.71187591552734,914.3900146484375
1420,68.94075012207031,904.9500122070312
1421,70.92314910888672,926.0999755859375
1422,71.79383087158203,938.3200073242188
1423,70.79949951171875,913.9099731445312
1424,69.76589965820312,901.7100219726562
1425,72.29869842529297,929.2100219726562
1426,70.86003112792969,914.2100219726562
1427,69.21520233154297,907.2999877929688
1428,69.27444458007812,879.239990234375
1429,71.93329620361328,915.5599975585938
1430,67.97293853759766,886.6900024414062
1431,67.60857391357422,891.719970703125
1432,67.57085418701172,889.9099731445312
1433,70.75682830810547,917.3900146484375
1434,72.04798126220703,922.4500122070312
1435,70.44050598144531,907.5800170898438
1436,68.73294067382812,899.4099731445312
1437,71.31016540527344,915.7100219726562
1438,73.07528686523438,909.9000244140625
1439,72.91590118408203,912.7000122070312
1440,71.22309112548828,906.5399780273438
1441,71.60258483886719,918.8300170898438
1442,69.32970428466797,887.27001953125
1443,67.5413589477539,876.239990234375
1444,67.2068862915039,880.3800048828125
1445,68.25151824951172,901.9099731445312
1446,68.00174713134766,894.719970703125
1447,68.58499908447266,909.1300048828125
1448,68.24698638916016,921.4000244140625
1449,69.51852416992188,922.2000122070312
1450,69.19432830810547,905.030029296875
1451,67.21227264404297,880.0999755859375
1452,67.98140716552734,896.5800170898438
1453,70.32098388671875,916.22998046875
1454,71.65216064453125,927.8400268554688
1455,69.76049041748047,910.3499755859375
1456,68.13447570800781,900.6199951171875
1457,67.12559509277344,894.5900268554688
1458,68.87124633789062,904.97998046875
1459,69.67066955566406,907.6099853515625
1460,69.7409439086914,907.5999755859375
1461,68.81239318847656,898.0
1462,68.48468780517578,900.6500244140625
1463,70.46077728271484,915.0700073242188
1464,73.21905517578125,935.8300170898438
1465,73.55015563964844,935.3200073242188
1466,72.1021957397461,926.97998046875
1467,70.74092864990234,915.989990234375
1468,73.06513977050781,927.0
1469,72.70372009277344,928.9500122070312
1470,71.81239318847656,923.47998046875
1471,67.81143951416016,891.1199951171875
1472,68.75775909423828,892.97998046875
1473,69.01008605957031,912.1699829101562
1474,70.21560668945312,934.8099975585938
1475,70.6306381225586,940.8800048828125
1476,71.67737579345703,937.5800170898438
1477,71.33393096923828,938.3400268554688
1478,71.06148529052734,934.4500122070312
1479,70.02074432373047,904.7100219726562
1480,70.03890991210938,898.469970703125
1481,68.407958984375,895.0499877929688
1482,69.28971099853516,905.0999755859375
1483,71.47965240478516,921.9099731445312
1484,72.32965087890625,924.5499877929688
1485,70.14593505859375,913.1799926757812
1486,69.82476043701172,908.1799926757812
1487,67.23601531982422,897.7999877929688
1488,70.93399810791016,918.0499877929688
1489,70.792724609375,897.2000122070312
1490,70.42697143554688,902.3400268554688
1491,71.32575225830078,908.530029296875
1492,70.92179870605469,920.6300048828125
1493,72.77464294433594,932.5
1494,71.08238220214844,915.8800048828125
1495,70.66034698486328,906.8699951171875
1496,68.00202941894531,887.1799926757812
1497,70.26783752441406,905.739990234375
1498,71.86512756347656,917.6500244140625
1499,72.04409790039062,907.8900146484375
1500,71.6280746459961,914.3400268554688
1501,70.45893096923828,903.1699829101562
1502,71.1337890625,911.8599853515625
1503,73.2439193725586,926.1300048828125
1504,72.68072509765625,924.6599731445312
1505,73.88375854492188,943.5
1506,71.68318939208984,934.0999755859375
1507,71.09738159179688,929.6099853515625
1508,70.09427642822266,917.969970703125
1509,72.61174774169922,926.5800170898438
1510,72.71869659423828,926.47998046875
1511,72.99639892578125,936.0499877929688
1512,71.54814910888672,934.5399780273438
1513,71.37679290771484,926.4500122070312
1514,72.37657165527344,930.5800170898438
1515,72.79711151123047,933.0999755859375
1516,73.00818634033203,924.9199829101562
1517,71.48368835449219,921.719970703125
1518,70.86811828613281,918.760009765625
1519,70.3615493774414,909.530029296875
1520,71.32215118408203,931.719970703125
1521,71.33870697021484,927.8200073242188
1522,69.12574005126953,911.8400268554688
1523,70.47703552246094,914.3400268554688
1524,70.4124526977539,912.280029296875
1525,71.83899688720703,928.4600219726562
1526,70.44804382324219,915.2100219726562
1527,71.4454574584961,920.0800170898438
1528,71.89257049560547,915.6900024414062
1529,73.27049255371094,918.8599853515625
1530,69.44003295898438,897.1699829101562
1531,68.74968719482422,905.1099853515625
1532,67.12657165527344,894.5999755859375
1533,68.14649200439453,899.52001953125
1534,70.15586853027344,902.47998046875
1535,70.72356414794922,901.469970703125
1536,69.00570678710938,884.8200073242188
1537,69.83829498291016,900.239990234375
1538,69.8202133178711,906.3599853515625
1539,71.075927734375,913.0
1540,69.8217544555664,903.9600219726562
1541,69.46847534179688,906.010009765625
1542,69.00309753417969,912.6599731445312
1543,69.94276428222656,896.47998046875
1544,69.33659362792969,889.27001953125
1545,71.3869400024414,900.8599853515625
1546,71.8589096069336,905.9500122070312
1547,73.17195129394531,934.0499877929688
1548,74.76641845703125,939.969970703125
1549,73.58873748779297,940.260009765625
1550,72.0601806640625,931.469970703125
1551,72.37821960449219,917.6400146484375
1552,69.56352996826172,898.6900024414062
1553,67.70709991455078,870.5499877929688
1554,66.22037506103516,863.8599853515625
1555,67.4667739868164,882.8699951171875
1556,69.34691619873047,896.7000122070312
1557,71.10798645019531,914.6900024414062
1558,72.18924713134766,922.6099853515625
1559,72.43687438964844,925.1500244140625
1560,70.99563598632812,908.3200073242188
1561,71.56370544433594,924.22998046875
1562,71.70233917236328,924.1099853515625
1563,71.6748046875,927.0900268554688
1564,73.01741790771484,920.8699951171875
1565,74.53855895996094,924.0499877929688
1566,73.96990966796875,917.6400146484375
1567,73.80431365966797,924.75
1568,69.68054962158203,909.1099853515625
1569,69.9464111328125,900.0399780273438
1570,70.99442291259766,905.4400024414062
1571,70.80221557617188,919.3300170898438
1572,70.86518859863281,927.0800170898438
1573,71.47369384765625,911.4099731445312
1574,73.05230712890625,915.1500244140625
1575,72.76607513427734,911.2999877929688
1576,72.9734115600586,916.47998046875
1577,69.39584350585938,909.6400146484375
1578,70.44832611083984,905.2000122070312
1579,70.95158386230469,908.0
1580,71.89568328857422,908.6400146484375
1581,72.834716796875,920.0700073242188
1582,72.89907836914062,917.9199829101562
1583,72.22811889648438,913.5700073242188
1584,73.02194213867188,919.3699951171875
1585,72.12769317626953,913.489990234375
1586,72.40399932861328,922.260009765625
1587,70.17910766601562,898.6699829101562
1588,70.31173706054688,906.6099853515625
1589,75.17315673828125,937.6400146484375
1590,73.96900939941406,933.739990234375
1591,73.60355377197266,926.469970703125
1592,71.63587188720703,922.7100219726562
1593,73.3576889038086,938.530029296875
1594,72.01384735107422,929.1400146484375
1595,72.11474609375,916.7100219726562
1596,70.66764831542969,896.6599731445312
1597,70.27003479003906,887.1400146484375
1598,69.08611297607422,891.3900146484375
1599,72.5007095336914,915.6099853515625
1600,73.28104400634766,927.5599975585938
1601,71.17575073242188,919.6199951171875
1602,69.91290283203125,920.6500244140625
1603,72.3470687866211,934.3499755859375
1604,75.2632827758789,946.77001953125
1605,74.80973052978516,933.5900268554688
1606,74.81015014648438,928.4400024414062
1607,74.53390502929688,940.6300048828125
1608,76.80915069580078,954.8499755859375
1609,73.5982437133789,936.9299926757812
1610,73.19535827636719,936.0999755859375
1611,74.37039184570312,939.5
1612,74.23674011230469,928.6699829101562
1613,69.66120147705078,892.6599731445312
1614,71.67327117919922,912.1599731445312
1615,70.99040985107422,901.27001953125
1616,74.18370056152344,933.1400146484375
1617,73.84036254882812,933.5900268554688
1618,72.02986907958984,920.6500244140625
1619,71.54051208496094,904.1500244140625
1620,69.3670654296875,893.22998046875
1621,73.00922393798828,918.1300048828125
1622,74.75379943847656,937.530029296875
1623,75.5909194946289,944.3300170898438
1624,72.10151672363281,930.510009765625
1625,71.51252746582031,924.72998046875
1626,70.27244567871094,918.4000244140625
1627,69.49320983886719,907.030029296875
1628,69.5927963256836,902.4400024414062
1629,73.14505767822266,923.4299926757812
1630,71.10521697998047,909.9099731445312
1631,71.36183166503906,924.7100219726562
1632,70.6099624633789,907.219970703125
1633,71.99053955078125,913.2100219726562
1634,73.42813873291016,916.1199951171875
1635,73.00521850585938,918.6400146484375
1636,72.37604522705078,901.97998046875
1637,70.13063049316406,890.9400024414062
1638,73.10063171386719,910.7899780273438
1639,72.466796875,919.1400146484375
1640,72.18986511230469,925.47998046875
1641,73.04759979248047,932.9000244140625
1642,74.06299591064453,931.8900146484375
1643,75.08716583251953,944.989990234375
1644,74.93754577636719,945.8400268554688
1645,74.21906280517578,937.3400268554688
1646,74.72808074951172,932.8699951171875
1647,73.66145324707031,924.989990234375
1648,74.0176010131836,928.8099975585938
1649,76.13137817382812,938.8699951171875
1650,75.14640808105469,940.27001953125
1651,74.9105453491211,936.02001953125
1652,72.82215118408203,917.1400146484375
1653,74.95535278320312,926.8499755859375
1654,71.56501770019531,905.27001953125
1655,70.77271270751953,905.2899780273438
1656,69.37467956542969,896.7999877929688
1657,71.49688720703125,920.6199951171875
1658,71.97766876220703,931.8099975585938
1659,74.93607330322266,942.6699829101562
1660,75.9599838256836,945.1300048828125
1661,74.63067626953125,939.8800048828125
1662,72.0101547241211,927.530029296875
1663,72.5239028930664,920.989990234375
1664,73.4275894165039,916.4400024414062
1665,74.17984771728516,916.4400024414062
1666,73.76837158203125,914.719970703125
1667,72.3742446899414,913.1199951171875
1668,73.810302734375,915.1199951171875
1669,74.48483276367188,923.02001953125
1670,74.41297912597656,937.6300048828125
1671,74.6384048461914,943.5700073242188
1672,74.54969024658203,941.6599731445312
1673,73.99110412597656,941.9400024414062
1674,73.51771545410156,928.760009765625
1675,73.65087127685547,919.9400024414062
1676,72.78324890136719,908.02001953125
1677,74.33480834960938,917.4600219726562
1678,75.70449829101562,935.6199951171875
1679,77.50146484375,950.22998046875
1680,77.34736633300781,953.1099853515625
1681,76.3224105834961,943.510009765625
1682,75.01256561279297,937.489990234375
1683,75.57292938232422,939.3599853515625
1684,77.00411224365234,957.2999877929688
1685,74.06118774414062,929.010009765625
1686,73.58861541748047,926.02001953125
1687,71.16841125488281,911.2000122070312
1688,72.10787200927734,926.1500244140625
1689,72.63655853271484,916.8599853515625
1690,72.5660400390625,916.989990234375
1691,72.15483093261719,916.989990234375
1692,73.39263916015625,922.6699829101562
1693,72.48368835449219,915.1099853515625
1694,72.51779174804688,915.27001953125
1695,71.6195068359375,914.7999877929688
1696,73.4622802734375,924.219970703125
1697,73.59284973144531,933.510009765625
1698,73.87024688720703,926.0399780273438
1699,74.79485321044922,934.3900146484375
1700,73.31719970703125,925.0700073242188
1701,72.41531372070312,914.0900268554688
1702,70.38519287109375,907.5399780273438
1703,70.58997344970703,906.6900024414062
1704,71.51446533203125,910.3599853515625
1705,72.44012451171875,910.0499877929688
1706,73.63350677490234,902.530029296875
1707,75.27017211914062,923.5599975585938
1708,76.22481536865234,935.489990234375
1709,74.95428466796875,929.0399780273438
1710,74.66742706298828,932.780029296875
1711,76.16548919677734,927.010009765625
1712,78.05574798583984,944.25
1713,77.93368530273438,941.6799926757812
1714,77.68977355957031,949.1300048828125
1715,76.76374053955078,939.3499755859375
1716,75.21550750732422,935.4600219726562
1717,72.38487243652344,909.7899780273438
1718,70.5984878540039,908.9099731445312
1719,72.71659088134766,914.9099731445312
1720,73.77372741699219,924.8300170898438
1721,71.58944702148438,923.9400024414062
1722,71.6173095703125,922.030029296875
1723,71.67670440673828,921.0
1724,72.97445678710938,909.97998046875
1725,71.25471496582031,893.9099731445312
1726,71.7765121459961,897.780029296875
1727,72.67272186279297,903.5999755859375
1728,73.27896881103516,902.1099853515625
1729,74.86447143554688,921.1300048828125
1730,75.10921478271484,932.4400024414062
1731,74.4770278930664,924.0599975585938
1732,72.66212463378906,905.9199829101562
1733,72.97611236572266,905.2899780273438
1734,71.29724884033203,901.5
1735,69.33816528320312,887.1099853515625
1736,70.43307495117188,894.2100219726562
1737,73.59156036376953,920.530029296875
1738,73.57667541503906,923.0800170898438
1739,72.33944702148438,907.719970703125
1740,71.88462829589844,908.9400024414062
1741,72.94593811035156,915.4000244140625
1742,70.82064056396484,895.75
1743,72.62666320800781,914.7000122070312
1744,71.5191879272461,912.1300048828125
1745,74.74695587158203,935.0599975585938
1746,71.93379974365234,909.9199829101562
1747,70.7838134765625,892.6900024414062
1748,70.8228759765625,901.510009765625
1749,74.85027313232422,924.2999877929688
1750,70.64924621582031,888.3400268554688
1751,71.77198028564453,905.6300048828125
1752,72.19503021240234,919.489990234375
1753,73.96692657470703,931.97998046875
1754,75.3001708984375,941.1300048828125
1755,76.3457260131836,938.0800170898438
1756,76.66751861572266,931.52001953125
1757,75.22527313232422,914.8400268554688
1758,75.09097290039062,915.530029296875
1759,72.96406555175781,914.8200073242188
1760,74.48474884033203,929.1199951171875
1761,74.84042358398438,932.9099731445312
1762,73.12488555908203,912.530029296875
1763,74.81256866455078,921.5399780273438
1764,74.78922271728516,916.77001953125
1765,73.99424743652344,910.3300170898438
1766,73.94547271728516,910.780029296875
1767,75.3810806274414,921.97998046875
1768,77.35035705566406,938.3200073242188
1769,78.85242462158203,945.280029296875
1770,76.63937377929688,933.2899780273438
1771,75.20603942871094,926.1599731445312
1772,73.06702423095703,901.0499877929688
1773,72.37569427490234,902.6699829101562
1774,71.32388305664062,899.1699829101562
1775,74.274658203125,927.530029296875
1776,73.31131744384766,918.5399780273438
1777,71.88999938964844,893.25
1778,70.81076049804688,894.3800048828125
1779,73.40687561035156,917.5900268554688
1780,74.89958953857422,930.239990234375
1781,72.82526397705078,906.6400146484375
1782,73.46633911132812,910.239990234375
1783,74.84842681884766,919.52001953125
1784,73.81642150878906,911.8599853515625
1785,73.92381286621094,916.1500244140625
1786,74.69251251220703,909.8699951171875
1787,73.94995880126953,903.4199829101562
1788,74.5038833618164,907.5399780273438
1789,74.79850006103516,920.1699829101562
1790,73.70892333984375,920.1099853515625
1791,73.4129867553711,912.8800048828125
1792,72.20429229736328,900.9400024414062
1793,74.32672119140625,911.8800048828125
1794,75.4893569946289,930.6099853515625
1795,75.48661041259766,935.8900146484375
1796,73.43408966064453,914.75
1797,73.99000549316406,912.6799926757812
1798,74.88131713867188,916.3599853515625
1799,76.54032897949219,931.9000244140625
1800,74.9921875,924.6199951171875
1801,71.93836975097656,893.6500244140625
1802,70.7215805053711,871.9600219726562
1803,71.71941375732422,883.0499877929688
1804,74.8611068725586,920.5499877929688
1805,76.20745849609375,944.1699829101562
1806,73.84378814697266,931.77001953125
1807,72.41536712646484,922.8800048828125
1808,72.92478942871094,928.9299926757812
1809,75.3835220336914,928.2999877929688
1810,75.12724304199219,921.510009765625
1811,75.83558654785156,922.4400024414062
1812,75.08165740966797,936.8699951171875
1813,74.4115982055664,935.7899780273438
1814,73.99203491210938,920.8699951171875
1815,73.62306213378906,915.969970703125
1816,75.51565551757812,922.7100219726562
1817,76.33322143554688,922.8800048828125
1818,75.96578216552734,919.0399780273438
1819,72.48222351074219,887.3900146484375
1820,73.810546875,902.8599853515625
1821,72.65476989746094,898.9099731445312
1822,73.64958190917969,909.7000122070312
1823,75.27767181396484,915.0999755859375
1824,78.05400848388672,938.9000244140625
1825,75.12846374511719,916.1099853515625
1826,73.27623748779297,916.1099853515625
1827,73.8236312866211,927.52001953125
1828,75.5163345336914,935.6199951171875
1829,74.79322814941406,909.25
1830,72.75347900390625,898.1400146484375
1831,73.5712661743164,910.8900146484375
1832,72.63199615478516,894.1300048828125
1833,75.51177215576172,909.4099731445312
1834,73.52349090576172,900.219970703125
1835,75.15206909179688,915.8400268554688
1836,73.627197265625,920.6599731445312
1837,74.40176391601562,934.6599731445312
1838,73.3558349609375,930.3400268554688
1839,74.11875915527344,924.3599853515625
1840,72.83605194091797,902.3800048828125
1841,72.89125061035156,905.1400146484375
1842,75.60930633544922,925.6799926757812
1843,75.97301483154297,927.5399780273438
1844,76.74935150146484,937.0
1845,76.06063842773438,926.72998046875
1846,74.89080047607422,908.1400146484375
1847,75.0105209350586,900.4099731445312
1848,74.05526733398438,890.2100219726562
1849,76.16015625,914.0
1850,76.50430297851562,923.9600219726562
1851,73.19319152832031,906.4400024414062
1852,73.33863830566406,909.4299926757812
1853,73.77855682373047,918.6799926757812
1854,76.43070983886719,940.3300170898438
1855,74.183837890625,919.760009765625
1856,73.68514251708984,915.3200073242188
1857,73.6587905883789,917.0900268554688
1858,75.35557556152344,927.3599853515625
1859,75.49430084228516,917.8400268554688
1860,74.0936508178711,913.6699829101562
1861,74.11349487304688,916.7100219726562
1862,76.55554962158203,941.02001953125
1863,77.36085510253906,946.1599731445312
1864,76.37708282470703,940.2899780273438
1865,75.21748352050781,924.5599975585938
1866,73.40409088134766,922.1599731445312
1867,71.8846206665039,913.8599853515625
1868,73.11578369140625,921.780029296875
1869,75.11737060546875,917.6199951171875
1870,73.23918914794922,910.239990234375
1871,72.95601654052734,914.9500122070312
1872,71.83648681640625,894.5499877929688
1873,72.33924865722656,889.4000244140625
1874,73.91015625,907.2899780273438
1875,73.18560028076172,901.9299926757812
1876,73.14862823486328,892.780029296875
1877,74.41790771484375,905.9299926757812
1878,72.26364135742188,890.0900268554688
1879,72.43282318115234,904.77001953125
1880,71.02003479003906,887.1900024414062
1881,73.23863220214844,896.3499755859375
1882,72.18547058105469,891.0800170898438
1883,74.6982650756836,916.5900268554688
1884,74.87027740478516,920.6400146484375
1885,76.1754379272461,935.0
1886,74.28873443603516,907.7100219726562
1887,75.83540344238281,922.02001953125
1888,76.39679718017578,920.2899780273438
1889,76.03282165527344,931.7999877929688
1890,73.10696411132812,901.4199829101562
1891,73.07701873779297,898.5800170898438
1892,75.09259796142578,907.5900268554688
1893,74.96882629394531,920.1900024414062
1894,73.95433807373047,916.3200073242188
1895,74.40645599365234,927.219970703125
1896,75.1714859008789,929.3300170898438
1897,77.74726104736328,950.6400146484375
1898,78.2310562133789,953.6099853515625
1899,79.12448120117188,947.0
1900,77.94854736328125,945.1699829101562
1901,77.87008666992188,937.510009765625
1902,78.21904754638672,930.52001953125
1903,74.66044616699219,905.4400024414062
1904,74.83507537841797,911.0700073242188
1905,74.70894622802734,909.8499755859375
1906,75.70968627929688,916.5800170898438
1907,75.68592834472656,915.9500122070312
1908,76.54730987548828,921.469970703125
1909,77.36959075927734,929.1699829101562
1910,75.58502960205078,903.3599853515625
1911,76.23014831542969,908.7100219726562
1912,74.83322143554688,901.0399780273438
1913,76.53394317626953,924.1099853515625
1914,74.5331802368164,916.5399780273438
1915,74.58028411865234,913.6199951171875
1916,72.77572631835938,902.3800048828125
1917,71.48390197753906,886.6699829101562
1918,73.05705261230469,900.8800048828125
1919,73.02212524414062,907.5800170898438
1920,75.17716979980469,929.1300048828125
1921,74.53450012207031,921.7999877929688
1922,75.61666107177734,905.6400146484375
1923,73.3545913696289,889.6099853515625
1924,72.86284637451172,885.9099731445312
1925,75.51756286621094,908.9199829101562
1926,75.08625793457031,914.2100219726562
1927,77.062744140625,922.5900268554688
1928,76.13689422607422,927.8599853515625
1929,73.10745239257812,901.1699829101562
1930,72.24520111083984,899.530029296875
1931,73.11857604980469,894.4600219726562
1932,75.12196350097656,914.0599975585938
1933,73.22571563720703,909.25
1934,74.69158935546875,920.6300048828125
1935,73.30995178222656,898.9500122070312
1936,74.15117645263672,888.7000122070312
1937,72.8398208618164,884.239990234375
1938,74.4252700805664,899.0999755859375
1939,75.20353698730469,922.6300048828125
1940,75.12378692626953,936.7100219726562
1941,75.73019409179688,936.3800048828125
1942,70.88566589355469,886.7999877929688
1943,71.59947967529297,881.9299926757812
1944,74.27226257324219,914.6799926757812
1945,72.06358337402344,891.02001953125
1946,71.52625274658203,878.3800048828125
1947,72.21845245361328,881.1099853515625
1948,74.12588500976562,899.280029296875
1949,73.25287628173828,891.6599731445312
1950,71.9017333984375,895.969970703125
1951,70.95835876464844,872.239990234375
1952,72.14533996582031,880.0
1953,70.59281158447266,863.719970703125
1954,71.3067855834961,891.9400024414062
1955,70.38260650634766,878.22998046875
1956,70.85852813720703,873.1500244140625
1957,71.5240478515625,878.7000122070312
1958,74.44031524658203,899.780029296875
1959,77.14625549316406,926.530029296875
1960,78.56510162353516,928.280029296875
1961,78.57460021972656,926.8300170898438
1962,78.1707763671875,933.739990234375
1963,76.41726684570312,936.780029296875
1964,74.4549789428711,923.489990234375
1965,74.63264465332031,924.22998046875
1966,75.17404174804688,922.2899780273438
1967,75.82614135742188,923.27001953125
1968,76.39373016357422,920.1300048828125
1969,74.64083099365234,916.8200073242188
1970,74.11825561523438,914.3300170898438
1971,74.2149429321289,912.4099731445312
1972,75.92013549804688,914.7000122070312
1973,77.61781311035156,927.2000122070312
1974,74.84504699707031,907.1599731445312
1975,74.38790130615234,908.27001953125
1976,73.4134750366211,907.7100219726562
1977,74.9134292602539,916.760009765625
1978,75.63309478759766,918.6199951171875
1979,74.52859497070312,909.77001953125
1980,74.85802459716797,906.1900024414062
1981,76.02088165283203,917.530029296875
1982,77.60855865478516,925.9600219726562
1983,78.98759460449219,944.75
1984,74.5218276977539,903.9199829101562
1985,75.11832427978516,903.4000244140625
1986,74.39009857177734,887.5900268554688
1987,77.1366958618164,913.3499755859375
1988,77.4435043334961,917.5700073242188
1989,76.7703857421875,914.4099731445312
1990,76.03172302246094,908.6799926757812
1991,78.38665008544922,924.469970703125
1992,77.78206634521484,918.8300170898438
1993,76.07532501220703,909.5
1994,72.75784301757812,880.0599975585938
1995,73.37350463867188,880.9000244140625
1996,75.6018295288086,908.5900268554688
1997,74.52477264404297,897.27001953125
1998,73.45195770263672,884.2899780273438
1999,74.04271697998047,887.2100219726562
2000,74.0172119140625,890.7899780273438
2001,75.88954162597656,913.4000244140625
2002,76.30307006835938,911.5399780273438
2003,78.55916595458984,934.8099975585938
2004,77.05633544921875,928.9400024414062
2005,76.26739501953125,923.02001953125
2006,75.5463638305664,914.4500122070312
2007,76.91947174072266,918.9299926757812
2008,77.1023941040039,922.8599853515625
2009,76.73577117919922,916.989990234375
2010,75.54373168945312,919.469970703125
2011,73.8223648071289,904.1099853515625
2012,74.46936798095703,913.25
2013,75.97760772705078,912.9400024414062
2014,77.57403564453125,929.8699951171875
2015,76.54266357421875,920.260009765625
2016,74.3152084350586,902.1900024414062
2017,73.22120666503906,898.530029296875
2018,74.30331420898438,907.6900024414062
2019,77.3197250366211,930.4099731445312
2020,77.0159683227539,931.8599853515625
2021,78.09441375732422,936.3200073242188
2022,75.55818939208984,916.5999755859375
2023,75.76834869384766,908.2899780273438
2024,77.44671630859375,925.5900268554688
2025,77.59050750732422,922.9400024414062
2026,77.21633911132812,930.9400024414062
2027,74.90036010742188,914.5999755859375
2028,74.6236572265625,909.0700073242188
2029,76.39049530029297,912.6099853515625
2030,74.41612243652344,909.280029296875
2031,74.27082824707031,904.989990234375
2032,75.07855224609375,915.8800048828125
2033,75.45362854003906,916.5800170898438
2034,76.19794464111328,911.6799926757812
2035,76.97474670410156,905.3200073242188
2036,76.83955383300781,900.4500122070312
2037,76.68048095703125,908.8499755859375
2038,74.27982330322266,902.9199829101562
2039,74.262939453125,899.4400024414062
2040,73.83051300048828,897.469970703125
2041,75.14241027832031,908.8099975585938
2042,74.49203491210938,905.239990234375
2043,75.60102844238281,904.1599731445312
2044,77.3735122680664,908.9400024414062
2045,78.4886474609375,927.1500244140625
2046,78.52831268310547,926.0599975585938
2047,75.9339370727539,912.780029296875
2048,73.6933364868164,899.5800170898438
2049,74.39534759521484,913.260009765625
2050,73.99693298339844,909.9500122070312
2051,76.06651306152344,911.7000122070312
2052,77.4305191040039,922.2000122070312
2053,78.0896224975586,938.2100219726562
2054,77.90646362304688,929.0599975585938
2055,75.33429718017578,904.9199829101562
2056,75.05229949951172,905.030029296875
2057,76.66519165039062,917.97998046875
2058,78.27603149414062,931.1699829101562
2059,79.46830749511719,929.27001953125
2060,78.05419921875,933.239990234375
2061,78.2862777709961,933.3599853515625
2062,77.69652557373047,920.0499877929688
2063,74.79064178466797,893.260009765625
2064,76.303466796875,908.8099975585938
2065,78.1115493774414,920.27001953125
2066,79.51795196533203,939.97998046875
2067,79.59230041503906,939.77001953125
2068,78.98851013183594,943.9500122070312
2069,79.13676452636719,932.1400146484375
2070,77.83753967285156,924.9299926757812
2071,78.46000671386719,928.9000244140625
2072,79.52564239501953,944.9199829101562
2073,79.22708129882812,933.5700073242188
2074,78.85259246826172,930.2999877929688
2075,78.0952377319336,930.3699951171875
2076,78.08023071289062,932.5
2077,78.41259765625,931.7000122070312
2078,79.09290313720703,936.6500244140625
2079,79.12821960449219,943.0700073242188
2080,77.5806655883789,939.5399780273438
2081,77.01508331298828,926.3099975585938
2082,76.43553924560547,920.0999755859375
2083,76.65730285644531,906.739990234375
2084,77.63246154785156,912.5900268554688
2085,76.41123962402344,909.5599975585938
2086,77.28829956054688,908.72998046875
2087,76.45884704589844,902.22998046875
2088,75.73855590820312,900.8499755859375
2089,75.57502746582031,909.1199951171875
2090,76.88452911376953,914.3800048828125
2091,78.4420166015625,920.7000122070312
2092,78.4374771118164,927.010009765625
2093,77.90901947021484,919.1900024414062
2094,76.6922607421875,909.9199829101562
2095,76.82064056396484,906.0
2096,77.30130767822266,913.6199951171875
2097,75.39277648925781,893.510009765625
2098,74.62352752685547,874.1599731445312
2099,74.89813995361328,881.469970703125
2100,75.15495300292969,898.1900024414062
2101,74.8821029663086,907.2899780273438
2102,76.13426971435547,911.5700073242188
2103,75.92256164550781,900.7999877929688
2104,74.07901000976562,887.8099975585938
2105,74.969970703125,898.0499877929688
2106,76.77654266357422,913.760009765625
2107,78.53388214111328,930.469970703125
2108,77.96226501464844,926.6400146484375
2109,76.86955261230469,932.780029296875
2110,76.07366180419922,936.9099731445312
2111,77.13706970214844,942.6900024414062
2112,79.09556579589844,944.030029296875
2113,79.12040710449219,936.9000244140625
2114,78.96700286865234,928.1599731445312
2115,78.76876068115234,921.5399780273438
2116,79.0632095336914,930.4000244140625
2117,80.84341430664062,944.4000244140625
2118,77.1659164428711,927.780029296875
2119,76.14197540283203,912.6500244140625
2120,76.10003662109375,913.47998046875
2121,76.84257507324219,915.8499755859375
2122,76.23486328125,912.510009765625
2123,79.01363372802734,930.8900146484375
2124,78.87029266357422,929.0499877929688
2125,80.58090209960938,939.6799926757812
2126,77.57768249511719,920.5999755859375
2127,78.96969604492188,926.719970703125
2128,78.30391693115234,915.2999877929688
2129,81.32241821289062,929.4600219726562
2130,79.17029571533203,925.5999755859375
2131,77.1723403930664,920.7899780273438
2132,75.63167572021484,912.9000244140625
2133,77.0999526977539,916.75
2134,80.95589447021484,937.3400268554688
2135,80.185791015625,929.5700073242188
2136,78.72178649902344,921.8900146484375
2137,77.88124084472656,919.4400024414062
2138,78.98716735839844,929.5399780273438
2139,76.87528228759766,896.6199951171875
2140,75.61914825439453,896.3099975585938
2141,76.07351684570312,900.7999877929688
2142,77.82501220703125,925.4600219726562
2143,78.33959197998047,933.219970703125
2144,79.49759674072266,930.9199829101562
2145,79.74047088623047,939.3300170898438
2146,78.27272033691406,927.47998046875
2147,77.08858489990234,929.0499877929688
2148,76.59688568115234,922.97998046875
2149,78.85033416748047,931.969970703125
2150,79.52985382080078,932.1199951171875
2151,79.08094024658203,918.969970703125
2152,78.09513092041016,914.5399780273438
2153,78.94104766845703,927.5499877929688
2154,79.66361999511719,939.0399780273438
2155,79.40531921386719,930.8400268554688
2156,79.9433364868164,937.02001953125
2157,77.67117309570312,924.8900146484375
2158,78.33120727539062,932.6900024414062
2159,76.10005950927734,924.739990234375
2160,77.59213256835938,933.1699829101562
2161,77.00607299804688,919.6599731445312
2162,75.76603698730469,916.760009765625
2163,77.69744873046875,921.75
2164,79.03682708740234,923.22998046875
2165,77.3475341796875,905.3499755859375
2166,78.55460357666016,923.6799926757812
2167,79.90908813476562,943.2000122070312
2168,79.15909576416016,931.719970703125
2169,78.8405990600586,935.489990234375
2170,76.01469421386719,915.0
2171,76.27262878417969,918.5499877929688
2172,75.97007751464844,907.0999755859375
2173,80.75856018066406,940.6400146484375
2174,80.74424743652344,940.0
2175,80.86732482910156,933.4199829101562
2176,78.26859283447266,912.0999755859375
2177,78.07859802246094,905.5499877929688
2178,77.54224395751953,907.6799926757812
2179,79.66532897949219,929.4299926757812
2180,78.64126586914062,932.219970703125
2181,81.01051330566406,947.260009765625
2182,79.08613586425781,933.010009765625
2183,78.93780517578125,935.1799926757812
2184,78.39151763916016,940.0700073242188
2185,78.8671875,922.6799926757812
2186,78.11688995361328,919.8200073242188
2187,76.77717590332031,915.3300170898438
2188,78.69844055175781,943.530029296875
2189,77.73786926269531,934.5700073242188
2190,77.26895904541016,937.1799926757812
2191,76.04804229736328,923.1699829101562
2192,76.22360229492188,929.7000122070312
2193,77.13847351074219,926.0399780273438
2194,79.03080749511719,930.6199951171875
2195,78.59784698486328,928.2000122070312
2196,78.92993927001953,929.7000122070312
2197,78.50322723388672,925.52001953125
2198,75.48435974121094,890.4500122070312
2199,73.68191528320312,862.8800048828125
2200,73.92475891113281,878.1500244140625
2201,76.4781494140625,902.0900268554688
2202,79.10147094726562,931.8300170898438
2203,78.15788269042969,919.1199951171875
2204,77.83555603027344,919.1400146484375
2205,78.31912994384766,920.1900024414062
2206,76.70646667480469,919.2000122070312
2207,77.70623779296875,931.510009765625
2208,77.45906829833984,929.3200073242188
2209,79.89269256591797,921.0800170898438
2210,80.87801361083984,927.3400268554688
2211,78.39204406738281,916.8200073242188
2212,79.17499542236328,934.7899780273438
2213,81.81000518798828,946.6599731445312
2214,80.78302001953125,946.72998046875
2215,78.97265625,932.5999755859375
2216,77.51171875,923.1599731445312
2217,77.70378112792969,915.5900268554688
2218,78.25634765625,908.3400268554688
2219,77.98873901367188,898.8800048828125
2220,76.81838989257812,902.52001953125
2221,77.65723419189453,913.6400146484375
2222,77.05767822265625,921.0
2223,76.5477523803711,909.8699951171875
2224,77.65953826904297,908.5999755859375
2225,77.6908950805664,899.4500122070312
2226,79.78678894042969,917.5800170898438
2227,78.53604888916016,912.4000244140625
2228,78.76441955566406,927.760009765625
2229,77.96138000488281,924.9600219726562
2230,77.50337982177734,931.530029296875
2231,76.59298706054688,918.010009765625
2232,78.16654968261719,922.260009765625
2233,78.64326477050781,911.8200073242188
2234,76.38151550292969,902.8800048828125
2235,77.56694793701172,906.4299926757812
2236,80.54354858398438,935.739990234375
2237,80.38243103027344,929.0900268554688
2238,78.19542694091797,911.6599731445312
2239,75.16118621826172,888.8699951171875
2240,75.67157745361328,904.280029296875
2241,78.43082427978516,925.1199951171875
2242,78.07028198242188,924.1099853515625
2243,77.44735717773438,918.969970703125
2244,77.66059875488281,916.3400268554688
2245,77.69490814208984,917.6300048828125
2246,79.38350677490234,926.8499755859375
2247,79.2158432006836,920.6799926757812
2248,80.41718292236328,912.3800048828125
2249,79.79229736328125,909.1699829101562
2250,81.38494873046875,931.6300048828125
2251,78.04452514648438,908.72998046875
2252,78.59818267822266,907.7100219726562
2253,77.46803283691406,896.02001953125
2254,79.1102294921875,915.780029296875
2255,80.54632568359375,924.1900024414062
2256,80.47962951660156,927.4400024414062
2257,78.13835906982422,897.5800170898438
2258,75.53993225097656,889.8300170898438
2259,76.04226684570312,894.0900268554688
2260,78.5499496459961,928.260009765625
2261,77.64797973632812,914.8200073242188
2262,76.67020416259766,914.4000244140625
2263,78.20840454101562,916.5
2264,80.42171478271484,941.25
2265,79.67086791992188,939.780029296875
2266,79.09415435791016,942.0599975585938
2267,79.4974136352539,944.8900146484375
2268,80.98738861083984,940.6099853515625
2269,80.72854614257812,933.1900024414062
2270,79.36157989501953,926.469970703125
2271,78.7933578491211,918.4600219726562
2272,79.54302978515625,928.780029296875
2273,77.85297393798828,913.530029296875
2274,77.95140838623047,909.47998046875
2275,78.85836029052734,910.530029296875
2276,76.8778076171875,890.4500122070312
2277,75.85533142089844,887.6500244140625
2278,77.52618408203125,900.4500122070312
2279,79.67752838134766,924.3300170898438
2280,78.76110076904297,922.9400024414062
2281,77.30951690673828,919.969970703125
2282,77.55259704589844,928.8200073242188
2283,79.29022979736328,947.75
2284,77.77977752685547,923.280029296875
2285,78.5140151977539,913.5599975585938
2286,78.8741455078125,903.3900146484375
2287,80.28036499023438,915.97998046875
2288,79.00958251953125,920.6099853515625
2289,78.35096740722656,917.780029296875
2290,78.5121841430664,918.7899780273438
2291,77.10231018066406,895.1799926757812
2292,76.91265869140625,902.4500122070312
2293,76.1469955444336,894.3300170898438
2294,77.37281799316406,904.6699829101562
2295,78.00341033935547,905.4299926757812
2296,79.94622802734375,926.510009765625
2297,79.91061401367188,921.3800048828125
2298,78.43951416015625,910.0499877929688
2299,79.24334716796875,909.6599731445312
2300,78.68283081054688,922.9299926757812
2301,79.32542419433594,916.6400146484375
2302,76.41053771972656,908.52001953125
2303,77.83004760742188,914.5499877929688
2304,78.09449768066406,913.989990234375
2305,77.89759826660156,908.510009765625
2306,78.24744415283203,913.1900024414062
2307,80.96685028076172,938.7100219726562
2308,82.00088500976562,936.9000244140625
2309,80.81718444824219,928.0499877929688
2310,78.48829650878906,921.5999755859375
2311,78.28475952148438,927.010009765625
2312,77.55774688720703,917.719970703125
2313,79.30840301513672,914.4199829101562
2314,78.21832275390625,902.7100219726562
2315,78.27931213378906,903.77001953125
2316,76.2170639038086,886.25
2317,75.22361755371094,881.77001953125
2318,75.335693359375,886.0499877929688
2319,75.20281982421875,880.27001953125
2320,75.4745864868164,882.969970703125
2321,75.33568572998047,882.22998046875
2322,76.13905334472656,910.3800048828125
2323,77.22138977050781,909.8300170898438
2324,77.31636047363281,908.0800170898438
2325,76.96794891357422,898.239990234375
2326,76.2479476928711,904.25
2327,75.24520111083984,899.0800170898438
2328,77.84325408935547,921.4400024414062
2329,77.46177673339844,916.489990234375
2330,75.68579864501953,894.4400024414062
2331,74.00603485107422,887.1900024414062
2332,75.84441375732422,905.1799926757812
2333,77.55718231201172,931.0700073242188
2334,76.58560943603516,912.260009765625
2335,74.79006958007812,889.77001953125
2336,75.18260955810547,883.9600219726562
2337,75.5665283203125,880.260009765625
2338,75.75526428222656,874.8699951171875
2339,76.35066986083984,887.8300170898438
2340,75.27534484863281,884.4299926757812
2341,76.1308364868164,891.75
2342,77.38616180419922,904.530029296875
2343,77.91448211669922,910.4299926757812
2344,76.10153198242188,901.3800048828125
2345,74.14649963378906,880.0499877929688
2346,73.30352020263672,872.3900146484375
2347,73.24674224853516,874.739990234375
2348,74.86470794677734,887.780029296875
2349,77.48804473876953,909.8499755859375
2350,79.76639556884766,923.030029296875
2351,80.44029235839844,942.6300048828125
2352,79.2902603149414,941.3699951171875
2353,78.8189697265625,933.5900268554688
2354,79.92524719238281,924.0999755859375
2355,80.78223419189453,925.6400146484375
2356,78.95765686035156,912.9199829101562
2357,78.05442810058594,920.4400024414062
2358,74.9872055053711,892.22998046875
2359,76.50096893310547,897.489990234375
2360,77.23471069335938,905.1599731445312
2361,76.64726257324219,910.8800048828125
2362,75.56147003173828,906.7899780273438
2363,77.09413146972656,932.4000244140625
2364,78.73929595947266,936.47998046875
2365,78.08206939697266,927.5999755859375
2366,79.08386993408203,923.27001953125
2367,79.84821319580078,920.77001953125
2368,81.30146026611328,938.0700073242188
2369,79.54141998291016,923.1300048828125
2370,77.81745910644531,921.3300170898438
2371,75.65111541748047,899.6500244140625
2372,75.91768646240234,909.7999877929688
2373,75.8804702758789,895.5999755859375
2374,76.7164306640625,908.02001953125
2375,77.283935546875,907.3900146484375
2376,77.64826965332031,910.4199829101562
2377,78.69221496582031,910.3400268554688
2378,77.2120590209961,899.489990234375
2379,76.34085083007812,891.7100219726562
2380,75.47858428955078,886.1400146484375
2381,76.24919891357422,891.9400024414062
2382,74.1610107421875,876.989990234375
2383,72.8643798828125,871.3599853515625
2384,72.09782409667969,874.9099731445312
2385,73.6110610961914,885.510009765625
2386,77.07870483398438,900.77001953125
2387,78.40892028808594,904.6500244140625
2388,80.19466400146484,925.3400268554688
2389,79.24006652832031,917.97998046875
2390,78.20049285888672,910.3099975585938
2391,74.26953887939453,883.6500244140625
2392,74.55774688720703,880.3599853515625
2393,76.06976318359375,894.5
2394,77.7816162109375,908.6900024414062
2395,78.19346618652344,921.780029296875
2396,77.46612548828125,914.77001953125
2397,76.78880310058594,911.52001953125
2398,78.69117736816406,921.1699829101562
2399,80.66055297851562,937.3599853515625
2400,78.3705825805664,915.22998046875
2401,76.9364013671875,903.3499755859375
2402,75.23402404785156,887.1400146484375
2403,79.74200439453125,918.0700073242188
2404,80.2977066040039,923.469970703125
2405,79.569580078125,915.969970703125
2406,78.80325317382812,913.1900024414062
2407,78.57215118408203,903.9400024414062
2408,79.20730590820312,911.1599731445312
2409,78.62093353271484,914.1500244140625
2410,78.40631103515625,920.3400268554688
2411,78.58912658691406,914.3200073242188
2412,79.21003723144531,921.5700073242188
2413,80.62262725830078,933.3200073242188
2414,79.6505126953125,923.75
2415,80.58692932128906,926.739990234375
2416,81.49759674072266,934.6699829101562
2417,80.9323959350586,936.1400146484375
2418,81.96279907226562,949.0599975585938
2419,80.94456481933594,937.5800170898438
2420,79.48729705810547,924.7999877929688
2421,78.05863189697266,916.0999755859375
2422,78.25666046142578,915.4199829101562
2423,76.5472640991211,897.27001953125
2424,73.96638488769531,871.2899780273438
2425,74.13771057128906,877.02001953125
2426,75.38301849365234,889.7999877929688
2427,77.264892578125,904.969970703125
2428,77.96138000488281,906.75
2429,78.83998107910156,916.0
2430,74.88483428955078,887.1799926757812
2431,73.99003601074219,880.760009765625
2432,73.71241760253906,868.5999755859375
2433,77.60099792480469,898.4099731445312
2434,77.96879577636719,914.739990234375
2435,77.11640930175781,910.3300170898438
2436,75.20047760009766,883.1099853515625
2437,77.43048095703125,898.9400024414062
2438,78.64456939697266,909.3200073242188
2439,81.70028686523438,937.6500244140625
2440,81.9932632446289,936.9000244140625
2441,82.86861419677734,937.739990234375
2442,81.18343353271484,938.0499877929688
2443,80.02168273925781,935.4099731445312
2444,78.50997924804688,920.0700073242188
2445,75.68011474609375,892.1599731445312
2446,74.77637481689453,878.9600219726562
2447,74.91547393798828,883.4000244140625
2448,76.9735336303711,891.7100219726562
2449,79.27678680419922,904.530029296875
2450,82.03140258789062,927.0999755859375
2451,79.84071350097656,912.27001953125
2452,80.28999328613281,924.5900268554688
2453,79.02310943603516,914.030029296875
2454,78.41879272460938,918.2000122070312
2455,76.98583221435547,904.2100219726562
2456,77.1250228881836,912.5999755859375
2457,76.13180541992188,902.9500122070312
2458,79.77304077148438,924.2899780273438
2459,78.69197845458984,910.760009765625
2460,76.34473419189453,897.0700073242188
2461,74.6401596069336,892.030029296875
2462,76.69571685791016,913.6099853515625
2463,78.1601791381836,911.6199951171875
2464,81.0455093383789,931.030029296875
2465,79.21879577636719,925.8499755859375
2466,79.14466094970703,920.3800048828125
2467,77.72749328613281,910.3900146484375
2468,77.48603820800781,895.47998046875
2469,79.28150177001953,922.1699829101562
2470,78.93632507324219,920.4000244140625
2471,82.02806854248047,945.0700073242188
2472,78.61405944824219,918.6900024414062
2473,75.52958679199219,897.3900146484375
2474,74.40080261230469,889.5599975585938
2475,75.09937286376953,894.469970703125
2476,76.8873519897461,911.2000122070312
2477,76.56859588623047,902.030029296875
2478,77.48318481445312,899.280029296875
2479,77.82107543945312,899.8900146484375
2480,81.82422637939453,921.6599731445312
2481,79.2379379272461,911.6699829101562
2482,77.3558120727539,906.469970703125
2483,76.2108154296875,909.6199951171875
2484,77.79933166503906,919.5700073242188
2485,78.80217742919922,908.9099731445312
2486,79.08721923828125,914.4500122070312
2487,80.10105895996094,920.6799926757812
2488,77.96966552734375,908.1900024414062
2489,78.00625610351562,897.8699951171875
2490,76.56568145751953,895.8499755859375
2491,78.4486083984375,903.8099975585938
2492,80.65507507324219,927.1799926757812
2493,80.07478332519531,920.219970703125
2494,79.77350616455078,922.280029296875
2495,76.78502655029297,901.0399780273438
2496,77.17447662353516,891.4600219726562
2497,75.20453643798828,875.6599731445312
2498,76.03294372558594,891.780029296875
2499,75.17828369140625,894.6400146484375
2500,77.76485443115234,918.030029296875
2501,77.5746841430664,910.780029296875
2502,80.67972564697266,928.1699829101562
2503,81.49687957763672,933.6300048828125
2504,78.83229064941406,913.2100219726562
2505,78.13536071777344,911.280029296875
2506,75.2711181640625,894.6300048828125
2507,78.1700439453125,911.030029296875
2508,74.85501861572266,878.1500244140625
2509,73.95860290527344,875.9299926757812
2510,72.9989242553711,863.6599731445312
2511,71.82988739013672,859.6300048828125
2512,74.51148986816406,870.52001953125
2513,77.64701843261719,902.239990234375
2514,80.28009033203125,922.4299926757812
2515,79.89595031738281,927.3599853515625
2516,81.64220428466797,936.3800048828125
2517,81.13494110107422,934.6699829101562
2518,80.67718505859375,931.6599731445312
2519,81.04997253417969,931.1799926757812
2520,79.06558227539062,914.9400024414062
2521,78.16305541992188,905.719970703125
2522,76.72906494140625,901.5999755859375
2523,79.33633422851562,913.7000122070312
2524,80.83816528320312,927.0999755859375
2525,82.72482299804688,944.5399780273438
2526,80.57504272460938,934.2000122070312
2527,77.80359649658203,912.3599853515625
2528,75.9150390625,897.3900146484375
2529,75.5062484741211,905.8599853515625
2530,77.97964477539062,913.3800048828125
2531,79.06861877441406,921.4600219726562
2532,81.24346160888672,928.489990234375
2533,79.40900421142578,912.1799926757812
2534,80.95659637451172,932.8800048828125
2535,80.48591613769531,926.4400024414062
2536,79.06351470947266,932.3900146484375
2537,78.72811126708984,921.0
2538,77.48908996582031,908.3499755859375
2539,75.49542236328125,884.2999877929688
2540,77.140625,891.2899780273438
2541,77.94453430175781,898.6099853515625
2542,79.28366088867188,914.260009765625
2543,78.28545379638672,921.6500244140625
2544,76.81293487548828,904.5
2545,77.3442153930664,897.4600219726562
2546,79.51293182373047,899.7999877929688
2547,79.72528076171875,909.77001953125
2548,79.52837371826172,916.1199951171875
2549,78.80876159667969,919.25
2550,79.14051055908203,920.280029296875
2551,76.84353637695312,894.489990234375
2552,78.84906768798828,918.9299926757812
2553,80.07538604736328,914.2899780273438
2554,77.59906005859375,901.52001953125
2555,77.24256134033203,896.72998046875
2556,77.29664611816406,902.7000122070312
2557,78.36697387695312,909.22998046875
2558,80.90625762939453,933.030029296875
2559,78.66495513916016,915.75
2560,78.95071411132812,912.8400268554688
2561,79.20812225341797,915.5
2562,81.11065673828125,920.6400146484375
2563,79.17427825927734,905.760009765625
2564,79.95712280273438,909.010009765625
2565,78.2579574584961,907.6500244140625
2566,79.00521850585938,915.3499755859375
2567,79.58537292480469,918.0800170898438
2568,78.25875091552734,897.0800170898438
2569,78.07310485839844,897.530029296875
2570,77.20477294921875,900.8699951171875
2571,78.18566131591797,909.9500122070312
2572,77.82760620117188,905.27001953125
2573,77.82738494873047,890.8699951171875
2574,76.6497802734375,885.2000122070312
2575,76.06463623046875,881.5900268554688
2576,80.57960510253906,911.3900146484375
2577,82.63892364501953,922.3699951171875
2578,81.30209350585938,915.969970703125
2579,80.13118743896484,907.989990234375
2580,79.83351135253906,911.25
2581,80.71859741210938,917.9000244140625
2582,80.54219055175781,922.6300048828125
2583,81.95964050292969,924.280029296875
2584,77.96898651123047,906.010009765625
2585,77.2059097290039,884.9400024414062
2586,75.27667999267578,869.5599975585938
2587,74.64281463623047,865.0499877929688
2588,76.08702087402344,886.3200073242188
2589,74.77204895019531,887.2999877929688
2590,75.56317138671875,885.5399780273438
2591,76.77533721923828,907.3900146484375
2592,78.50923919677734,908.030029296875
2593,79.18567657470703,906.0399780273438
2594,77.99644470214844,895.280029296875
2595,78.1574935913086,896.1400146484375
2596,78.88372802734375,913.0999755859375
2597,80.7171630859375,913.4099731445312
2598,81.22357177734375,915.2000122070312
2599,81.58049011230469,921.9099731445312
2600,80.12760162353516,916.530029296875
2601,77.97367858886719,899.0999755859375
2602,76.9820327758789,885.4500122070312
2603,73.78880310058594,858.4099731445312
2604,75.17385864257812,871.0900268554688
2605,77.50713348388672,900.4500122070312
2606,79.3210678100586,907.5499877929688
2607,80.23388671875,911.6900024414062
2608,78.05609893798828,897.1900024414062
2609,76.65353393554688,901.9000244140625
2610,74.9266586303711,892.469970703125
2611,76.74903106689453,914.7000122070312
2612,79.205322265625,938.1699829101562
2613,79.8241195678711,928.5999755859375
2614,78.9903793334961,917.7100219726562
2615,76.98502349853516,893.9299926757812
2616,78.72271728515625,903.5700073242188
2617,79.7139663696289,912.6799926757812
2618,79.68017578125,925.52001953125
2619,78.84244537353516,926.1799926757812
2620,76.40681457519531,895.0999755859375
2621,76.91935729980469,888.8099975585938
2622,76.4271011352539,888.2999877929688
2623,78.36357879638672,899.9299926757812
2624,76.12935638427734,885.8099975585938
2625,74.93418884277344,870.27001953125
2626,76.01302337646484,887.0599975585938
2627,78.02200317382812,906.1900024414062
2628,77.88763427734375,911.6300048828125
2629,78.0361328125,900.6400146484375
2630,79.44490814208984,913.6099853515625
2631,75.62123107910156,892.8200073242188
2632,74.03376007080078,879.2000122070312
2633,78.08218383789062,898.1900024414062
2634,79.44406127929688,913.1799926757812
2635,79.57704162597656,913.510009765625
2636,81.7696533203125,925.1500244140625
2637,83.02957153320312,931.75
2638,83.13545227050781,925.739990234375
2639,82.5328140258789,941.2100219726562
2640,80.43324279785156,925.3599853515625
2641,77.7875747680664,908.3099975585938
2642,78.50040435791016,909.9099731445312
2643,79.0998306274414,910.9299926757812
2644,80.47217559814453,921.0599975585938
2645,78.14805603027344,889.5599975585938
2646,79.38115692138672,903.1699829101562
2647,80.61896514892578,915.7999877929688
2648,80.85688781738281,937.9299926757812
2649,79.29229736328125,936.8599853515625
2650,78.12889099121094,923.0900268554688
2651,77.91619110107422,899.9099731445312
2652,77.79671478271484,887.47998046875
2653,76.08395385742188,873.739990234375
2654,78.90319061279297,903.780029296875
2655,77.96141052246094,898.7100219726562
2656,78.8307876586914,913.27001953125
2657,76.737060546875,899.3200073242188
2658,80.28216552734375,925.1799926757812
2659,81.33013916015625,919.7100219726562
2660,79.51246643066406,901.6699829101562
2661,80.15010833740234,898.3800048828125
2662,81.69456481933594,918.0599975585938
2663,79.78338623046875,907.7100219726562
2664,78.86503601074219,904.5499877929688
2665,78.82418060302734,913.1599731445312
2666,81.25472259521484,925.3200073242188
2667,82.62836456298828,932.5399780273438
2668,82.49639892578125,933.6500244140625
2669,79.12255096435547,914.8400268554688
2670,78.18582916259766,905.969970703125
2671,78.90557861328125,903.3699951171875
2672,81.5386734008789,922.8800048828125
2673,81.30390167236328,918.2000122070312
2674,80.99250030517578,924.0399780273438
2675,82.197021484375,913.8800048828125
2676,82.31304931640625,911.8599853515625
2677,79.05058288574219,887.239990234375
2678,78.77901458740234,897.9199829101562
2679,77.90117645263672,888.4400024414062
2680,79.72301483154297,898.1599731445312
2681,79.75357055664062,900.8499755859375
2682,78.98953247070312,910.1500244140625
2683,78.3105697631836,906.9000244140625
2684,78.90819549560547,912.77001953125
2685,80.9782485961914,928.3200073242188
2686,81.170654296875,935.22998046875
2687,79.1662826538086,915.5900268554688
2688,79.4059829711914,910.0900268554688
2689,81.52616119384766,909.719970703125
2690,84.2528076171875,928.8200073242188
2691,84.03564453125,927.7000122070312
2692,80.81515502929688,909.5
2693,76.36540985107422,880.6300048828125
2694,78.4388198852539,888.8200073242188
2695,78.78802490234375,903.9500122070312
2696,82.6888427734375,924.27001953125
2697,82.80610656738281,920.3699951171875
2698,79.73634338378906,895.4500122070312
2699,75.79379272460938,873.4400024414062
2700,77.2239761352539,879.7899780273438
2701,78.12824249267578,883.8599853515625
2702,79.31441497802734,897.52001953125
2703,76.86021423339844,889.8699951171875
2704,77.34688568115234,903.5800170898438
2705,80.30296325683594,911.0800170898438
2706,80.40611267089844,909.0499877929688
2707,80.33768463134766,910.6400146484375
2708,80.07390594482422,915.1599731445312
2709,81.40630340576172,927.0499877929688
2710,79.37278747558594,906.5999755859375
2711,76.45034790039062,885.489990234375
2712,77.05562591552734,888.5800170898438
2713,79.6867446899414,904.6699829101562
2714,79.63716888427734,900.239990234375
2715,81.56719970703125,903.4000244140625
2716,81.94306182861328,915.219970703125
2717,81.66954803466797,917.760009765625
2718,80.23234558105469,907.4600219726562
2719,80.13410949707031,909.280029296875
2720,81.8881607055664,917.0399780273438
2721,82.01728057861328,914.219970703125
2722,78.6324462890625,899.5599975585938
2723,77.29988861083984,901.8699951171875
2724,79.10165405273438,918.219970703125
2725,80.40914916992188,916.6599731445312
2726,79.43103790283203,903.9500122070312
2727,79.24858093261719,893.1400146484375
2728,80.72705078125,914.5599975585938
2729,79.66046905517578,912.739990234375
2730,78.44967651367188,905.3900146484375
2731,79.90072631835938,915.8300170898438
2732,82.033447265625,930.2100219726562
2733,82.5204849243164,932.6099853515625
2734,81.29437255859375,927.3300170898438
2735,81.19661712646484,925.1400146484375
2736,81.80221557617188,926.2899780273438
2737,80.70623779296875,910.72998046875
2738,79.95895385742188,907.77001953125
2739,78.843017578125,895.1099853515625
2740,79.38575744628906,898.8599853515625
2741,79.53974151611328,905.47998046875
2742,79.50003814697266,911.6300048828125
2743,79.60929870605469,915.1900024414062
2744,81.68054962158203,920.3599853515625
2745,82.66173553466797,920.3699951171875
2746,81.4603500366211,911.8200073242188
2747,78.81153106689453,894.0399780273438
2748,81.85438537597656,914.8900146484375
2749,82.25299835205078,921.5
2750,86.18339538574219,947.1199951171875
2751,84.61946868896484,949.1099853515625
2752,82.14126586914062,935.2899780273438
2753,82.1533432006836,933.5599975585938
2754,80.31906127929688,912.3800048828125
2755,79.6585922241211,907.27001953125
2756,79.9644775390625,910.4299926757812
2757,82.89461517333984,924.9199829101562
2758,84.36872863769531,935.5900268554688
2759,84.64766693115234,948.8800048828125
2760,81.26457977294922,925.27001953125
2761,81.10635375976562,918.25
2762,82.5860595703125,920.4099731445312
2763,83.90718841552734,919.9400024414062
2764,80.44610595703125,898.4400024414062
2765,78.12251281738281,883.8200073242188
2766,79.85350799560547,898.0599975585938
2767,80.8699722290039,918.6900024414062
2768,81.2958984375,928.1099853515625
2769,80.90955352783203,925.5499877929688
2770,81.39910125732422,930.760009765625
2771,80.14590454101562,919.989990234375
2772,79.05963897705078,915.8599853515625
2773,79.40373229980469,915.7100219726562
2774,80.6634292602539,920.27001953125
2775,81.29570770263672,917.9000244140625
2776,81.45982360839844,916.6400146484375
2777,81.37838745117188,916.47998046875
2778,82.9496841430664,918.0599975585938
2779,82.71937561035156,922.1699829101562
2780,81.56622314453125,921.9299926757812
2781,81.20690155029297,919.5999755859375
2782,81.09420776367188,913.5599975585938
2783,82.11018371582031,913.9099731445312
2784,82.14124298095703,933.4299926757812
2785,82.04280853271484,929.530029296875
2786,83.18208312988281,933.7000122070312
2787,84.6776351928711,930.5800170898438
2788,83.48333740234375,930.239990234375
2789,82.28256225585938,922.8699951171875
2790,82.05274200439453,923.6400146484375
2791,83.25102233886719,922.530029296875
2792,84.76185607910156,928.510009765625
2793,83.51513671875,919.5999755859375
2794,82.27046966552734,916.8900146484375
2795,79.59796142578125,905.52001953125
2796,80.2142105102539,910.8599853515625
2797,80.98493957519531,921.9400024414062
2798,81.05709075927734,936.3900146484375
2799,81.91051483154297,944.3499755859375
2800,82.92589569091797,936.0700073242188
2801,82.46271514892578,929.3499755859375
2802,80.55094909667969,917.4600219726562
2803,80.40876007080078,920.239990234375
2804,80.06973266601562,918.1099853515625
2805,82.55712127685547,925.5599975585938
2806,82.41903686523438,936.8099975585938
2807,84.9563980102539,948.2000122070312
2808,85.60713195800781,953.8200073242188
2809,84.45214080810547,938.010009765625
2810,82.07565307617188,925.3300170898438
2811,79.5248031616211,922.030029296875
2812,80.43285369873047,933.72998046875
2813,82.7862548828125,936.3499755859375
2814,81.88603973388672,928.5499877929688
2815,80.14359283447266,916.260009765625
2816,80.99287414550781,915.6500244140625
2817,82.771240234375,927.1400146484375
2818,83.77652740478516,930.530029296875
2819,82.40748596191406,927.4600219726562
2820,81.53720092773438,916.97998046875
2821,81.1819076538086,906.6400146484375
2822,81.76853942871094,912.7899780273438
2823,78.04438018798828,880.219970703125
2824,78.7303466796875,888.1099853515625
2825,78.01033782958984,886.7999877929688
2826,80.72433471679688,905.3499755859375
2827,79.6947250366211,895.5900268554688
2828,78.80979919433594,900.5700073242188
2829,79.72467803955078,901.3800048828125
2830,81.10408782958984,916.1699829101562
2831,81.28997039794922,919.8499755859375
2832,83.37186431884766,935.8099975585938
2833,83.96659088134766,937.9600219726562
2834,81.4633560180664,926.760009765625
2835,79.96334075927734,898.1300048828125
2836,80.13487243652344,901.5800170898438
2837,80.47539520263672,907.7000122070312
2838,81.83911895751953,920.97998046875
2839,80.33526611328125,909.1799926757812
2840,80.50389862060547,905.3900146484375
2841,79.80034637451172,893.97998046875
2842,81.3301010131836,913.9000244140625
2843,81.28328704833984,927.7999877929688
2844,77.27227020263672,907.8200073242188
2845,74.35810852050781,882.9099731445312
2846,76.96345520019531,884.3400268554688
2847,80.82615661621094,917.3400268554688
2848,81.8736801147461,919.25
2849,78.2622299194336,899.5700073242188
2850,77.77201843261719,889.3099975585938
2851,79.76647186279297,901.1900024414062
2852,80.56072998046875,905.4299926757812
2853,81.05270385742188,912.5900268554688
2854,79.3105697631836,904.22998046875
2855,79.02216339111328,907.77001953125
2856,79.72982025146484,911.6699829101562
2857,82.82124328613281,933.8800048828125
2858,82.41146850585938,924.5
2859,83.32809448242188,932.8400268554688
2860,82.47372436523438,923.9600219726562
2861,82.30215454101562,929.6099853515625
2862,81.53103637695312,931.5
2863,83.21925354003906,944.5800170898438
2864,82.74874877929688,942.0599975585938
2865,82.97661590576172,930.010009765625
2866,81.85623168945312,921.4400024414062
2867,79.18279266357422,901.469970703125
2868,79.55345916748047,890.6300048828125
2869,80.1341323852539,903.9299926757812
2870,78.64790344238281,900.77001953125
2871,76.33501434326172,886.4099731445312
2872,77.04234313964844,895.469970703125
2873,80.33348083496094,915.5999755859375
2874,80.14046478271484,912.6099853515625
2875,80.81874084472656,916.8900146484375
2876,79.6768569946289,908.0900268554688
2877,80.88578796386719,914.739990234375
2878,82.3279800415039,917.280029296875
2879,79.03508758544922,909.1599731445312
2880,74.6129379272461,864.2999877929688
2881,76.44541931152344,871.8900146484375
2882,76.97026824951172,868.6799926757812
2883,78.610595703125,898.1699829101562
2884,77.17847442626953,894.3200073242188
2885,75.4737548828125,884.9000244140625
2886,75.7297592163086,877.2899780273438
2887,77.91649627685547,887.260009765625
2888,76.28653717041016,870.3200073242188
2889,74.1389389038086,857.969970703125
2890,74.0390625,857.469970703125
2891,75.0067138671875,873.7899780273438
2892,77.35970306396484,886.219970703125
2893,80.14987182617188,914.719970703125
2894,78.70735931396484,903.260009765625
2895,77.32230377197266,882.3800048828125
2896,75.35537719726562,855.1099853515625
2897,76.56238555908203,867.1099853515625
2898,79.37493133544922,894.780029296875
2899,79.4758529663086,901.25
2900,79.62193298339844,911.02001953125
2901,79.70790100097656,915.7100219726562
2902,80.0969009399414,919.5800170898438
2903,78.86067962646484,899.969970703125
2904,79.07272338867188,897.7899780273438
2905,81.15282440185547,900.530029296875
2906,82.46973419189453,905.1599731445312
2907,81.94083404541016,905.8499755859375
2908,80.92049407958984,899.9600219726562
2909,79.36939239501953,908.6799926757812
2910,81.73715209960938,932.0
2911,78.9879379272461,910.7999877929688
2912,79.79698181152344,903.52001953125
2913,76.99962615966797,882.9400024414062
2914,77.56373596191406,891.6900024414062
2915,76.24221801757812,884.239990234375
2916,76.34146118164062,879.77001953125
2917,77.97852325439453,893.0599975585938
2918,79.544677734375,910.6500244140625
2919,78.40567016601562,910.3499755859375
2920,74.86624145507812,879.030029296875
2921,74.29301452636719,884.9099731445312
2922,76.99630737304688,894.0800170898438
2923,78.21038818359375,903.77001953125
2924,81.92098236083984,917.489990234375
2925,83.63835906982422,933.7100219726562
2926,82.95037841796875,926.8099975585938
2927,79.96745300292969,907.030029296875
2928,81.39125061035156,896.9299926757812
2929,82.031005859375,907.1099853515625
2930,80.00786590576172,904.9099731445312
2931,78.70995330810547,910.5900268554688
2932,78.75489807128906,912.1199951171875
2933,77.3699722290039,899.3499755859375
2934,78.49423217773438,897.4299926757812
2935,79.35832977294922,897.739990234375
2936,80.99411010742188,904.8699951171875
2937,80.2053451538086,900.3599853515625
2938,79.0509262084961,897.219970703125
2939,78.544189453125,898.010009765625
2940,80.12982940673828,903.8499755859375
2941,79.73168182373047,901.1699829101562
2942,78.85232543945312,888.5499877929688
2943,77.68273162841797,896.0
2944,77.8153076171875,905.6799926757812
2945,79.68190002441406,915.4500122070312
2946,79.4847412109375,907.3699951171875
2947,82.72743225097656,919.0599975585938
2948,84.11270141601562,928.6699829101562
2949,83.62743377685547,932.8800048828125
2950,82.01593017578125,922.72998046875
2951,79.72061920166016,908.3800048828125
2952,80.47199249267578,909.6799926757812
2953,78.08683013916016,887.3900146484375
2954,80.27525329589844,907.72998046875
2955,80.04135131835938,894.3800048828125
2956,80.9294662475586,907.3200073242188
2957,79.97030639648438,894.75
2958,83.66707611083984,930.52001953125
2959,82.27701568603516,920.5800170898438
2960,79.98342895507812,905.9600219726562
2961,76.1926498413086,878.6900024414062
2962,77.95211791992188,885.22998046875
2963,78.51911926269531,890.489990234375
2964,80.63519287109375,900.8099975585938
2965,80.13684844970703,897.780029296875
2966,82.54749298095703,920.5
2967,81.71915435791016,907.260009765625
2968,81.20142364501953,899.1099853515625
2969,77.58538818359375,873.9400024414062
2970,78.5745620727539,891.77001953125
2971,77.7879638671875,897.4500122070312
2972,78.28199768066406,906.77001953125
2973,79.0726547241211,912.9600219726562
2974,78.71172332763672,916.97998046875
2975,80.37956237792969,921.219970703125
2976,81.4493637084961,920.4500122070312
2977,81.37803649902344,909.0599975585938
2978,79.05696105957031,888.5
2979,77.94261169433594,877.7000122070312
2980,77.38224792480469,883.010009765625
2981,79.56095123291016,902.1099853515625
2982,82.0806884765625,923.27001953125
2983,81.51296997070312,918.4600219726562
2984,80.72832489013672,912.02001953125
2985,78.10083770751953,901.3800048828125
2986,76.29454040527344,887.9500122070312
2987,77.35443115234375,904.1699829101562
2988,83.13877868652344,922.1500244140625
2989,82.00709533691406,912.7100219726562
2990,80.33538055419922,894.719970703125
2991,78.42766571044922,882.6400146484375
2992,79.6769027709961,894.3400268554688
2993,79.94425201416016,906.1400146484375
2994,82.06039428710938,921.030029296875
2995,80.67289733886719,905.3499755859375
2996,79.24864196777344,888.1500244140625
2997,79.23905944824219,887.8300170898438
2998,77.99568176269531,882.4500122070312
2999,80.10040283203125,895.030029296875
3000,81.18612670898438,902.760009765625
3001,79.95441436767578,900.0499877929688
3002,79.85469055175781,904.3599853515625
3003,77.81671142578125,897.1699829101562
3004,78.06066131591797,891.219970703125
3005,81.01823425292969,900.22998046875
3006,82.2802505493164,922.3400268554688
3007,80.99915313720703,902.969970703125
3008,83.04041290283203,916.4299926757812
3009,81.58989715576172,893.1400146484375
3010,83.02633666992188,904.0700073242188
3011,77.98370361328125,873.1900024414062
3012,79.7531509399414,894.5499877929688
3013,80.53642272949219,892.8099975585938
3014,80.76070404052734,888.3400268554688
3015,81.07487487792969,894.3599853515625
3016,80.26454162597656,893.510009765625
3017,81.90182495117188,912.6699829101562
3018,83.85169219970703,897.25
3019,82.89523315429688,896.6500244140625
3020,83.26529693603516,913.9400024414062
3021,80.1943359375,910.6500244140625
3022,78.9284439086914,899.9400024414062
3023,77.0803451538086,874.739990234375
3024,77.86542510986328,889.5499877929688
3025,77.30030059814453,883.9600219726562
3026,82.00262451171875,924.239990234375
3027,81.77045440673828,923.9299926757812
3028,83.66297149658203,935.9600219726562
3029,83.39600372314453,931.489990234375
3030,82.81230926513672,924.1599731445312
3031,82.83555603027344,916.6599731445312
3032,80.68511199951172,906.1500244140625
3033,81.51396179199219,914.1099853515625
3034,79.50623321533203,919.4600219726562
3035,77.09363555908203,887.3499755859375
3036,78.27497863769531,888.739990234375
3037,79.34513854980469,883.8900146484375
3038,78.37345123291016,881.8900146484375
3039,76.8747787475586,863.530029296875
3040,77.010498046875,875.530029296875
3041,76.9238052368164,881.530029296875
3042,77.22569274902344,894.4199829101562
3043,79.98533630371094,898.6799926757812
3044,80.14505004882812,890.8800048828125
3045,78.7298812866211,885.5700073242188
3046,78.80899810791016,889.4600219726562
3047,78.68223571777344,893.3300170898438
3048,80.85289764404297,905.6500244140625
3049,81.92682647705078,915.0700073242188
3050,82.5831527709961,916.5499877929688
3051,83.29666900634766,919.739990234375
3052,82.3593521118164,909.2100219726562
3053,80.06231689453125,895.510009765625
3054,78.84146118164062,893.4600219726562
3055,78.63992309570312,896.6699829101562
3056,77.35580444335938,883.4600219726562
3057,76.2718505859375,864.780029296875
3058,79.23406982421875,885.3300170898438
3059,79.85005187988281,896.010009765625
3060,81.97935485839844,910.3599853515625
3061,80.61107635498047,902.6699829101562
3062,76.33367919921875,876.1799926757812
3063,77.37278747558594,886.0399780273438
3064,78.06145477294922,888.0800170898438
3065,81.5908203125,903.7000122070312
3066,78.95760345458984,875.989990234375
3067,77.9148178100586,883.72998046875
3068,82.83677673339844,911.9299926757812
3069,80.84548950195312,895.3800048828125
3070,78.02784729003906,871.1500244140625
3071,77.52543640136719,873.8200073242188
3072,78.49666595458984,886.969970703125
3073,80.73448944091797,901.0399780273438
3074,78.45601654052734,891.0999755859375
3075,77.8759994506836,894.3099975585938
3076,77.85985565185547,898.3900146484375
3077,80.1079330444336,910.6099853515625
3078,81.18498992919922,892.7999877929688
3079,79.78409576416016,890.8200073242188
3080,80.03334045410156,896.6900024414062
3081,81.34674072265625,916.9500122070312
3082,83.55220794677734,926.2899780273438
3083,82.54629516601562,930.5999755859375
3084,81.74201202392578,922.3800048828125
3085,82.61408996582031,921.1199951171875
3086,83.95530700683594,912.47998046875
3087,85.72721099853516,927.3900146484375
3088,84.44425964355469,922.780029296875
3089,83.63700103759766,930.7100219726562
3090,82.46562194824219,929.5700073242188
3091,82.47174835205078,934.719970703125
3092,83.49639892578125,936.260009765625
3093,82.73200225830078,924.4600219726562
3094,83.61492919921875,921.9400024414062
3095,82.10609436035156,904.8400268554688
3096,84.05298614501953,915.1300048828125
3097,83.00530242919922,928.4000244140625
3098,83.07579040527344,927.9600219726562
3099,80.89915466308594,902.1400146484375
3100,81.25601196289062,895.510009765625
3101,82.05054473876953,905.469970703125
3102,81.869140625,908.3900146484375
3103,80.61228942871094,902.0700073242188
3104,81.0916976928711,910.52001953125
3105,82.68899536132812,922.2100219726562
3106,84.38313293457031,926.3800048828125
3107,84.49790954589844,923.1799926757812
3108,85.3446273803711,920.1599731445312
3109,85.56051635742188,932.5900268554688
3110,85.2196044921875,927.4400024414062
3111,84.06671905517578,915.7899780273438
3112,84.56291961669922,915.5
3113,81.99427795410156,909.530029296875
3114,83.25651550292969,921.0499877929688
3115,83.76832580566406,918.1400146484375
3116,87.14598846435547,930.1799926757812
3117,82.11979675292969,911.8200073242188
3118,82.43500518798828,914.0700073242188
3119,80.22614288330078,900.989990234375
3120,83.27164459228516,920.8499755859375
3121,81.70524597167969,915.260009765625
3122,82.69580078125,924.7000122070312
3123,83.31685638427734,930.5
3124,83.86277770996094,933.0
3125,85.79432678222656,943.4199829101562
3126,85.44590759277344,929.6900024414062
3127,81.06424713134766,919.6500244140625
3128,82.35438537597656,928.0599975585938
3129,84.2634506225586,933.0
3130,84.35509490966797,913.8699951171875
3131,82.91309356689453,918.260009765625
3132,81.68961334228516,905.9099731445312
3133,80.32915496826172,907.2000122070312
3134,81.29475402832031,904.739990234375
3135,82.56722259521484,915.1400146484375
3136,85.41055297851562,927.0800170898438
3137,83.05364990234375,917.6300048828125
3138,83.62039947509766,922.9299926757812
3139,81.37105560302734,902.8699951171875
3140,79.38723754882812,886.3599853515625
3141,80.58636474609375,891.0700073242188
3142,80.79132080078125,892.6300048828125
3143,80.73554229736328,899.6699829101562
3144,81.71111297607422,911.3900146484375
3145,83.34127807617188,920.3200073242188
3146,84.58824920654297,907.0499877929688
3147,84.19397735595703,909.6799926757812
3148,86.94853210449219,929.219970703125
3149,84.94729614257812,930.1900024414062
3150,84.31702423095703,928.6400146484375
3151,84.217041015625,928.47998046875
3152,84.90138244628906,928.9600219726562
3153,83.5377426147461,916.0499877929688
3154,83.77330017089844,914.47998046875
3155,83.3874740600586,914.2999877929688
3156,83.30723571777344,910.6900024414062
3157,81.94657135009766,908.2000122070312
3158,84.94703674316406,923.52001953125
3159,86.37908172607422,938.6400146484375
3160,86.57833862304688,931.280029296875
3161,83.82823181152344,919.4199829101562
3162,82.77324676513672,914.4099731445312
3163,82.63981628417969,918.219970703125
3164,82.88086700439453,916.3599853515625
3165,83.92261505126953,927.2100219726562
3166,84.76434326171875,929.52001953125
3167,85.46796417236328,937.510009765625
3168,83.92090606689453,924.3400268554688
3169,83.2137222290039,914.989990234375
3170,83.9817123413086,919.6400146484375
3171,83.6951675415039,926.3800048828125
3172,82.51409149169922,920.4600219726562
3173,79.88907623291016,899.2100219726562
3174,81.56623840332031,890.9099731445312
3175,83.7808837890625,908.260009765625
3176,85.71803283691406,924.5499877929688
3177,84.60360717773438,928.0900268554688
3178,84.59085083007812,920.0599975585938
3179,83.5273666381836,916.4299926757812
3180,82.24185943603516,904.030029296875
3181,81.04115295410156,902.6500244140625
3182,82.50824737548828,904.0399780273438
3183,83.85747528076172,915.4199829101562
3184,83.07901763916016,920.6500244140625
3185,83.80225372314453,929.5399780273438
3186,84.65267181396484,931.280029296875
3187,83.83407592773438,921.7100219726562
3188,82.17223358154297,924.5
3189,82.20011901855469,930.0800170898438
3190,84.69630432128906,939.27001953125
3191,86.57084655761719,945.6500244140625
3192,86.41194915771484,940.1799926757812
3193,83.90074157714844,923.4500122070312
3194,82.54312896728516,909.5499877929688
3195,82.3162612915039,915.4199829101562
3196,81.40269470214844,893.739990234375
3197,81.07244110107422,898.3099975585938
3198,84.31776428222656,922.5999755859375
3199,84.19049072265625,925.5599975585938
3200,83.51221466064453,920.469970703125
3201,82.12356567382812,906.4600219726562
3202,79.99180603027344,897.1799926757812
3203,80.17350006103516,895.510009765625
3204,82.06050872802734,902.719970703125
3205,84.7306137084961,923.8599853515625
3206,83.6688003540039,912.239990234375
3207,82.4239501953125,913.8300170898438
3208,82.81429290771484,911.989990234375
3209,82.7687759399414,914.3599853515625
3210,82.25186920166016,906.6799926757812
3211,84.95869445800781,922.1300048828125
3212,83.86155700683594,912.1099853515625
3213,82.48652648925781,912.2999877929688
3214,81.7798843383789,916.5499877929688
3215,82.1309814453125,919.719970703125
3216,81.97589874267578,916.02001953125
3217,81.82637786865234,914.9600219726562
3218,82.86638641357422,918.5
3219,82.4253921508789,922.6900024414062
3220,81.06532287597656,909.0599975585938
3221,80.20600891113281,898.8699951171875
3222,79.08457946777344,882.1799926757812
3223,80.42288970947266,894.530029296875
3224,80.16839599609375,895.739990234375
3225,83.34776306152344,916.1599731445312
3226,84.34857177734375,919.719970703125
3227,85.91860961914062,927.6199951171875
3228,87.85520935058594,940.989990234375
3229,86.64991760253906,932.489990234375
3230,86.19974517822266,937.9500122070312
3231,84.1988754272461,930.260009765625
3232,82.79048156738281,925.5999755859375
3233,82.14412689208984,928.1300048828125
3234,84.49185180664062,940.510009765625
3235,83.87704467773438,922.3200073242188
3236,85.15522766113281,922.75
3237,85.69738006591797,926.5
3238,86.15351104736328,921.97998046875
3239,84.50731658935547,912.4199829101562
3240,83.08338165283203,906.8400268554688
3241,82.72171020507812,912.1599731445312
3242,86.4367446899414,932.1599731445312
3243,86.2550277709961,927.6799926757812
3244,82.6155776977539,905.6799926757812
3245,79.7303237915039,888.7999877929688
3246,79.23076629638672,887.4000244140625
3247,79.49055480957031,891.8800048828125
3248,81.3984146118164,905.3800048828125
3249,86.30482482910156,936.02001953125
3250,86.47175598144531,930.760009765625
3251,83.70111846923828,902.2899780273438
3252,80.42748260498047,888.7000122070312
3253,80.93457794189453,897.97998046875
3254,83.20314025878906,921.1599731445312
3255,82.01563262939453,899.1099853515625
3256,85.48753356933594,915.1300048828125
3257,83.8084487915039,908.7999877929688
3258,82.06071472167969,899.22998046875
3259,82.54216003417969,906.489990234375
3260,86.18376922607422,929.8499755859375
3261,85.76686096191406,930.8400268554688
3262,85.15076446533203,929.0999755859375
3263,83.90033721923828,918.0499877929688
3264,83.52635955810547,910.7899780273438
3265,85.98229217529297,937.6300048828125
3266,86.14391326904297,936.8699951171875
3267,86.85196685791016,945.1199951171875
3268,87.12652587890625,945.1199951171875
3269,87.31636047363281,947.1300048828125
3270,84.5298843383789,929.1199951171875
3271,83.04000091552734,927.4099731445312
3272,82.11080932617188,916.5700073242188
3273,84.26248931884766,934.7899780273438
3274,85.6290283203125,944.8499755859375
3275,85.31709289550781,944.47998046875
3276,86.17488861083984,935.97998046875
3277,84.09142303466797,913.489990234375
3278,84.91605377197266,929.9000244140625
3279,82.11109924316406,906.5900268554688
3280,84.9832763671875,924.5
3281,84.72702026367188,921.4000244140625
3282,83.13347625732422,917.969970703125
3283,83.87081146240234,912.8499755859375
3284,82.99812316894531,911.3099975585938
3285,86.81300354003906,933.27001953125
3286,86.03670501708984,927.2999877929688
3287,83.59223175048828,911.3800048828125
3288,82.26689147949219,898.0
3289,83.73786926269531,910.489990234375
3290,82.43379211425781,896.9400024414062
3291,79.49727630615234,882.280029296875
3292,77.97933197021484,868.7100219726562
3293,79.97232818603516,891.9000244140625
3294,83.30552673339844,910.3800048828125
3295,85.4802017211914,922.6699829101562
3296,86.23695373535156,922.9600219726562
3297,85.28681945800781,925.4500122070312
3298,85.15625,924.1900024414062
3299,84.87831115722656,921.5900268554688
3300,82.92191314697266,914.4500122070312
3301,84.29219055175781,923.969970703125
3302,85.394775390625,925.989990234375
3303,86.14167022705078,933.8099975585938
3304,83.27849578857422,909.0499877929688
3305,82.38214111328125,908.0900268554688
3306,83.44488525390625,905.7999877929688
3307,84.79508972167969,931.6099853515625
3308,83.79273223876953,922.8699951171875
3309,84.67276000976562,929.510009765625
3310,84.77901458740234,927.6199951171875
3311,84.94039154052734,929.760009765625
3312,84.22392272949219,928.7899780273438
3313,82.78414916992188,913.3099975585938
3314,82.89309692382812,902.1599731445312
3315,82.05660247802734,904.0599975585938
3316,84.09832000732422,912.4500122070312
3317,85.32134246826172,920.3599853515625
3318,84.93850708007812,915.5599975585938
3319,85.21390533447266,912.7000122070312
3320,86.16559600830078,919.8699951171875
3321,85.37925720214844,926.47998046875
3322,84.7801513671875,923.02001953125
3323,81.98863983154297,905.1699829101562
3324,84.57743835449219,920.3300170898438
3325,83.05181884765625,904.3099975585938
3326,84.56581115722656,912.72998046875
3327,84.66835021972656,916.4500122070312
3328,85.72188568115234,915.6300048828125
3329,85.56156921386719,914.2000122070312
3330,85.25634002685547,907.8800048828125
3331,84.74632263183594,911.6599731445312
3332,84.8011474609375,911.5700073242188
3333,85.58892059326172,912.0399780273438
3334,85.72797393798828,917.5599975585938
3335,84.48282623291016,915.8300170898438
3336,85.69245147705078,923.6900024414062
3337,86.69583892822266,928.8099975585938
3338,86.337890625,930.760009765625
3339,83.4407730102539,912.5399780273438
3340,83.4692611694336,917.8499755859375
3341,83.25725555419922,916.1699829101562
3342,85.58306121826172,927.97998046875
3343,85.81163787841797,931.7000122070312
3344,84.14183044433594,918.3400268554688
3345,83.31710052490234,921.3400268554688
3346,85.58265686035156,931.9500122070312
3347,87.69656372070312,938.97998046875
3348,87.90357971191406,930.6099853515625
3349,88.00794982910156,929.1300048828125
3350,86.6301040649414,912.9600219726562
3351,86.7598876953125,922.5800170898438
3352,87.07633972167969,930.1599731445312
3353,86.09049987792969,934.7000122070312
3354,83.51959991455078,915.6900024414062
3355,81.17242431640625,882.1400146484375
3356,83.3716049194336,883.8300170898438
3357,82.8662109375,882.3200073242188
3358,83.45130157470703,893.5800170898438
3359,80.5208740234375,878.7100219726562
3360,80.30598449707031,888.3599853515625
3361,82.02168273925781,896.4099731445312
3362,85.68531036376953,907.0700073242188
3363,85.87742614746094,903.219970703125
3364,81.48480987548828,877.4500122070312
3365,81.76460266113281,881.280029296875
3366,81.14069366455078,881.4500122070312
3367,85.86074829101562,925.9000244140625
3368,83.13104248046875,909.5499877929688
3369,83.19027709960938,912.6400146484375
3370,82.27438354492188,897.25
3371,85.26227569580078,923.4199829101562
3372,85.49960327148438,919.5700073242188
3373,83.42435455322266,900.8499755859375
3374,82.20845794677734,898.280029296875
3375,82.73473358154297,897.010009765625
3376,85.02034759521484,917.2100219726562
3377,83.8732681274414,909.3300170898438
3378,84.74655151367188,914.5800170898438
3379,83.92768859863281,894.22998046875
3380,83.5972671508789,895.719970703125
3381,85.01910400390625,903.4099731445312
3382,86.21129608154297,914.4099731445312
3383,86.364501953125,914.4600219726562
3384,81.8423080444336,896.75
3385,83.72561645507812,905.25
3386,85.73735046386719,920.4000244140625
3387,87.38957977294922,941.5900268554688
3388,85.70667266845703,916.8300170898438
3389,83.60863494873047,906.0900268554688
3390,84.05867767333984,899.6199951171875
3391,83.74702453613281,904.4099731445312
3392,86.02955627441406,907.3800048828125
3393,83.8245620727539,898.2100219726562
3394,81.83232879638672,897.6199951171875
3395,80.04759216308594,890.8099975585938
3396,79.58472442626953,885.1699829101562
3397,84.73867797851562,902.5700073242188
3398,85.27128601074219,907.760009765625
3399,85.04896545410156,906.530029296875
3400,82.32987213134766,886.760009765625
3401,81.57470703125,893.6300048828125
3402,85.04995727539062,920.8900146484375
3403,86.93157196044922,934.75
3404,84.5893325805664,914.9299926757812
3405,82.97196197509766,905.1300048828125
3406,84.0720443725586,897.6699829101562
3407,84.10236358642578,907.7899780273438
3408,83.68277740478516,903.760009765625
3409,83.96510314941406,911.8300170898438
3410,83.39149475097656,899.4099731445312
3411,85.87926483154297,918.4099731445312
3412,85.604248046875,913.2899780273438
3413,87.162841796875,926.0399780273438
3414,86.05780029296875,923.6599731445312
3415,85.26875305175781,909.6799926757812
3416,83.45487213134766,896.22998046875
3417,83.15709686279297,909.4400024414062
3418,84.2354965209961,922.3400268554688
3419,84.53877258300781,933.4000244140625
3420,84.78254699707031,931.2999877929688
3421,82.496337890625,910.6300048828125
3422,82.56600952148438,898.9600219726562
3423,84.20242309570312,902.02001953125
3424,81.64804077148438,895.1699829101562
3425,81.9211654663086,900.489990234375
3426,84.36665344238281,917.719970703125
3427,85.61392974853516,921.7000122070312
3428,84.76882934570312,911.6199951171875
3429,85.99918365478516,920.77001953125
3430,87.62704467773438,934.8499755859375
3431,87.24595642089844,931.9199829101562
3432,84.80046081542969,903.6599731445312
3433,83.8897705078125,907.1500244140625
3434,84.2785415649414,913.3400268554688
3435,86.41936492919922,931.530029296875
3436,87.99842834472656,932.9199829101562
3437,87.6595230102539,937.7999877929688
3438,87.86064147949219,937.97998046875
3439,87.3467788696289,931.239990234375
3440,84.93138885498047,904.5900268554688
3441,82.06559753417969,883.469970703125
3442,81.49261474609375,878.780029296875
3443,82.15380859375,884.2899780273438
3444,83.36344146728516,905.3400268554688
3445,85.9720687866211,927.0499877929688
3446,86.87035369873047,945.489990234375
3447,85.42985534667969,927.02001953125
3448,85.95736694335938,926.9500122070312
3449,85.16339874267578,927.8300170898438
3450,85.3612060546875,922.6199951171875
3451,87.8570556640625,938.97998046875
3452,90.05850219726562,945.7999877929688
3453,89.08515930175781,943.6099853515625
3454,85.94737243652344,944.6799926757812
3455,84.66217041015625,933.0
3456,83.12224578857422,920.3800048828125
3457,82.77474975585938,917.8200073242188
3458,85.0032958984375,935.9000244140625
3459,84.90200805664062,924.4099731445312
3460,84.96296691894531,912.969970703125
3461,83.32149505615234,890.780029296875
3462,84.19953918457031,901.1699829101562
3463,84.40413665771484,904.4500122070312
3464,84.10289001464844,898.0700073242188
3465,83.30200958251953,903.6199951171875
3466,83.90392303466797,907.0900268554688
3467,85.80716705322266,931.760009765625
3468,87.08488464355469,933.239990234375
3469,85.74893188476562,924.4299926757812
3470,86.89410400390625,930.1799926757812
3471,86.4369888305664,922.8800048828125
3472,85.55733489990234,921.280029296875
3473,85.04170989990234,911.47998046875
3474,86.58316040039062,923.739990234375
3475,86.27262878417969,930.6300048828125
3476,84.83504486083984,917.030029296875
3477,85.01529693603516,910.1400146484375
3478,84.7859878540039,897.9500122070312
3479,83.4210433959961,893.7899780273438
3480,81.74336242675781,879.4299926757812
3481,84.04373168945312,907.719970703125
3482,85.88899993896484,913.7999877929688
3483,86.86492156982422,926.0999755859375
3484,86.5054931640625,922.9500122070312
3485,86.0616226196289,915.1599731445312
3486,84.5390625,899.530029296875
3487,86.11555480957031,913.8599853515625
3488,84.54390716552734,914.3099975585938
3489,83.74600219726562,903.7899780273438
3490,83.28339385986328,907.9299926757812
3491,85.10202026367188,913.7100219726562
3492,85.3083724975586,914.0800170898438
3493,86.11373138427734,920.510009765625
3494,87.42680358886719,932.0700073242188
3495,86.51521301269531,926.1699829101562
3496,85.97599029541016,913.260009765625
3497,86.06932830810547,907.5399780273438
3498,88.33045196533203,914.2000122070312
3499,88.81556701660156,921.469970703125
3500,87.86841583251953,925.989990234375
3501,85.69905853271484,918.3699951171875
3502,86.41737365722656,925.1199951171875
3503,85.30186462402344,912.280029296875
3504,86.96865844726562,930.4500122070312
3505,87.14081573486328,932.1599731445312
3506,85.85237884521484,930.010009765625
3507,84.2973861694336,926.7899780273438
3508,83.11634826660156,915.0700073242188
3509,84.05587768554688,914.3499755859375
3510,85.6016845703125,915.989990234375
3511,86.85717010498047,930.5599975585938
3512,88.12569427490234,939.4400024414062
3513,87.33258819580078,923.47998046875
3514,86.22958374023438,922.6699829101562
3515,85.32119750976562,906.780029296875
3516,84.55027770996094,911.760009765625
3517,87.66658020019531,934.0399780273438
3518,88.85621643066406,951.719970703125
3519,89.6438217163086,952.010009765625
3520,86.84330749511719,923.1699829101562
3521,86.3720474243164,910.6699829101562
3522,84.93547821044922,899.530029296875
3523,86.14745330810547,915.4199829101562
3524,88.37857055664062,931.8300170898438
3525,87.92769622802734,935.0
3526,86.67432403564453,919.02001953125
3527,85.59999084472656,909.6400146484375
3528,87.2270736694336,920.1799926757812
3529,86.94111633300781,921.0999755859375
3530,85.07965087890625,907.75
3531,85.9695053100586,913.260009765625
3532,88.88528442382812,933.1099853515625
3533,87.74238586425781,934.7000122070312
3534,88.1743392944336,936.9199829101562
3535,85.65000915527344,915.780029296875
3536,84.53583526611328,911.489990234375
3537,85.10202026367188,923.280029296875
3538,84.11276245117188,909.280029296875
3539,83.16342163085938,904.4199829101562
3540,84.10034942626953,914.2100219726562
3541,85.66072845458984,919.0499877929688
3542,87.51100158691406,924.6900024414062
3543,86.19816589355469,909.1699829101562
3544,85.77314758300781,913.75
3545,87.39904022216797,918.9000244140625
3546,89.74655151367188,941.780029296875
3547,89.22488403320312,943.9400024414062
3548,86.41382598876953,922.4400024414062
3549,85.25934600830078,914.8800048828125
3550,85.53672790527344,911.280029296875
3551,88.81195068359375,927.2100219726562
3552,89.51482391357422,926.8699951171875
3553,88.4997329711914,934.02001953125
3554,86.29669952392578,922.5
3555,83.5499038696289,904.22998046875
3556,85.12687683105469,911.1099853515625
3557,87.5579833984375,931.47998046875
3558,89.27909088134766,941.9400024414062
3559,87.21060180664062,922.010009765625
3560,86.98655700683594,921.9000244140625
3561,87.47268676757812,927.1099853515625
3562,87.18387603759766,913.1599731445312
3563,86.73552703857422,905.8200073242188
3564,84.68941497802734,894.5900268554688
3565,86.12102508544922,921.0
3566,89.16661071777344,941.8400268554688
3567,88.63301849365234,931.1199951171875
3568,86.95267486572266,916.5999755859375
3569,86.13545227050781,917.7100219726562
3570,87.44727325439453,928.219970703125
3571,89.00875091552734,927.5999755859375
3572,89.8419418334961,926.6599731445312
3573,86.61430358886719,910.989990234375
3574,84.92725372314453,909.1099853515625
3575,85.35196685791016,915.2899780273438
3576,87.53970336914062,931.77001953125
3577,88.59117126464844,944.3800048828125
3578,89.41119384765625,948.8300170898438
3579,87.65095520019531,926.2100219726562
3580,85.18002319335938,902.9600219726562
3581,86.55644989013672,905.22998046875
3582,87.15292358398438,905.2899780273438
3583,90.18274688720703,924.469970703125
3584,89.21110534667969,920.010009765625
3585,89.71637725830078,932.2100219726562
3586,89.30453491210938,933.9199829101562
3587,89.48924255371094,935.4099731445312
3588,87.82294464111328,914.9099731445312
3589,85.15982055664062,905.4500122070312
3590,84.38780212402344,904.1500244140625
3591,84.64126586914062,911.0
3592,86.85952758789062,906.0399780273438
3593,86.09262084960938,910.4000244140625
3594,87.71234130859375,931.77001953125
3595,87.31104278564453,934.0700073242188
3596,87.79547882080078,930.8499755859375
3597,88.6953125,934.739990234375
3598,87.38523864746094,929.1699829101562
3599,85.54463195800781,923.5
3600,84.43756866455078,909.9400024414062
3601,85.3087158203125,911.1300048828125
3602,88.34894561767578,915.8900146484375
3603,87.73895263671875,920.6699829101562
3604,85.36593627929688,914.489990234375
3605,83.33800506591797,891.6199951171875
3606,84.45220947265625,902.97998046875
3607,88.02257537841797,935.0999755859375
3608,86.59978485107422,929.030029296875
3609,86.96517181396484,923.3200073242188
3610,85.67780303955078,909.1199951171875
3611,87.39823150634766,913.8099975585938
3612,86.38145446777344,900.6799926757812
3613,86.28116607666016,903.010009765625
3614,86.43110656738281,908.1300048828125
3615,86.48487091064453,914.280029296875
3616,85.20296478271484,900.25
3617,81.34922790527344,877.1400146484375
3618,80.94551086425781,876.989990234375
3619,83.92146301269531,903.739990234375
3620,84.93930053710938,912.0
3621,84.72055053710938,915.8599853515625
3622,85.6868667602539,912.9000244140625
3623,88.14190673828125,929.5
3624,91.50511169433594,955.4099731445312
3625,87.3074951171875,927.6300048828125
3626,86.0172119140625,909.1199951171875
3627,85.21766662597656,908.8200073242188
3628,86.3869857788086,920.010009765625
3629,85.44140625,911.3800048828125
3630,84.2270736694336,904.8699951171875
3631,82.57144165039062,883.4000244140625
3632,83.15907287597656,893.239990234375
3633,86.58008575439453,918.1400146484375
3634,87.90135955810547,931.3200073242188
3635,89.44454193115234,936.219970703125
3636,85.53296661376953,906.1599731445312
3637,85.54019927978516,901.5499877929688
3638,84.30476379394531,897.8900146484375
3639,86.04279327392578,905.219970703125
3640,84.89757537841797,902.6400146484375
3641,86.65904998779297,912.7000122070312
3642,85.27638244628906,920.6500244140625
3643,84.0094223022461,903.719970703125
3644,82.74125671386719,907.510009765625
3645,84.01029205322266,911.22998046875
3646,85.96143341064453,931.219970703125
3647,86.66773986816406,935.6199951171875
3648,84.95928955078125,924.7899780273438
3649,84.56427001953125,923.7100219726562
3650,85.0789794921875,912.1799926757812
3651,86.96269989013672,919.0900268554688
3652,84.94941711425781,900.1500244140625
3653,86.24933624267578,914.4500122070312
3654,85.11103057861328,919.9299926757812
3655,84.66035461425781,909.6699829101562
3656,84.39374542236328,908.6799926757812
3657,84.9281234741211,898.8800048828125
3658,84.43731689453125,901.75
3659,85.50259399414062,903.6199951171875
3660,83.81893157958984,895.8400268554688
3661,84.38339233398438,905.1099853515625
3662,82.96577453613281,902.219970703125
3663,86.4940185546875,927.989990234375
3664,84.92618560791016,923.97998046875
3665,85.95230102539062,914.47998046875
3666,86.32401275634766,904.739990234375
3667,82.25221252441406,894.719970703125
3668,83.9146499633789,918.3200073242188
3669,85.71941375732422,906.3900146484375
3670,87.77447509765625,910.9400024414062
3671,87.19361877441406,906.9199829101562
3672,85.5293960571289,914.760009765625
3673,84.40287017822266,917.8300170898438
3674,86.96006774902344,932.8699951171875
3675,86.27349853515625,917.4400024414062
3676,85.5027084350586,910.1799926757812
3677,85.66287231445312,908.6400146484375
3678,87.1426010131836,924.0499877929688
3679,85.9166488647461,930.9199829101562
3680,82.81166076660156,899.7999877929688
3681,80.84521484375,882.1900024414062
3682,82.45207214355469,876.0700073242188
3683,85.86212921142578,917.0
3684,86.37480926513672,919.5700073242188
3685,85.90767669677734,917.5399780273438
3686,85.55437469482422,911.780029296875
3687,85.60575103759766,909.9299926757812
3688,83.5577392578125,901.0999755859375
3689,82.65482330322266,900.489990234375
3690,82.01025390625,901.6400146484375
3691,87.69672393798828,931.6900024414062
3692,87.97623443603516,923.260009765625
3693,85.6469497680664,906.4000244140625
3694,83.936279296875,909.030029296875
3695,86.84381103515625,927.0999755859375
3696,87.03550720214844,923.3499755859375
3697,88.08550262451172,920.3800048828125
3698,86.54517364501953,912.239990234375
3699,88.24983215332031,916.739990234375
3700,87.42576599121094,907.1099853515625
3701,89.171142578125,917.010009765625
3702,88.24600219726562,921.0599975585938
3703,86.29588317871094,915.489990234375
3704,87.64559173583984,923.8800048828125
3705,84.0954360961914,899.5
3706,85.20860290527344,900.6099853515625
3707,84.10957336425781,890.4600219726562
3708,85.00320434570312,892.6500244140625
3709,85.11105346679688,892.0499877929688
3710,84.6453628540039,897.3699951171875
3711,86.0489501953125,915.8800048828125
3712,85.46893310546875,916.4299926757812
3713,85.94952392578125,925.7999877929688
3714,82.41105651855469,902.8900146484375
3715,82.53723907470703,886.3200073242188
3716,81.68827056884766,863.9099731445312
3717,84.43265533447266,883.4199829101562
3718,86.30655670166016,914.72998046875
3719,85.70349884033203,924.75
3720,83.20580291748047,906.5
3721,85.62584686279297,914.7899780273438
3722,86.11687469482422,903.97998046875
3723,86.74371337890625,915.969970703125
3724,87.99832916259766,933.9400024414062
3725,87.78117370605469,937.1699829101562
3726,89.67112731933594,948.9299926757812
3727,88.33381652832031,935.9000244140625
3728,89.31745910644531,933.010009765625
3729,88.67546844482422,918.7999877929688
3730,87.52922821044922,911.27001953125
3731,89.63230895996094,932.3300170898438
3732,88.72274017333984,930.3599853515625
3733,89.81993103027344,934.02001953125
3734,86.27662658691406,906.4400024414062
3735,85.28739166259766,907.4400024414062
3736,86.3302001953125,914.3499755859375
3737,88.39109802246094,931.489990234375
3738,86.72830200195312,903.6699829101562
3739,86.43441009521484,901.8499755859375
3740,88.2927017211914,916.1199951171875
3741,88.80792236328125,932.989990234375
3742,89.80268096923828,936.0999755859375
3743,87.12879943847656,929.5700073242188
3744,84.59449768066406,905.75
3745,85.63220977783203,914.010009765625
3746,84.00113677978516,902.0900268554688
3747,85.98391723632812,921.469970703125
3748,86.21434783935547,917.3699951171875
3749,85.94537353515625,915.4099731445312
3750,85.31793212890625,901.75
3751,86.23001861572266,910.469970703125
3752,87.74423217773438,932.3300170898438
3753,86.49768829345703,910.9199829101562
3754,82.57312774658203,880.6199951171875
3755,82.08743286132812,870.4199829101562
3756,84.9024658203125,893.989990234375
3757,88.9710693359375,930.75
3758,92.14066314697266,951.7899780273438
3759,92.16959381103516,943.4600219726562
3760,92.0689926147461,941.9099731445312
3761,92.01828002929688,932.7899780273438
3762,89.81697082519531,923.6199951171875
3763,86.05237579345703,899.77001953125
3764,85.50868225097656,906.0800170898438
3765,85.12074279785156,903.2899780273438
3766,84.58262634277344,896.1500244140625
3767,87.33118438720703,906.6199951171875
3768,91.0391845703125,932.3599853515625
3769,89.41978454589844,925.530029296875
3770,89.11993408203125,922.1199951171875
3771,88.8916015625,924.75
3772,91.19353485107422,940.3400268554688
3773,90.16452026367188,938.3300170898438
3774,87.91069793701172,925.1699829101562
3775,90.7492904663086,941.0
3776,91.31153869628906,934.6199951171875
3777,91.7857666015625,935.5900268554688
3778,88.98737335205078,925.9000244140625
3779,88.8309326171875,937.1699829101562
3780,89.36972045898438,937.0499877929688
3781,89.66816711425781,939.0999755859375
3782,90.53227996826172,938.25
3783,90.61227416992188,940.72998046875
3784,89.13947296142578,929.6099853515625
3785,86.81986236572266,917.4500122070312
3786,86.13147735595703,916.75
3787,88.8611831665039,917.0
3788,91.39681243896484,930.5700073242188
3789,92.20491027832031,935.9000244140625
3790,90.40373992919922,938.4299926757812
3791,87.12754821777344,914.4299926757812
3792,83.9699478149414,899.0599975585938
3793,84.00927734375,889.780029296875
3794,86.25294494628906,900.9600219726562
3795,88.02488708496094,907.52001953125
3796,86.96936798095703,915.989990234375
3797,88.55827331542969,926.1500244140625
3798,90.53197479248047,931.3300170898438
3799,91.0362319946289,933.010009765625
3800,88.73248291015625,908.469970703125
3801,86.71508026123047,902.280029296875
3802,85.48381042480469,890.719970703125
3803,84.61357879638672,890.1500244140625
3804,84.07029724121094,886.7899780273438
3805,84.67164611816406,889.25
3806,86.56112670898438,901.4199829101562
3807,86.60343170166016,899.9600219726562
3808,86.46472930908203,908.47998046875
3809,87.71170043945312,914.1099853515625
3810,89.29418182373047,927.4500122070312
3811,88.1673812866211,910.47998046875
3812,82.71826171875,873.4299926757812
3813,82.53546142578125,872.6099853515625
3814,86.15137481689453,898.0
3815,85.71741485595703,901.47998046875
3816,84.30533599853516,890.6599731445312
3817,85.56053161621094,896.3200073242188
3818,87.21556091308594,903.8800048828125
3819,89.76071166992188,916.6699829101562
3820,86.01898193359375,892.4600219726562
3821,87.16914367675781,906.3099975585938
3822,84.44551086425781,896.27001953125
3823,88.15857696533203,908.0999755859375
3824,84.09566497802734,867.8900146484375
3825,84.80901336669922,879.0999755859375
3826,83.3643798828125,877.780029296875
3827,88.7237777709961,922.0900268554688
3828,90.99699401855469,934.6699829101562
3829,92.52398681640625,943.6400146484375
3830,91.21735382080078,927.1099853515625
3831,87.47898864746094,896.3800048828125
3832,83.78680419921875,874.969970703125
3833,84.13856506347656,884.469970703125
3834,85.25491333007812,895.9000244140625
3835,87.18729400634766,904.6699829101562
3836,87.21849822998047,906.739990234375
3837,86.64179992675781,900.1199951171875
3838,87.10206604003906,909.4299926757812
3839,88.99053192138672,921.1599731445312
3840,89.35371398925781,931.9400024414062
3841,88.95933532714844,933.760009765625
3842,90.33059692382812,936.8400268554688
3843,90.03549194335938,923.4500122070312
3844,87.35921478271484,919.489990234375
3845,90.04299926757812,943.47998046875
3846,87.25283813476562,932.2000122070312
3847,89.08258819580078,937.3900146484375
3848,88.65975189208984,924.1599731445312
3849,90.93904876708984,923.1400146484375
3850,89.88722229003906,921.760009765625
3851,88.80294799804688,913.27001953125
3852,88.34901428222656,922.6900024414062
3853,88.19751739501953,922.77001953125
3854,90.76768493652344,927.3400268554688
3855,89.01224517822266,921.0399780273438
3856,88.8681411743164,915.239990234375
3857,84.0255355834961,890.219970703125
3858,86.68902587890625,904.6699829101562
3859,87.46676635742188,910.7899780273438
3860,88.03553009033203,912.3699951171875
3861,86.06715393066406,911.0999755859375
3862,85.98223876953125,913.1799926757812
3863,89.42504119873047,930.8099975585938
3864,90.68732452392578,931.25
3865,88.95381927490234,913.510009765625
3866,88.6105728149414,910.5900268554688
3867,88.83343505859375,917.47998046875
3868,88.76425170898438,915.3499755859375
3869,88.05274200439453,914.9500122070312
3870,87.38548278808594,899.2100219726562
3871,87.9263916015625,906.4000244140625
3872,88.20120239257812,914.3400268554688
3873,89.20384216308594,925.8499755859375
3874,89.08863067626953,915.4000244140625
3875,90.52885437011719,928.3900146484375
3876,90.3656234741211,922.780029296875
3877,84.61603546142578,881.72998046875
3878,84.33831787109375,883.5499877929688
3879,86.06350708007812,897.9500122070312
3880,89.16304779052734,930.0700073242188
3881,88.34957885742188,913.52001953125
3882,84.4843978881836,891.9600219726562
3883,83.58081817626953,883.27001953125
3884,86.92070770263672,908.8200073242188
3885,88.31832122802734,916.6500244140625
3886,90.28458404541016,926.5599975585938
3887,90.09561157226562,924.010009765625
3888,89.34980010986328,918.1199951171875
3889,90.03795623779297,917.0999755859375
3890,90.60352325439453,924.1599731445312
3891,89.36797332763672,912.989990234375
3892,88.46623992919922,911.2899780273438
3893,87.4489974975586,910.260009765625
3894,88.02530670166016,936.4600219726562
3895,89.4276351928711,935.1599731445312
3896,88.69596862792969,924.27001953125
3897,87.47569274902344,900.6900024414062
3898,86.16985321044922,891.5700073242188
3899,85.44277954101562,887.9500122070312
3900,86.27946472167969,889.7100219726562
3901,87.82438659667969,912.989990234375
3902,87.4671859741211,903.5
3903,87.63935852050781,905.8200073242188
3904,88.39849853515625,911.260009765625
3905,90.37584686279297,928.530029296875
3906,88.28601837158203,933.3599853515625
3907,89.53521728515625,944.3400268554688
3908,90.99189758300781,953.1900024414062
3909,90.41779327392578,933.1599731445312
3910,90.08134460449219,928.77001953125
3911,89.69746398925781,920.219970703125
3912,88.4856948852539,917.739990234375
3913,87.51724243164062,909.510009765625
3914,86.14091491699219,902.3300170898438
3915,87.24014282226562,896.4099731445312
3916,86.64871978759766,897.2100219726562
3917,88.95062255859375,921.9600219726562
3918,88.89085388183594,919.3599853515625
3919,88.00700378417969,917.3499755859375
3920,84.23065185546875,885.0
3921,85.4608154296875,902.7000122070312
3922,86.11751556396484,900.5800170898438
3923,89.80854797363281,927.239990234375
3924,87.7959213256836,906.75
3925,85.60614776611328,898.8099975585938
3926,86.1915283203125,904.25
3927,87.53345489501953,913.6300048828125
3928,88.70021057128906,916.4500122070312
3929,87.8041763305664,923.719970703125
3930,89.06216430664062,918.6900024414062
3931,88.03303527832031,910.4199829101562
3932,88.91287231445312,925.7000122070312
3933,89.46894836425781,925.030029296875
3934,84.3923110961914,882.0800170898438
3935,86.07882690429688,892.969970703125
3936,84.96945190429688,894.25
3937,88.15091705322266,918.5499877929688
3938,88.32494354248047,918.4299926757812
3939,88.95721435546875,921.72998046875
3940,86.12374114990234,897.6699829101562
3941,88.98294067382812,907.1099853515625
3942,89.07927703857422,922.010009765625
3943,89.4053726196289,936.6799926757812
3944,90.90742492675781,945.9000244140625
3945,90.0913314819336,942.510009765625
3946,87.15750885009766,919.3900146484375
3947,87.70576477050781,915.75
3948,87.21258544921875,913.8499755859375
3949,89.41698455810547,924.75
3950,87.67251586914062,909.2000122070312
3951,86.89559173583984,901.0399780273438
3952,84.66620635986328,885.3099975585938
3953,83.64490509033203,891.1599731445312
3954,87.87655639648438,910.9099731445312
3955,88.97620391845703,908.3200073242188
3956,89.7963638305664,909.9500122070312
3957,89.3965072631836,909.9099731445312
3958,89.52196502685547,913.0
3959,88.69322204589844,922.22998046875
3960,87.66896057128906,921.1099853515625
3961,86.88121795654297,914.510009765625
3962,88.33478546142578,920.1699829101562
3963,86.71804809570312,908.2100219726562
3964,84.33738708496094,893.510009765625
3965,87.05204772949219,903.3699951171875
3966,87.61712646484375,903.3599853515625
3967,88.68264770507812,909.5
3968,88.0365219116211,918.27001953125
3969,84.33815002441406,902.3099975585938
3970,83.62876892089844,885.5999755859375
3971,85.05790710449219,888.1300048828125
3972,85.00999450683594,884.3099975585938
3973,85.41925811767578,895.4500122070312
3974,83.20194244384766,882.9400024414062
3975,81.18165588378906,869.1900024414062
3976,83.89703369140625,889.260009765625
3977,85.90670776367188,901.27001953125
3978,89.20614624023438,922.22998046875
3979,89.87118530273438,929.7899780273438
3980,90.91669464111328,936.77001953125
3981,90.415771484375,926.3599853515625
3982,90.66935729980469,921.5999755859375
3983,88.33128356933594,913.4600219726562
3984,89.85064697265625,926.22998046875
3985,88.2166748046875,923.27001953125
3986,85.63145446777344,899.5599975585938
3987,87.50678253173828,903.75
3988,91.07498168945312,929.8900146484375
3989,91.95440673828125,937.0900268554688
3990,90.59383392333984,922.0900268554688
3991,89.21967315673828,917.9400024414062
3992,88.75634002685547,902.9299926757812
3993,89.76792907714844,919.4299926757812
3994,91.22167205810547,927.9400024414062
3995,90.35479736328125,925.0499877929688
3996,89.12557220458984,914.8900146484375
3997,89.22786712646484,932.4400024414062
3998,91.09442901611328,945.5499877929688
3999,85.89820098876953,905.030029296875
4000,86.24683380126953,902.2100219726562
4001,88.15612030029297,915.22998046875
4002,90.28826904296875,924.0800170898438
4003,88.42604064941406,907.02001953125
4004,87.68896484375,905.27001953125
4005,86.64482879638672,904.5499877929688
4006,85.75470733642578,889.9000244140625
4007,85.06680297851562,884.8499755859375
4008,86.75377655029297,892.2899780273438
4009,86.60599517822266,901.5700073242188
4010,88.95015716552734,907.760009765625
4011,88.74079132080078,911.0499877929688
4012,88.34355926513672,914.969970703125
4013,87.37442779541016,908.5599975585938
4014,86.8768310546875,894.0499877929688
4015,88.07315826416016,901.8499755859375
4016,89.83936309814453,927.0700073242188
4017,87.59872436523438,911.7899780273438
4018,89.37313842773438,916.7899780273438
4019,86.84322357177734,903.4099731445312
4020,87.21151733398438,906.1599731445312
4021,87.97720336914062,910.530029296875
4022,91.23426055908203,925.8900146484375
4023,90.53770446777344,924.3099975585938
4024,91.64932250976562,932.4199829101562
4025,89.57276153564453,918.9299926757812
4026,88.16770935058594,927.9099731445312
4027,84.6748275756836,895.47998046875
4028,85.30233001708984,891.4500122070312
4029,86.68562316894531,901.52001953125
4030,89.81189727783203,926.030029296875
4031,89.1951675415039,919.260009765625
4032,87.84994506835938,912.6300048828125
4033,87.43231201171875,910.760009765625
4034,86.20791625976562,910.4199829101562
4035,87.91339874267578,924.8599853515625
4036,89.78040313720703,937.8599853515625
4037,88.64510345458984,922.27001953125
4038,89.90734100341797,917.22998046875
4039,91.61217498779297,927.4099731445312
4040,91.77372741699219,936.1699829101562
4041,90.63614654541016,934.3099975585938
4042,90.59193420410156,927.6900024414062
4043,91.23058319091797,925.780029296875
4044,89.6858139038086,918.5599975585938
4045,88.53973388671875,908.7100219726562
4046,89.52159881591797,915.75
4047,89.3811264038086,912.7899780273438
4048,90.6360092163086,923.1300048828125
4049,90.7895278930664,922.6400146484375
4050,94.35896301269531,946.0900268554688
4051,93.5653305053711,938.3499755859375
4052,94.44856262207031,942.47998046875
4053,92.08395385742188,935.1300048828125
4054,92.5183334350586,938.4000244140625
4055,93.81327819824219,940.3599853515625
4056,94.12415313720703,949.6400146484375
4057,90.38914489746094,931.010009765625
4058,87.31106567382812,909.25
4059,88.19680786132812,907.739990234375
4060,89.4710464477539,922.0999755859375
4061,90.27252197265625,935.2899780273438
4062,90.16327667236328,940.8499755859375
4063,90.08929443359375,926.5700073242188
4064,91.0634536743164,934.5399780273438
4065,89.54116821289062,908.1699829101562
4066,91.31869506835938,923.9299926757812
4067,87.9876708984375,899.6400146484375
4068,89.59211730957031,923.3400268554688
4069,90.19828796386719,925.9000244140625
4070,93.4954605102539,948.260009765625
4071,91.87252044677734,938.8800048828125
4072,89.82213592529297,932.75
4073,91.21331024169922,943.4500122070312
4074,91.74687194824219,944.77001953125
4075,92.4315414428711,941.8699951171875
4076,90.51217651367188,924.219970703125
4077,89.56053924560547,915.780029296875
4078,91.89767456054688,929.1400146484375
4079,92.91327667236328,941.97998046875
4080,95.24142456054688,958.5900268554688
4081,92.81948852539062,935.5700073242188
4082,91.16608428955078,932.1599731445312
4083,87.31527709960938,906.280029296875
4084,87.907958984375,906.2999877929688
4085,87.74065399169922,907.739990234375
4086,90.95848083496094,931.1099853515625
4087,90.01042175292969,932.7000122070312
4088,89.65757751464844,924.6599731445312
4089,91.64414978027344,931.47998046875
4090,91.31654357910156,928.739990234375
4091,89.09757232666016,916.8800048828125
4092,87.6348876953125,918.1099853515625
4093,89.34552764892578,929.02001953125
4094,91.02078247070312,941.9500122070312
4095,91.37358093261719,955.0700073242188
4096,91.40461730957031,954.8699951171875
4097,89.44400024414062,950.1900024414062
4098,88.9635009765625,928.6300048828125
4099,91.11896514892578,929.27001953125
4100,89.67874145507812,913.6199951171875
4101,90.19094848632812,918.6699829101562
4102,87.19380187988281,896.0599975585938
4103,88.57987976074219,905.25
4104,90.7000503540039,921.5
4105,90.03225708007812,909.8599853515625
4106,90.89680480957031,922.9400024414062
4107,90.66621398925781,927.0700073242188
4108,92.38188934326172,937.2999877929688
4109,91.43054962158203,928.7100219726562
4110,91.32157135009766,928.7100219726562
4111,87.84839630126953,906.9199829101562
4112,89.91938781738281,915.510009765625
4113,89.10472106933594,915.7100219726562
4114,89.77237701416016,924.6599731445312
4115,90.91873931884766,937.280029296875
4116,89.25961303710938,931.3800048828125
4117,88.22013092041016,918.5599975585938
4118,85.4892807006836,896.469970703125
4119,88.14607238769531,923.1400146484375
4120,86.78289031982422,908.8300170898438
4121,90.14508819580078,931.6900024414062
4122,89.23487091064453,928.030029296875
4123,91.04132843017578,935.4000244140625
4124,90.03926849365234,928.5599975585938
4125,90.19256591796875,928.0800170898438
4126,87.5034408569336,906.6599731445312
4127,88.11425018310547,907.22998046875
4128,87.3263931274414,890.75
4129,91.34757232666016,908.219970703125
4130,91.68228912353516,912.9099731445312
4131,92.23146057128906,928.5900268554688
4132,91.56427001953125,934.030029296875
4133,90.63065338134766,934.9500122070312
4134,93.28623962402344,950.1099853515625
4135,92.42430877685547,943.4199829101562
4136,92.79231262207031,938.1400146484375
4137,89.08549499511719,907.02001953125
4138,89.26689147949219,908.4199829101562
4139,89.9805908203125,914.0399780273438
4140,89.7547378540039,908.3499755859375
4141,88.70130920410156,906.5399780273438
4142,89.42820739746094,917.489990234375
4143,88.92908477783203,909.3300170898438
4144,90.66830444335938,918.6799926757812
4145,90.73890686035156,919.1099853515625
4146,92.67071533203125,940.6400146484375
4147,91.2269287109375,937.8800048828125
4148,88.31026458740234,915.2999877929688
4149,88.74185943603516,908.760009765625
4150,90.56306457519531,916.989990234375
4151,92.84770202636719,931.8400268554688
4152,91.89495086669922,938.25
4153,90.49246978759766,927.7999877929688
4154,90.29766082763672,927.97998046875
4155,91.224609375,928.1400146484375
4156,89.9212875366211,915.4000244140625
4157,89.86124420166016,916.4400024414062
4158,90.49231719970703,921.7899780273438
4159,91.88337707519531,928.75
4160,95.03468322753906,944.9099731445312
4161,93.64713287353516,938.7999877929688
4162,92.90665435791016,928.5700073242188
4163,90.75418090820312,921.739990234375
4164,90.11304473876953,928.6300048828125
4165,89.57537841796875,922.97998046875
4166,89.16468811035156,919.0999755859375
4167,89.25454711914062,914.5
4168,91.27169799804688,937.1500244140625
4169,92.56892395019531,941.9500122070312
4170,94.18614959716797,938.8300170898438
4171,96.17671203613281,943.1599731445312
4172,96.26433563232422,941.8800048828125
4173,96.48397064208984,948.719970703125
4174,95.18930053710938,949.280029296875
4175,95.11703491210938,950.2999877929688
4176,94.78373718261719,944.5999755859375
4177,93.77120971679688,941.0499877929688
4178,93.20000457763672,935.8200073242188
4179,93.03375244140625,934.760009765625
4180,91.16751098632812,928.1599731445312
4181,90.89519500732422,927.9600219726562
4182,88.40763092041016,921.02001953125
4183,88.82439422607422,915.4600219726562
4184,89.08096313476562,922.260009765625
4185,90.15180206298828,931.0999755859375
4186,90.82392120361328,936.280029296875
4187,88.48211669921875,921.1799926757812
4188,89.17408752441406,920.8400268554688
4189,87.65314483642578,901.6099853515625
4190,90.96568298339844,913.3699951171875
4191,90.1314926147461,915.3900146484375
4192,90.88082122802734,921.010009765625
4193,90.76154327392578,929.0499877929688
4194,89.27056121826172,912.260009765625
4195,87.85958862304688,905.3400268554688
4196,86.53611755371094,896.8800048828125
4197,91.01309967041016,919.9400024414062
4198,90.08560943603516,914.1199951171875
4199,91.3345947265625,921.0900268554688
4200,91.87068176269531,925.5800170898438
4201,93.30613708496094,931.9400024414062
4202,92.76447296142578,918.3300170898438
4203,91.89594268798828,914.6300048828125
4204,89.3590087890625,907.6699829101562
4205,90.16488647460938,916.719970703125
4206,90.24909973144531,924.1500244140625
4207,90.64803314208984,922.989990234375
4208,91.38668060302734,924.760009765625
4209,91.70255279541016,927.6300048828125
4210,89.03071594238281,917.3800048828125
4211,89.23607635498047,915.6099853515625
4212,90.71778106689453,917.3400268554688
4213,93.43959045410156,930.02001953125
4214,94.33619689941406,938.1699829101562
4215,91.58819580078125,928.72998046875
4216,85.0469970703125,887.010009765625
4217,85.68114471435547,885.0599975585938
4218,86.82771301269531,891.6699829101562
4219,95.36339569091797,940.1199951171875
4220,92.91693115234375,926.1900024414062
4221,91.74383544921875,923.6199951171875
4222,87.466552734375,897.5499877929688
4223,88.36341857910156,910.3800048828125
4224,88.91708374023438,915.7999877929688
4225,91.11783599853516,932.969970703125
4226,93.21139526367188,935.72998046875
4227,91.396484375,925.4299926757812
4228,88.22821044921875,904.739990234375
4229,88.58172607421875,905.6699829101562
4230,87.82594299316406,895.6599731445312
4231,90.29794311523438,916.5599975585938
4232,92.08009338378906,912.510009765625
4233,91.75347137451172,913.9000244140625
4234,93.53094482421875,933.9199829101562
4235,91.96668243408203,933.739990234375
4236,91.81122589111328,933.3200073242188
4237,89.8511962890625,921.8900146484375
4238,90.67085266113281,919.739990234375
4239,89.5951919555664,919.6699829101562
4240,89.2045669555664,924.0900268554688
4241,87.09333801269531,902.239990234375
4242,87.5838394165039,908.0599975585938
4243,86.43517303466797,899.2100219726562
4244,88.9588623046875,913.1599731445312
4245,86.62761688232422,889.4199829101562
4246,84.50837707519531,878.8499755859375
4247,83.57450103759766,869.3200073242188
4248,86.6093978881836,896.27001953125
4249,90.7578353881836,920.2999877929688
4250,93.71546936035156,938.3200073242188
4251,91.104736328125,912.9199829101562
4252,88.35318756103516,902.1300048828125
4253,89.46537017822266,920.1599731445312
4254,91.80020141601562,931.9400024414062
4255,91.45402526855469,932.280029296875
4256,90.7593994140625,931.3099975585938
4257,90.17664337158203,925.760009765625
4258,91.04035186767578,937.4000244140625
4259,90.82088470458984,930.9500122070312
4260,90.73065185546875,934.4500122070312
4261,91.43008422851562,930.47998046875
4262,90.94314575195312,915.8699951171875
4263,92.31548309326172,923.5599975585938
4264,92.33333587646484,920.489990234375
4265,94.46466064453125,935.5599975585938
4266,93.04611206054688,928.469970703125
4267,93.0558853149414,936.9000244140625
4268,91.73751068115234,932.6900024414062
4269,93.09120178222656,937.530029296875
4270,91.29141235351562,931.7899780273438
4271,92.361328125,931.6400146484375
4272,89.55083465576172,915.2100219726562
4273,91.69758605957031,924.3400268554688
4274,89.60806274414062,910.9400024414062
4275,90.83050537109375,922.9000244140625
4276,90.34742736816406,918.6500244140625
4277,90.28773498535156,916.6799926757812
4278,90.71076965332031,919.1099853515625
4279,88.8677749633789,904.02001953125
4280,90.2722396850586,911.75
4281,91.23480224609375,925.8800048828125
4282,90.90056610107422,925.530029296875
4283,89.96959686279297,921.0399780273438
4284,90.0634536743164,915.6799926757812
4285,91.10310363769531,924.0900268554688
4286,93.67606353759766,937.8900146484375
4287,92.82335662841797,938.9099731445312
4288,92.15547943115234,938.0499877929688
4289,93.30790710449219,950.1300048828125
4290,94.91976928710938,952.0800170898438
4291,93.51594543457031,932.6400146484375
4292,90.75996398925781,916.47998046875
4293,90.44882202148438,914.4500122070312
4294,88.57599639892578,911.760009765625
4295,89.4462661743164,916.7899780273438
4296,90.85433197021484,927.0499877929688
4297,91.54566955566406,931.4500122070312
4298,93.19862365722656,929.510009765625
4299,93.93305206298828,927.510009765625
4300,92.8847427368164,926.1699829101562
4301,90.8625717163086,922.27001953125
4302,89.14663696289062,922.5499877929688
4303,87.29900360107422,912.510009765625
4304,90.47803497314453,929.9000244140625
4305,88.6744384765625,924.510009765625
4306,89.09529113769531,916.239990234375
4307,89.08887481689453,911.0
4308,88.13197326660156,893.0599975585938
4309,88.57905578613281,892.280029296875
4310,91.3165283203125,906.760009765625
4311,91.19911193847656,913.27001953125
4312,92.57888793945312,928.4000244140625
4313,93.4227294921875,937.1500244140625
4314,90.94619750976562,907.969970703125
4315,87.32786560058594,893.739990234375
4316,88.1945571899414,895.7000122070312
4317,91.3598403930664,921.3599853515625
4318,90.26835632324219,917.5999755859375
4319,90.76822662353516,914.7000122070312
4320,89.10186767578125,896.3200073242188
4321,89.3279037475586,889.52001953125
4322,88.07996368408203,890.010009765625
4323,88.51961517333984,900.030029296875
4324,85.69207763671875,884.1300048828125
4325,84.91232299804688,879.1500244140625
4326,85.72737121582031,887.9299926757812
4327,87.94723510742188,904.02001953125
4328,89.21648406982422,918.27001953125
4329,85.88692474365234,887.9299926757812
4330,85.76966094970703,896.0399780273438
4331,88.61154174804688,906.52001953125
4332,88.2127914428711,912.0700073242188
4333,91.05784606933594,914.6900024414062
4334,90.06332397460938,911.010009765625
4335,88.58036804199219,904.010009765625
4336,89.4349365234375,912.239990234375
4337,88.45864868164062,895.989990234375
4338,90.14722442626953,900.0800170898438
4339,89.82597351074219,893.0399780273438
4340,92.94613647460938,922.4099731445312
4341,90.89918518066406,925.3200073242188
4342,88.01235961914062,914.3099975585938
4343,84.53015899658203,877.5900268554688
4344,88.40592193603516,894.239990234375
4345,88.56747436523438,907.760009765625
4346,90.89124298095703,910.3300170898438
4347,88.8028564453125,908.4500122070312
4348,87.32022094726562,910.6300048828125
4349,86.14785766601562,903.6799926757812
4350,85.0477294921875,892.8099975585938
4351,88.51060485839844,911.8499755859375
4352,89.2225112915039,902.1099853515625
4353,90.3297119140625,915.0499877929688
4354,90.26625061035156,914.5999755859375
4355,90.95940399169922,919.469970703125
4356,89.34883880615234,902.530029296875
4357,85.99993133544922,874.3499755859375
4358,85.84040069580078,890.9000244140625
4359,89.42113494873047,920.9299926757812
4360,85.95611572265625,890.2000122070312
4361,88.97042846679688,898.5399780273438
4362,88.55237579345703,908.3300170898438
4363,90.66743469238281,925.3400268554688
4364,90.07328033447266,924.3800048828125
4365,91.05928802490234,932.4400024414062
4366,93.56670379638672,936.2000122070312
4367,91.8753662109375,914.8400268554688
4368,92.87467193603516,917.0700073242188
4369,91.10993957519531,907.4099731445312
4370,90.83529663085938,915.6099853515625
4371,88.44639587402344,900.1300048828125
4372,87.77105712890625,894.8900146484375
4373,88.4625015258789,903.5800170898438
4374,90.32886505126953,919.2000122070312
4375,90.85850524902344,925.8499755859375
4376,91.48109436035156,926.1799926757812
4377,92.58274841308594,927.8400268554688
4378,92.64351654052734,931.469970703125
4379,91.81603240966797,930.5
4380,91.3977279663086,930.4000244140625
4381,91.75917053222656,915.4400024414062
4382,94.49246215820312,929.489990234375
4383,93.8827896118164,932.5700073242188
4384,91.60023498535156,930.2000122070312
4385,91.44703674316406,932.1300048828125
4386,89.68899536132812,931.8300170898438
4387,88.73593139648438,924.0999755859375
4388,87.30103302001953,918.260009765625
4389,89.65806579589844,915.1300048828125
4390,91.77024841308594,922.5499877929688
4391,91.11540985107422,914.8499755859375
4392,92.68855285644531,930.1699829101562
4393,92.57471466064453,936.0800170898438
4394,92.30595397949219,928.0399780273438
4395,88.68525695800781,892.3200073242188
4396,87.85299682617188,879.489990234375
4397,88.68501281738281,894.8300170898438
4398,89.56965637207031,909.3200073242188
4399,90.67796325683594,915.8900146484375
4400,91.50669860839844,915.9400024414062
4401,89.64091491699219,898.530029296875
4402,86.56200408935547,879.260009765625
4403,87.64462280273438,907.75
4404,86.29649353027344,902.5800170898438
4405,86.19109344482422,899.9000244140625
4406,87.99946594238281,901.530029296875
4407,93.21609497070312,932.0700073242188
4408,89.7168197631836,913.1400146484375
4409,89.18356323242188,913.8699951171875
4410,89.23261260986328,919.6300048828125
4411,91.2933120727539,928.3099975585938
4412,89.4397964477539,895.030029296875
4413,88.4676513671875,893.4099731445312
4414,88.78248596191406,900.4500122070312
4415,90.0699691772461,912.2000122070312
4416,89.16666412353516,909.1799926757812
4417,88.12826538085938,903.260009765625
4418,84.89054870605469,888.5599975585938
4419,88.32801055908203,906.27001953125
4420,88.41667175292969,916.5800170898438
4421,90.75762939453125,928.97998046875
4422,90.84934997558594,934.2899780273438
4423,90.57947540283203,915.4000244140625
4424,87.98516082763672,899.010009765625
4425,86.85770416259766,895.6799926757812
4426,88.83592987060547,916.260009765625
4427,92.74837493896484,934.75
4428,91.53934478759766,916.2000122070312
4429,91.48686218261719,913.4299926757812
4430,89.98414611816406,901.4400024414062
4431,90.84264373779297,914.530029296875
4432,87.52855682373047,892.1199951171875
4433,90.10570526123047,913.0499877929688
4434,91.18557739257812,913.4099731445312
4435,90.45988464355469,911.5599975585938
4436,91.51775360107422,909.969970703125
4437,93.45299530029297,922.3599853515625
4438,93.72432708740234,929.3800048828125
4439,93.43859100341797,925.0499877929688
4440,93.21804809570312,925.4400024414062
4441,94.31558227539062,926.5599975585938
4442,94.3184585571289,922.9000244140625
4443,92.53031921386719,908.02001953125
4444,92.36396789550781,915.3499755859375
4445,91.0955810546875,913.6799926757812
4446,89.36083221435547,901.3900146484375
4447,87.33404541015625,895.77001953125
4448,86.88319396972656,900.3499755859375
4449,90.46853637695312,930.0700073242188
4450,92.3397445678711,933.489990234375
4451,93.20755767822266,928.5900268554688
4452,91.37240600585938,921.25
4453,90.31713104248047,912.3599853515625
4454,88.91439819335938,897.1099853515625
4455,86.6053237915039,884.8599853515625
4456,85.75557708740234,876.2899780273438
4457,88.37138366699219,889.3900146484375
4458,94.29606628417969,927.9199829101562
4459,93.10950469970703,927.260009765625
4460,92.3014907836914,930.7999877929688
4461,87.84662628173828,895.6099853515625
4462,89.38976287841797,902.010009765625
4463,91.26382446289062,924.3499755859375
4464,89.46934509277344,920.5700073242188
4465,89.40506744384766,910.9099731445312
4466,89.63932800292969,908.6900024414062
4467,92.71373748779297,918.8900146484375
4468,92.2938232421875,913.3300170898438
4469,90.6468734741211,892.77001953125
4470,89.23479461669922,884.8400268554688
4471,90.81478881835938,895.969970703125
4472,92.58880615234375,926.1500244140625
4473,92.4110336303711,935.0700073242188
4474,92.98126983642578,926.8800048828125
4475,92.25849151611328,910.3200073242188
4476,92.31621551513672,915.8099975585938
4477,88.75072479248047,903.489990234375
4478,91.90326690673828,920.3599853515625
4479,89.83078002929688,908.739990234375
4480,86.63809967041016,885.6599731445312
4481,86.71578979492188,887.3599853515625
4482,87.80510711669922,890.5399780273438
4483,90.7292709350586,912.969970703125
4484,92.93741607666016,933.5800170898438
4485,92.21109771728516,935.510009765625
4486,93.06470489501953,930.4500122070312
4487,93.83787536621094,921.0399780273438
4488,94.6412353515625,923.2899780273438
4489,92.18165588378906,913.969970703125
4490,90.34231567382812,914.02001953125
4491,91.49458312988281,918.0900268554688
4492,91.60198974609375,921.5700073242188
4493,92.99980163574219,917.5
4494,92.09424591064453,918.3599853515625
4495,95.26553344726562,942.3200073242188
4496,93.03233337402344,931.4000244140625
4497,92.97674560546875,926.3599853515625
4498,92.88250732421875,928.4600219726562
4499,91.75712585449219,928.510009765625
4500,91.7113037109375,930.9000244140625
4501,92.30075073242188,929.6599731445312
4502,92.93936920166016,916.2999877929688
4503,93.1958236694336,922.2999877929688
4504,92.05487060546875,921.4600219726562
4505,93.26309967041016,933.6300048828125
4506,92.95901489257812,926.52001953125
4507,91.90121459960938,928.1599731445312
4508,91.5896224975586,919.0800170898438
4509,90.74879455566406,924.3400268554688
4510,89.50160217285156,907.47998046875
4511,88.18098449707031,888.9199829101562
4512,88.09062194824219,887.0800170898438
4513,92.1458511352539,913.5700073242188
4514,91.88714599609375,915.1199951171875
4515,91.93964385986328,913.8599853515625
4516,92.77320861816406,925.4000244140625
4517,93.93733215332031,932.9099731445312
4518,96.15296936035156,948.4500122070312
4519,95.29734802246094,939.3900146484375
4520,93.43734741210938,933.3200073242188
4521,89.88227081298828,915.2100219726562
4522,89.24790954589844,921.0399780273438
4523,91.36975860595703,936.8499755859375
4524,89.4872055053711,930.1400146484375
4525,90.21258544921875,929.6199951171875
4526,88.5304946899414,919.7899780273438
4527,90.59459686279297,921.3300170898438
4528,90.45634460449219,925.0499877929688
4529,90.49752807617188,916.1900024414062
4530,88.26433563232422,896.760009765625
4531,88.30087280273438,890.0499877929688
4532,92.95297241210938,925.030029296875
4533,91.96621704101562,926.22998046875
4534,89.71017456054688,919.4000244140625
4535,89.16378784179688,919.4600219726562
4536,90.2872543334961,928.27001953125
4537,90.35236358642578,917.6099853515625
4538,91.97830200195312,926.510009765625
4539,91.34746551513672,922.0700073242188
4540,91.25108337402344,926.6599731445312
4541,90.1529541015625,916.1199951171875
4542,89.98902130126953,918.489990234375
4543,92.51690673828125,929.9600219726562
4544,91.90177154541016,923.780029296875
4545,92.01953887939453,927.3800048828125
4546,89.12254333496094,903.6300048828125
4547,88.46329498291016,895.010009765625
4548,89.67611694335938,897.030029296875
4549,91.81658172607422,914.52001953125
4550,91.07035827636719,908.5399780273438
4551,91.3476791381836,920.530029296875
4552,92.55097198486328,926.3900146484375
4553,92.24752044677734,924.3400268554688
4554,91.57150268554688,914.4299926757812
4555,88.97476196289062,897.1900024414062
4556,87.20929718017578,885.5399780273438
4557,89.63355255126953,912.8599853515625
4558,91.77918243408203,925.0700073242188
4559,88.27774047851562,897.7100219726562
4560,86.91354370117188,881.52001953125
4561,87.52691650390625,888.3300170898438
4562,92.75605773925781,926.5
4563,91.70497131347656,918.0800170898438
4564,89.68301391601562,908.2899780273438
4565,89.50364685058594,905.47998046875
4566,88.58837890625,898.7100219726562
4567,87.01573181152344,889.9299926757812
4568,86.33454132080078,876.8400268554688
4569,89.4788589477539,896.4199829101562
4570,93.0705795288086,921.510009765625
4571,92.85444641113281,928.6099853515625
4572,91.51408386230469,924.510009765625
4573,88.63467407226562,902.0399780273438
4574,87.96421813964844,899.3499755859375
4575,88.91925811767578,905.6099853515625
4576,91.4854507446289,920.1699829101562
4577,93.27169036865234,930.52001953125
4578,93.09246063232422,925.3800048828125
4579,95.76847839355469,944.3900146484375
4580,91.90779113769531,927.9000244140625
4581,91.92430114746094,934.02001953125
4582,91.49003601074219,930.4199829101562
4583,94.32640075683594,941.1400146484375
4584,93.23184204101562,939.27001953125
4585,90.32669067382812,918.47998046875
4586,89.14408111572266,900.780029296875
4587,91.12593078613281,904.1199951171875
4588,92.92523193359375,921.4500122070312
4589,93.921142578125,927.3400268554688
4590,93.64828491210938,933.3400268554688
4591,95.06697845458984,944.2100219726562
4592,94.11674499511719,946.97998046875
4593,92.33589172363281,943.0
4594,92.11923217773438,932.9199829101562
4595,92.85676574707031,931.219970703125
4596,91.78298950195312,920.1099853515625
4597,91.92781829833984,933.510009765625
4598,90.79944610595703,917.1199951171875
4599,92.23908233642578,929.2000122070312
4600,92.63142395019531,918.52001953125
4601,92.06073760986328,912.22998046875
4602,90.6151123046875,902.5900268554688
4603,90.447998046875,906.0700073242188
4604,91.66787719726562,922.7999877929688
4605,91.24968719482422,919.5599975585938
4606,91.63893127441406,923.9199829101562
4607,91.80670928955078,917.9000244140625
4608,90.83299255371094,911.52001953125
4609,89.50634002685547,896.5900268554688
4610,87.78877258300781,893.6599731445312
4611,88.42125701904297,909.010009765625
4612,89.46177673339844,925.6199951171875
4613,91.63499450683594,932.9099731445312
4614,91.70550537109375,927.4299926757812
4615,93.77056121826172,946.1300048828125
4616,91.17230987548828,926.3699951171875
4617,91.81359100341797,922.9600219726562
4618,91.36815643310547,918.4400024414062
4619,91.84447479248047,937.0399780273438
4620,90.87322235107422,928.9500122070312
4621,89.74568176269531,923.0900268554688
4622,89.19634246826172,904.3800048828125
4623,90.44964599609375,917.1199951171875
4624,91.01318359375,921.6599731445312
4625,90.31752014160156,924.280029296875
4626,92.05105590820312,930.0399780273438
4627,91.41292572021484,933.5499877929688
4628,92.63182830810547,936.030029296875
4629,90.71309661865234,934.72998046875
4630,90.98271179199219,931.0999755859375
4631,91.8626937866211,930.8900146484375
4632,91.05484008789062,926.75
4633,91.38056945800781,924.4000244140625
4634,90.84566497802734,916.0
4635,89.99166107177734,917.0499877929688
4636,90.26819610595703,921.1400146484375
4637,90.38042449951172,920.5700073242188
4638,89.9349594116211,917.010009765625
4639,90.76871490478516,920.72998046875
4640,93.90193939208984,938.469970703125
4641,94.54830932617188,943.72998046875
4642,93.27670288085938,941.6300048828125
4643,92.97711181640625,933.7999877929688
4644,92.999267578125,938.6900024414062
4645,91.9222412109375,937.27001953125
4646,92.60362243652344,946.1500244140625
4647,91.0811538696289,935.3699951171875
4648,90.52730560302734,927.6699829101562
4649,90.96849060058594,927.4500122070312
4650,91.85794067382812,939.719970703125
4651,94.34388732910156,943.25
4652,92.20143127441406,927.239990234375
4653,92.90653991699219,933.0700073242188
4654,93.88909912109375,938.8900146484375
4655,94.29874420166016,938.1099853515625
4656,93.34801483154297,924.3599853515625
4657,92.96215057373047,926.4199829101562
4658,92.13618469238281,924.2000122070312
4659,91.73657989501953,926.780029296875
4660,90.76652526855469,916.8200073242188
4661,90.12406921386719,912.8300170898438
4662,89.07841491699219,900.1199951171875
4663,89.41681671142578,904.0999755859375
4664,89.28754425048828,900.3900146484375
4665,91.07698059082031,916.0800170898438
4666,89.90057373046875,902.7100219726562
4667,92.15705871582031,925.1699829101562
4668,91.63783264160156,921.6699829101562
4669,89.15541076660156,906.1699829101562
4670,90.1963882446289,911.5
4671,90.8592529296875,914.1500244140625
4672,91.6502456665039,922.1199951171875
4673,89.50599670410156,907.5399780273438
4674,88.86181640625,909.5399780273438
4675,88.61835479736328,903.1900024414062
4676,88.0549545288086,899.4600219726562
4677,87.98101043701172,899.219970703125
4678,89.2371826171875,912.8599853515625
4679,90.19479370117188,922.0900268554688
4680,91.60624694824219,926.1300048828125
4681,91.49645233154297,921.4400024414062
4682,90.54439544677734,911.6199951171875
4683,90.86367797851562,927.72998046875
4684,89.81416320800781,918.8499755859375
4685,90.85059356689453,912.8699951171875
4686,89.10515594482422,892.5499877929688
4687,87.30215454101562,886.7999877929688
4688,87.16102600097656,892.4400024414062
4689,90.24874877929688,911.969970703125
4690,91.57185363769531,910.7000122070312
4691,91.41400146484375,913.0800170898438
4692,89.94409942626953,913.2999877929688
4693,89.19684600830078,908.2999877929688
4694,87.97683715820312,890.1799926757812
4695,87.71009826660156,882.3800048828125
4696,85.2924575805664,863.8599853515625
4697,87.24002838134766,889.4099731445312
4698,91.57254028320312,922.6900024414062
4699,93.51578521728516,933.4000244140625
4700,91.7234115600586,924.9600219726562
4701,89.93233489990234,909.6300048828125
4702,87.3141860961914,897.1500244140625
4703,88.43831634521484,910.5499877929688
4704,89.8742904663086,919.9000244140625
4705,92.61592102050781,929.9000244140625
4706,89.64131927490234,910.25
4707,87.59297180175781,889.6699829101562
4708,87.24071502685547,882.8099975585938
4709,90.29132843017578,912.739990234375
4710,91.04153442382812,911.0
4711,91.47860717773438,919.6799926757812
4712,93.7613754272461,932.1500244140625
4713,93.15606689453125,931.0599975585938
4714,92.9576644897461,919.8499755859375
4715,89.81783294677734,894.2899780273438
4716,90.34738159179688,897.8200073242188
4717,88.30755615234375,895.6300048828125
4718,88.77597045898438,900.0499877929688
4719,89.90062713623047,907.3499755859375
4720,94.3431167602539,921.4600219726562
4721,95.59368896484375,933.5399780273438
4722,91.5103530883789,905.469970703125
4723,89.35037994384766,903.719970703125
4724,88.11044311523438,894.47998046875
4725,88.29794311523438,905.0
4726,90.79194641113281,912.0499877929688
4727,91.44518280029297,914.489990234375
4728,91.81405639648438,909.010009765625
4729,89.93828582763672,901.6099853515625
4730,93.51103210449219,921.1799926757812
4731,89.59109497070312,912.3300170898438
4732,92.92224884033203,936.719970703125
4733,89.7652587890625,920.3499755859375
4734,91.56786346435547,923.4500122070312
4735,89.29903411865234,907.3300170898438
4736,87.78862762451172,895.22998046875
4737,87.4105224609375,889.27001953125
4738,90.94911193847656,909.489990234375
4739,93.69905090332031,930.3800048828125
4740,93.74943542480469,932.1599731445312
4741,89.16939544677734,900.6099853515625
4742,87.86432647705078,882.5599975585938
4743,88.67719268798828,896.8800048828125
4744,91.72150421142578,919.02001953125
4745,90.23344421386719,904.489990234375
4746,89.63243103027344,911.239990234375
4747,88.44390106201172,912.219970703125
4748,89.89097595214844,926.6099853515625
4749,90.94007110595703,919.530029296875
4750,93.2521743774414,929.4600219726562
4751,92.1360855102539,917.1799926757812
4752,92.04520416259766,921.6900024414062
4753,90.38311004638672,907.8699951171875
4754,91.83521270751953,922.0499877929688
4755,92.04084777832031,923.489990234375
4756,90.49990844726562,905.219970703125
4757,87.86662292480469,879.4400024414062
4758,89.0906982421875,877.9600219726562
4759,90.9654312133789,896.780029296875
4760,95.22683715820312,930.3499755859375
4761,93.2342300415039,931.1799926757812
4762,93.62286376953125,924.9400024414062
4763,94.15869140625,928.9099731445312
4764,93.8162841796875,916.1599731445312
4765,92.5935287475586,912.5800170898438
4766,91.76821899414062,909.7100219726562
4767,91.7769546508789,919.9500122070312
4768,92.11236572265625,922.5599975585938
4769,88.64646911621094,899.5399780273438
4770,87.62262725830078,886.0999755859375
4771,89.62234497070312,907.530029296875
4772,91.4670639038086,917.5
4773,90.40106201171875,909.97998046875
4774,91.63569641113281,919.8499755859375
4775,89.46005249023438,900.5700073242188
4776,91.64417266845703,902.77001953125
4777,90.14468383789062,890.6900024414062
4778,92.18403625488281,916.1400146484375
4779,90.77569580078125,914.0900268554688
4780,90.77781677246094,918.1500244140625
4781,90.83988189697266,908.1699829101562
4782,90.07925415039062,896.3300170898438
4783,89.00199890136719,895.4299926757812
4784,88.25343322753906,898.4099731445312
4785,88.697509765625,908.1500244140625
4786,89.07919311523438,897.9000244140625
4787,91.7454833984375,911.5
4788,93.80839538574219,918.739990234375
4789,92.95694732666016,922.5900268554688
4790,91.52008819580078,909.5999755859375
4791,91.13062286376953,914.9299926757812
4792,90.8241195678711,919.0399780273438
4793,93.27465057373047,934.4199829101562
4794,91.18596649169922,918.4299926757812
4795,92.37728881835938,922.0900268554688
4796,92.50749969482422,930.8099975585938
4797,92.79965209960938,928.3200073242188
4798,90.00647735595703,903.1199951171875
4799,91.48126983642578,912.239990234375
4800,92.19751739501953,908.6799926757812
4801,94.95185089111328,927.4400024414062
4802,95.0119857788086,923.4500122070312
4803,92.54434967041016,915.9199829101562
4804,92.10830688476562,916.3200073242188
4805,93.45439147949219,915.5999755859375
4806,93.75857543945312,920.1300048828125
4807,91.41893005371094,908.9600219726562
4808,91.6716079711914,908.97998046875
4809,90.7405776977539,890.3200073242188
4810,93.32169342041016,909.0900268554688
4811,94.50616455078125,919.4500122070312
4812,92.21357727050781,916.1300048828125
4813,90.31314086914062,910.3800048828125
4814,88.1732177734375,892.6400146484375
4815,89.05055236816406,893.2999877929688
4816,89.22461700439453,889.5
4817,91.12709045410156,919.719970703125
4818,91.61591339111328,923.6199951171875
4819,91.06273651123047,909.0399780273438
4820,89.860107421875,888.9299926757812
4821,90.88568115234375,905.1799926757812
4822,91.94324493408203,907.8800048828125
4823,93.84619903564453,923.02001953125
4824,94.88311767578125,926.1599731445312
4825,93.47146606445312,922.260009765625
4826,93.04341888427734,924.5499877929688
4827,92.70023345947266,923.6400146484375
4828,92.66693115234375,914.0
4829,88.88719177246094,891.3400268554688
4830,88.69081115722656,887.22998046875
4831,90.13056945800781,899.8699951171875
4832,95.25059509277344,931.9199829101562
4833,96.0538101196289,932.2100219726562
4834,94.6270751953125,912.9500122070312
4835,94.62744903564453,907.8599853515625
4836,94.40681457519531,915.760009765625
4837,94.42802429199219,926.02001953125
4838,93.71300506591797,934.3200073242188
4839,94.30171966552734,941.7100219726562
4840,94.04934692382812,926.5999755859375
4841,92.78857421875,917.1500244140625
4842,90.3295669555664,903.8900146484375
4843,88.75767517089844,893.5900268554688
4844,87.63642120361328,880.52001953125
4845,85.03032684326172,867.7899780273438
4846,87.83586120605469,890.3300170898438
4847,90.93175506591797,919.4199829101562
4848,93.2326889038086,927.6599731445312
4849,93.96826171875,938.3200073242188
4850,94.39144897460938,934.8400268554688
4851,94.34971618652344,932.739990234375
4852,93.07415008544922,924.0700073242188
4853,92.82796478271484,911.739990234375
4854,89.32158660888672,888.0599975585938
4855,87.73612213134766,880.530029296875
4856,86.6675796508789,874.1099853515625
4857,91.68028259277344,893.5700073242188
4858,91.38015747070312,886.7899780273438
4859,91.59359741210938,896.0700073242188
4860,89.97811889648438,893.4099731445312
4861,88.41902160644531,887.7100219726562
4862,87.9225082397461,879.4299926757812
4863,93.27394104003906,918.27001953125
4864,95.28555297851562,927.5599975585938
4865,98.01599884033203,942.52001953125
4866,95.53694152832031,930.0999755859375
4867,93.04135131835938,915.25
4868,90.67095947265625,904.0700073242188
4869,88.56230163574219,892.3699951171875
4870,89.64799499511719,893.260009765625
4871,92.1654052734375,904.97998046875
4872,93.21337127685547,917.2100219726562
4873,91.54817962646484,918.3900146484375
4874,92.60665893554688,921.010009765625
4875,90.4421615600586,910.469970703125
4876,92.79824829101562,916.510009765625
4877,91.1114501953125,911.5599975585938
4878,92.59093475341797,922.7100219726562
4879,93.1883544921875,926.8699951171875
4880,94.58446502685547,933.3200073242188
4881,94.63611602783203,932.1300048828125
4882,92.33877563476562,908.760009765625
4883,92.3286361694336,906.72998046875
4884,91.92729949951172,912.6300048828125
4885,93.47100067138672,930.6900024414062
4886,91.1855697631836,918.1500244140625
4887,91.37692260742188,909.8699951171875
4888,90.79669952392578,904.219970703125
4889,87.4261245727539,884.9000244140625
4890,89.65269470214844,903.5700073242188
4891,91.17262268066406,915.8300170898438
4892,91.57244110107422,926.2100219726562
4893,92.61915588378906,928.9199829101562
4894,91.83915710449219,917.7999877929688
4895,94.72025299072266,917.219970703125
4896,91.40751647949219,902.219970703125
4897,93.46412658691406,915.6199951171875
4898,93.48165130615234,918.52001953125
4899,92.70703125,914.6599731445312
4900,90.7828598022461,902.9500122070312
4901,91.00271606445312,904.1400146484375
4902,91.91683959960938,916.22998046875
4903,92.72305297851562,931.1599731445312
4904,91.73528289794922,911.8599853515625
4905,91.4803695678711,912.5700073242188
4906,92.51860809326172,905.97998046875
4907,94.67198181152344,920.4000244140625
4908,93.16150665283203,911.52001953125
4909,92.60865783691406,914.7999877929688
4910,91.20156860351562,912.2899780273438
4911,93.68009948730469,928.260009765625
4912,91.7574691772461,909.0599975585938
4913,90.33645629882812,893.0900268554688
4914,89.60066986083984,884.8599853515625
4915,92.22093200683594,912.8599853515625
4916,93.89825439453125,930.7999877929688
4917,92.79985809326172,922.1400146484375
4918,92.62389373779297,918.3900146484375
4919,94.61972045898438,918.6099853515625
4920,95.7351303100586,928.9000244140625
4921,93.3823471069336,912.9099731445312
4922,93.03838348388672,907.22998046875
4923,93.83535766601562,915.8400268554688
4924,94.48538208007812,925.5999755859375
4925,93.4438705444336,917.8800048828125
4926,91.05122375488281,902.0499877929688
4927,90.43455505371094,899.989990234375
4928,92.94766235351562,910.8099975585938
4929,90.93988037109375,889.6599731445312
4930,90.46063232421875,886.4500122070312
4931,91.56063842773438,899.0999755859375
4932,92.2260513305664,919.280029296875
4933,91.81098175048828,931.0499877929688
4934,91.97627258300781,911.72998046875
4935,87.11354064941406,883.3400268554688
4936,85.87355041503906,860.72998046875
4937,88.65093231201172,884.969970703125
4938,92.22689056396484,900.3599853515625
4939,94.4329605102539,918.3400268554688
4940,91.77814483642578,903.489990234375
4941,92.41755676269531,908.6799926757812
4942,89.44535064697266,883.97998046875
4943,91.82292938232422,895.5399780273438
4944,91.0853271484375,885.2999877929688
4945,93.58297729492188,907.1799926757812
4946,91.0754623413086,891.6400146484375
4947,91.78792572021484,905.3599853515625
4948,94.14994049072266,921.9600219726562
4949,92.43476867675781,913.3499755859375
4950,91.53158569335938,900.4600219726562
4951,91.63787078857422,902.3900146484375
4952,91.82621765136719,898.6699829101562
4953,92.16716766357422,908.27001953125
4954,92.51749420166016,912.5399780273438
4955,94.89846801757812,919.6099853515625
4956,95.9479751586914,921.989990234375
4957,98.17561340332031,942.239990234375
4958,94.96023559570312,920.739990234375
4959,93.89805603027344,913.6900024414062
4960,94.65298461914062,915.5
4961,94.1244125366211,908.6300048828125
4962,91.50421142578125,885.5599975585938
4963,91.19591522216797,892.75
4964,90.79940032958984,898.760009765625
4965,86.41683959960938,874.4099731445312
4966,90.3272476196289,891.75
4967,90.51490020751953,881.9400024414062
4968,92.84451293945312,902.4000244140625
4969,91.12630462646484,894.2100219726562
4970,95.77616882324219,928.0599975585938
4971,94.55683135986328,916.010009765625
4972,95.85413360595703,924.280029296875
4973,91.97462463378906,903.0900268554688
4974,92.05613708496094,910.2100219726562
4975,91.90779113769531,908.77001953125
4976,93.01118469238281,908.7999877929688
4977,93.67818450927734,918.72998046875
4978,94.21443939208984,927.1300048828125
4979,94.66758728027344,934.3499755859375
4980,92.91160583496094,919.9299926757812
4981,89.80909729003906,893.9299926757812
4982,90.65766143798828,889.280029296875
4983,91.54693603515625,900.239990234375
4984,93.429443359375,908.719970703125
4985,94.03995513916016,923.8499755859375
4986,94.99649810791016,930.9600219726562
4987,94.303955078125,928.1900024414062
4988,95.14449310302734,921.5
4989,93.89392852783203,920.3400268554688
4990,93.76359558105469,915.969970703125
4991,92.22785949707031,904.5999755859375
4992,93.10918426513672,904.2999877929688
4993,93.71440887451172,920.6900024414062
4994,95.23197937011719,930.02001953125
4995,96.62569427490234,938.719970703125
4996,93.6896743774414,916.010009765625
4997,91.53620147705078,903.739990234375
4998,92.38329315185547,914.280029296875
4999,90.8545150756836,903.1199951171875
5000,89.20049285888672,892.1099853515625
5001,89.76397705078125,883.3800048828125
5002,91.98959350585938,899.77001953125
5003,92.0362319946289,901.52001953125
5004,91.40193939208984,903.7899780273438
5005,91.23959350585938,891.510009765625
5006,92.16067504882812,881.8800048828125
5007,96.74200439453125,909.989990234375
5008,96.21632385253906,923.75
5009,91.80960083007812,894.510009765625
5010,89.4341049194336,883.719970703125
5011,88.35477447509766,876.3900146484375
5012,92.65969848632812,902.8099975585938
5013,93.49723052978516,909.47998046875
5014,94.57193756103516,913.989990234375
5015,91.65472412109375,893.02001953125
5016,90.28148651123047,890.989990234375
5017,90.39122772216797,888.0599975585938
5018,92.34198760986328,902.6400146484375
5019,91.28052520751953,890.719970703125
5020,90.61005401611328,883.5900268554688
5021,92.26395416259766,896.4500122070312
5022,91.97180938720703,901.9400024414062
5023,91.7185287475586,905.1300048828125
5024,93.38272857666016,911.3099975585938
5025,89.29701232910156,885.6300048828125
5026,88.41841888427734,876.5499877929688
5027,88.67156219482422,879.6300048828125
5028,95.61668395996094,926.3300170898438
5029,92.63196563720703,907.969970703125
5030,92.64653778076172,914.1799926757812
5031,91.90235137939453,909.739990234375
5032,92.82461547851562,909.77001953125
5033,91.94861602783203,894.8200073242188
5034,91.09867095947266,892.7000122070312
5035,91.86962890625,898.3099975585938
5036,92.61182403564453,901.4400024414062
5037,94.79554748535156,909.8699951171875
5038,90.86929321289062,902.0999755859375
5039,91.12138366699219,909.47998046875
5040,91.0139389038086,908.9500122070312
5041,91.97017669677734,913.969970703125
5042,92.64917755126953,910.0700073242188
5043,90.77127838134766,914.22998046875
5044,91.36894226074219,909.219970703125
5045,91.1170883178711,906.97998046875
5046,93.4163589477539,906.260009765625
5047,92.50833892822266,903.530029296875
5048,91.82861328125,903.5499877929688
5049,92.42638397216797,913.4099731445312
5050,93.5396957397461,916.2000122070312
5051,94.95742797851562,923.9299926757812
5052,97.07292175292969,939.27001953125
5053,92.0350341796875,903.3400268554688
5054,93.0152816772461,904.72998046875
5055,92.54044342041016,912.0599975585938
5056,91.31756591796875,907.8300170898438
5057,92.83538818359375,913.0499877929688
5058,96.47698211669922,924.4299926757812
5059,98.59089660644531,938.7100219726562
5060,98.2979507446289,939.6099853515625
5061,96.57715606689453,922.0
5062,96.58690643310547,924.2100219726562
5063,96.4197006225586,924.0499877929688
5064,97.77745819091797,934.47998046875
5065,97.18682098388672,933.489990234375
5066,96.2995376586914,925.260009765625
5067,95.6565933227539,915.8300170898438
5068,92.3089828491211,904.6400146484375
5069,91.05713653564453,901.5399780273438
5070,91.77365112304688,911.9500122070312
5071,93.66098022460938,924.8699951171875
5072,94.53711700439453,931.25
5073,93.54286193847656,924.3900146484375
5074,92.76863098144531,905.1400146484375
5075,93.962158203125,912.27001953125
5076,95.61278533935547,919.5399780273438
5077,96.40091705322266,922.0900268554688
5078,98.24684143066406,931.6099853515625
5079,96.46898651123047,917.010009765625
5080,96.39031219482422,923.2100219726562
5081,95.0896224975586,914.77001953125
5082,94.96479034423828,915.4299926757812
5083,91.64395141601562,904.5599975585938
5084,90.54052734375,896.25
5085,93.51109313964844,915.969970703125
5086,94.36244201660156,919.6900024414062
5087,91.63542175292969,899.260009765625
5088,91.57842254638672,903.4400024414062
5089,93.80087280273438,919.2000122070312
5090,95.59461212158203,927.7899780273438
5091,95.45414733886719,932.9500122070312
5092,92.5553970336914,905.489990234375
5093,92.69929504394531,902.030029296875
5094,94.53389739990234,907.1099853515625
5095,95.57264709472656,926.5399780273438
5096,92.68991088867188,904.4600219726562
5097,92.03988647460938,896.2899780273438
5098,93.29798126220703,898.9199829101562
5099,92.9410171508789,905.6199951171875
5100,91.89286804199219,897.72998046875
5101,90.74679565429688,899.1300048828125
5102,91.05818939208984,894.4400024414062
5103,92.18120574951172,904.6400146484375
5104,92.86820983886719,901.030029296875
5105,95.48143768310547,916.8699951171875
5106,94.85680389404297,913.8300170898438
5107,96.01818084716797,929.2100219726562
5108,93.106201171875,912.010009765625
5109,91.31204986572266,900.0499877929688
5110,91.17557525634766,887.4099731445312
5111,92.35003662109375,906.72998046875
5112,92.76248931884766,908.510009765625
5113,94.03955078125,916.2100219726562
5114,93.31169128417969,899.3400268554688
5115,94.29193878173828,911.5999755859375
5116,96.56855010986328,931.2999877929688
5117,95.76595306396484,922.9500122070312
5118,92.10104370117188,907.0
5119,89.18998718261719,884.7100219726562
5120,90.51752471923828,893.3099975585938
5121,92.7026596069336,900.5399780273438
5122,91.87921142578125,882.6099853515625
5123,92.29006958007812,894.2100219726562
5124,89.16897583007812,887.1599731445312
5125,90.1753921508789,895.1199951171875
5126,91.61467742919922,894.3200073242188
5127,93.11876678466797,905.3900146484375
5128,93.5763168334961,895.75
5129,93.42579650878906,898.7999877929688
5130,93.36518859863281,891.3599853515625
5131,92.09821319580078,892.780029296875
5132,90.25497436523438,889.8599853515625
5133,88.61305236816406,885.5599975585938
5134,88.33470153808594,882.0900268554688
5135,90.87226867675781,895.2999877929688
5136,90.3584213256836,885.0399780273438
5137,93.1772689819336,897.8699951171875
5138,89.96806335449219,887.6300048828125
5139,91.24079132080078,902.9199829101562
5140,91.35791778564453,907.47998046875
5141,92.77477264404297,915.1900024414062
5142,94.54058837890625,925.280029296875
5143,95.04228210449219,921.260009765625
5144,94.05742645263672,910.9000244140625
5145,92.84081268310547,906.739990234375
5146,94.48648834228516,913.1400146484375
5147,93.5983657836914,904.719970703125
5148,94.5338363647461,910.030029296875
5149,91.3541030883789,888.8599853515625
5150,91.46062469482422,895.0999755859375
5151,90.10088348388672,886.0
5152,91.95939636230469,896.3300170898438
5153,91.79778289794922,896.969970703125
5154,91.88159942626953,901.4500122070312
5155,90.94452667236328,907.9099731445312
5156,91.15495300292969,904.9099731445312
5157,91.52304077148438,903.1400146484375
5158,94.64874267578125,913.1300048828125
5159,94.88247680664062,903.6199951171875
5160,95.99565887451172,902.9199829101562
5161,93.40235900878906,903.9400024414062
5162,92.43754577636719,910.1699829101562
5163,93.4276351928711,908.7000122070312
5164,94.60086822509766,917.4500122070312
5165,95.18917846679688,918.9199829101562
5166,94.96238708496094,913.0800170898438
5167,95.89250946044922,914.239990234375
5168,91.95623779296875,895.0700073242188
5169,92.25051879882812,894.7000122070312
5170,92.89611053466797,899.9000244140625
5171,92.1187973022461,889.5800170898438
5172,91.22281646728516,888.9400024414062
5173,91.0773696899414,879.6300048828125
5174,92.31134033203125,893.1699829101562
5175,93.34765625,911.4400024414062
5176,96.51664733886719,924.7100219726562
5177,94.1502914428711,909.8200073242188
5178,91.70030212402344,891.719970703125
5179,94.32679748535156,910.6400146484375
5180,92.23916625976562,889.760009765625
5181,92.9244613647461,899.1500244140625
5182,93.09761810302734,905.1099853515625
5183,94.75202941894531,927.3699951171875
5184,96.13780212402344,935.280029296875
5185,95.32125091552734,925.1900024414062
5186,96.52893829345703,924.0700073242188
5187,97.25106811523438,919.260009765625
5188,96.09523010253906,917.739990234375
5189,93.63799285888672,910.0499877929688
5190,92.02314758300781,897.5700073242188
5191,90.81678009033203,886.0999755859375
5192,94.83106231689453,920.7100219726562
5193,98.12089538574219,934.8599853515625
5194,99.34779357910156,937.9000244140625
5195,99.81564331054688,936.030029296875
5196,96.86090087890625,932.1900024414062
5197,92.78834533691406,901.9400024414062
5198,90.05377960205078,889.97998046875
5199,89.76018524169922,884.4400024414062
5200,91.14512634277344,894.6300048828125
5201,89.29450225830078,874.3300170898438
5202,89.61897277832031,874.3800048828125
5203,90.83418273925781,893.239990234375
5204,91.99254608154297,905.5900268554688
5205,95.5294189453125,925.2100219726562
5206,96.76073455810547,933.969970703125
5207,96.7425308227539,927.6199951171875
5208,93.94892883300781,906.4500122070312
5209,91.5591049194336,888.72998046875
5210,93.00407409667969,900.3400268554688
5211,92.15641021728516,897.72998046875
5212,95.05990600585938,912.0700073242188
5213,94.85818481445312,904.969970703125
5214,95.8868408203125,914.5399780273438
5215,97.34542846679688,940.760009765625
5216,95.0577392578125,923.260009765625
5217,93.14911651611328,909.02001953125
5218,92.08212280273438,893.5399780273438
5219,93.46678161621094,912.1900024414062
5220,94.80349731445312,913.6199951171875
5221,95.98587799072266,918.75
5222,93.56155395507812,892.9500122070312
5223,93.77840423583984,897.8099975585938
5224,92.55503845214844,904.27001953125
5225,94.99937438964844,915.1900024414062
5226,92.11415100097656,905.1400146484375
5227,93.34294891357422,903.6099853515625
5228,93.27075958251953,904.4500122070312
5229,94.77565002441406,909.510009765625
5230,92.87207794189453,902.8099975585938
5231,94.21733093261719,913.72998046875
5232,91.47665405273438,906.2999877929688
5233,92.37271881103516,918.2899780273438
5234,91.68254852294922,917.719970703125
5235,91.31277465820312,914.02001953125
5236,91.78335571289062,901.8499755859375
5237,92.25999450683594,891.3900146484375
5238,91.05042266845703,881.9299926757812
5239,92.30859375,886.22998046875
5240,92.69086456298828,896.1900024414062
5241,91.99867248535156,891.6900024414062
5242,90.6794662475586,889.0800170898438
5243,91.0430908203125,889.8300170898438
5244,91.26925659179688,897.8300170898438
5245,92.64285278320312,908.47998046875
5246,95.57000732421875,923.510009765625
5247,95.9790267944336,913.5700073242188
5248,97.37836456298828,928.2000122070312
5249,96.77214813232422,934.5599975585938
5250,94.35948181152344,912.1500244140625
5251,90.8909912109375,881.0
5252,89.03839111328125,864.989990234375
5253,89.09368133544922,871.4199829101562
5254,91.2556381225586,884.3900146484375
5255,89.71354675292969,867.8099975585938
5256,89.99069213867188,891.8699951171875
5257,91.28240203857422,904.6300048828125
5258,91.57238006591797,896.4000244140625
5259,94.08135223388672,905.1699829101562
5260,92.71245574951172,899.8800048828125
5261,93.64628601074219,906.8200073242188
5262,91.94812774658203,895.030029296875
5263,92.31503295898438,903.4600219726562
5264,89.49610137939453,890.7000122070312
5265,91.58344268798828,907.1199951171875
5266,94.04198455810547,918.469970703125
5267,95.38746643066406,919.1300048828125
5268,94.46315002441406,925.719970703125
5269,91.67000579833984,906.0999755859375
5270,91.93144226074219,904.27001953125
5271,91.68894958496094,900.989990234375
5272,89.72221374511719,881.989990234375
5273,89.22232055664062,875.239990234375
5274,91.82192993164062,891.5900268554688
5275,91.99870300292969,889.9600219726562
5276,93.51914978027344,899.489990234375
5277,94.30438995361328,914.760009765625
5278,92.21155548095703,899.2899780273438
5279,92.00685119628906,895.6300048828125
5280,92.29747009277344,895.72998046875
5281,92.03978729248047,896.1699829101562
5282,93.86927795410156,898.4000244140625
5283,94.81349182128906,916.0599975585938
5284,92.4239501953125,898.9299926757812
5285,92.93633270263672,903.010009765625
5286,91.19925689697266,883.4299926757812
5287,94.18806457519531,900.1900024414062
5288,93.49494171142578,898.25
5289,96.70226287841797,919.8699951171875
5290,94.62757110595703,911.22998046875
5291,94.96656799316406,915.1799926757812
5292,93.50654602050781,912.5599975585938
5293,92.07672119140625,914.4400024414062
5294,90.69056701660156,910.5800170898438
5295,92.73461151123047,914.6199951171875
5296,95.51024627685547,927.739990234375
5297,93.73500061035156,906.4500122070312
5298,90.03507232666016,894.1599731445312
5299,90.6973876953125,894.219970703125
5300,90.17416381835938,881.489990234375
5301,93.5449447631836,897.9099731445312
5302,94.96217346191406,899.719970703125
5303,94.0531234741211,893.22998046875
5304,96.13391876220703,922.9199829101562
5305,96.38007354736328,928.3200073242188
5306,96.99669647216797,926.4400024414062
5307,91.84505462646484,889.1099853515625
5308,90.89720916748047,885.739990234375
5309,92.58179473876953,900.9000244140625
5310,93.20536041259766,894.72998046875
5311,95.15648651123047,895.52001953125
5312,96.32855987548828,914.6799926757812
5313,93.59895324707031,911.7000122070312
5314,91.12906646728516,905.8800048828125
5315,91.2630386352539,901.7100219726562
5316,92.95852661132812,894.219970703125
5317,94.30623626708984,902.469970703125
5318,96.28807830810547,928.4299926757812
5319,93.94374084472656,904.1500244140625
5320,95.1434326171875,910.989990234375
5321,91.1866226196289,880.1099853515625
5322,91.61307525634766,907.0900268554688
5323,94.02572631835938,925.7999877929688
5324,93.4077377319336,929.6099853515625
5325,92.0526123046875,912.8200073242188
5326,92.17085266113281,900.2899780273438
5327,91.69651794433594,892.6199951171875
5328,90.39749908447266,887.97998046875
5329,89.03978729248047,877.9400024414062
5330,91.59526824951172,891.3900146484375
5331,92.69259643554688,896.3499755859375
5332,93.34446716308594,905.1799926757812
5333,93.26835632324219,909.010009765625
5334,94.8099136352539,918.5499877929688
5335,94.13467407226562,902.6900024414062
5336,95.28257751464844,906.239990234375
5337,94.12738800048828,903.4600219726562
5338,93.6196060180664,901.9099731445312
5339,94.45958709716797,907.8400268554688
5340,94.78276062011719,923.219970703125
5341,93.46125793457031,914.8499755859375
5342,92.13420104980469,897.1500244140625
5343,95.33381652832031,903.4000244140625
5344,96.1939926147461,906.1699829101562
5345,93.6965103149414,890.510009765625
5346,95.68092346191406,908.9600219726562
5347,96.58979034423828,920.6699829101562
5348,96.88066101074219,926.9500122070312
5349,92.888671875,892.8400268554688
5350,89.0103988647461,866.5599975585938
5351,89.80741119384766,869.5700073242188
5352,90.75874328613281,884.7899780273438
5353,94.86268615722656,913.7999877929688
5354,94.91943359375,910.010009765625
5355,94.9874496459961,904.97998046875
5356,95.00052642822266,904.260009765625
5357,96.1626968383789,912.3099975585938
5358,94.72789001464844,903.280029296875
5359,95.70649719238281,915.4600219726562
5360,93.9416275024414,899.9500122070312
5361,92.0832748413086,880.22998046875
5362,94.0114517211914,894.3699951171875
5363,96.73945617675781,912.1599731445312
5364,97.94258117675781,929.77001953125
5365,97.99028778076172,927.77001953125
5366,93.21684265136719,893.3599853515625
5367,92.39022827148438,880.8499755859375
5368,93.46235656738281,896.6500244140625
5369,94.3863525390625,905.1199951171875
5370,94.46426391601562,906.530029296875
5371,92.51322937011719,902.0999755859375
5372,94.47506713867188,915.969970703125
5373,95.5920181274414,922.6500244140625
5374,95.85372161865234,922.1199951171875
5375,97.11115264892578,925.5900268554688
5376,95.33919525146484,904.469970703125
5377,93.66947174072266,891.7999877929688
5378,93.49288177490234,882.3200073242188
5379,95.20002746582031,895.72998046875
5380,93.2066879272461,890.6599731445312
5381,90.99161529541016,888.4400024414062
5382,90.91038513183594,882.2899780273438
5383,93.90957641601562,909.010009765625
5384,95.25556945800781,925.97998046875
5385,93.79456329345703,919.7100219726562
5386,92.61320495605469,915.4500122070312
5387,93.07552337646484,920.8300170898438
5388,97.26044464111328,942.0599975585938
5389,93.48602294921875,913.25
5390,94.19471740722656,910.2000122070312
5391,90.62055206298828,882.4299926757812
5392,90.53250122070312,877.1500244140625
5393,90.22001647949219,882.1699829101562
5394,88.94883728027344,880.02001953125
5395,90.54595947265625,898.27001953125
5396,91.70549774169922,884.6199951171875
5397,93.4814224243164,887.4600219726562
5398,91.98585510253906,875.6500244140625
5399,95.80866241455078,911.02001953125
5400,95.58550262451172,925.1300048828125
5401,96.29859161376953,936.1500244140625
5402,97.5395736694336,932.5800170898438
5403,95.5807113647461,908.010009765625
5404,92.34846496582031,889.1900024414062
5405,95.83379364013672,921.4299926757812
5406,95.60438537597656,921.0999755859375
5407,94.319580078125,917.8900146484375
5408,92.97943115234375,908.77001953125
5409,95.70799255371094,922.1799926757812
5410,96.1783218383789,922.260009765625
5411,95.34800720214844,915.8099975585938
5412,94.26531982421875,910.3099975585938
5413,97.47471618652344,927.3400268554688
5414,97.41905212402344,925.6400146484375
5415,94.79883575439453,903.6599731445312
5416,95.07057189941406,904.77001953125
5417,97.60688018798828,923.7100219726562
5418,98.7274398803711,939.7999877929688
5419,99.95459747314453,946.6599731445312
5420,99.47522735595703,943.25
5421,97.4691390991211,935.2899780273438
5422,95.69439697265625,927.2100219726562
5423,93.68779754638672,909.9500122070312
5424,93.06938171386719,915.7000122070312
5425,93.30474853515625,914.7100219726562
5426,96.17900848388672,936.6400146484375
5427,97.80831909179688,939.8900146484375
5428,98.37401580810547,943.1699829101562
5429,98.58381652832031,937.760009765625
5430,93.63986206054688,917.2899780273438
5431,92.56636047363281,908.0900268554688
5432,96.57733154296875,924.1099853515625
5433,98.98440551757812,931.3200073242188
5434,97.22727966308594,924.2999877929688
5435,95.80485534667969,919.8599853515625
5436,96.14079284667969,921.6500244140625
5437,98.31267547607422,931.3200073242188
5438,97.96937561035156,921.969970703125
5439,95.76262664794922,913.239990234375
5440,92.64590454101562,897.9000244140625
5441,91.66777038574219,899.3200073242188
5442,95.5377197265625,911.8900146484375
5443,98.12505340576172,925.3900146484375
5444,98.12691497802734,912.739990234375
5445,98.45917510986328,916.3900146484375
5446,93.11323547363281,884.2899780273438
5447,93.17550659179688,885.8099975585938
5448,91.61500549316406,883.989990234375
5449,91.8268051147461,894.3200073242188
5450,90.92738342285156,897.530029296875
5451,92.72368621826172,910.8699951171875
5452,93.30966186523438,910.1900024414062
5453,92.52074432373047,902.6699829101562
5454,92.54724884033203,903.0700073242188
5455,92.67988586425781,910.1599731445312
5456,93.69410705566406,922.3099975585938
5457,94.13296508789062,920.1500244140625
5458,91.29743957519531,889.1599731445312
5459,94.13574981689453,899.8400268554688
5460,97.49236297607422,932.239990234375
5461,99.2308120727539,934.9199829101562
5462,95.4253158569336,914.4500122070312
5463,96.78458404541016,917.739990234375
5464,98.8200912475586,933.3699951171875
5465,97.86701965332031,926.969970703125
5466,96.8894271850586,922.0399780273438
5467,97.0870132446289,934.0599975585938
5468,96.06832885742188,922.3699951171875
5469,95.61914825439453,910.2100219726562
5470,93.49876403808594,891.1300048828125
5471,92.03585052490234,888.280029296875
5472,92.18437957763672,899.260009765625
5473,92.52140045166016,902.8800048828125
5474,92.31370544433594,898.1400146484375
5475,93.53746795654297,903.739990234375
5476,93.68550872802734,904.1799926757812
5477,95.20021057128906,915.5900268554688
5478,95.02774810791016,921.260009765625
5479,92.90663146972656,907.7000122070312
5480,93.7276611328125,902.9000244140625
5481,93.14334106445312,897.8499755859375
5482,94.05477905273438,905.8300170898438
5483,94.21908569335938,909.47998046875
5484,92.59745025634766,900.5399780273438
5485,92.53972625732422,892.739990234375
5486,94.42572021484375,904.3099975585938
5487,95.11663055419922,918.5399780273438
5488,95.55523681640625,926.1199951171875
5489,93.93327331542969,914.8699951171875
5490,92.84317016601562,898.0399780273438
5491,96.89556884765625,912.97998046875
5492,100.60896301269531,944.739990234375
5493,100.15177154541016,948.0399780273438
5494,95.91789245605469,910.5
5495,95.54607391357422,914.8800048828125
5496,97.43677520751953,917.72998046875
5497,99.16436767578125,935.969970703125
5498,96.92311096191406,927.5599975585938
5499,94.6758041381836,910.6099853515625
5500,95.11624145507812,917.8400268554688
5501,96.94393920898438,932.4500122070312
5502,95.63253784179688,920.3599853515625
5503,95.57605743408203,915.4099731445312
5504,96.74433135986328,925.1099853515625
5505,96.69943237304688,919.9199829101562
5506,95.52718353271484,921.5
5507,93.15612030029297,905.010009765625
5508,93.19222259521484,907.3599853515625
5509,95.13774871826172,915.739990234375
5510,97.01600646972656,920.77001953125
5511,96.03692626953125,914.52001953125
5512,95.14847564697266,904.3499755859375
5513,95.14774322509766,906.1199951171875
5514,96.10813903808594,911.0800170898438
5515,98.1781005859375,928.5399780273438
5516,97.16581726074219,923.8400268554688
5517,98.82789611816406,941.1799926757812
5518,98.23052215576172,928.010009765625
5519,99.13858032226562,920.6500244140625
5520,97.46827697753906,912.0999755859375
5521,96.1234130859375,907.1300048828125
5522,96.91183471679688,911.5
5523,98.46273040771484,925.3900146484375
5524,96.78409576416016,924.22998046875
5525,95.6346664428711,916.6300048828125
5526,93.19483184814453,907.4400024414062
5527,94.43317413330078,912.280029296875
5528,93.22500610351562,904.9199829101562
5529,95.8403549194336,923.010009765625
5530,92.21351623535156,892.4099731445312
5531,90.76203155517578,889.1199951171875
5532,89.51129913330078,875.0700073242188
5533,93.5904541015625,900.7000122070312
5534,97.72945404052734,925.1300048828125
5535,101.2757339477539,942.8099975585938
5536,98.90739440917969,939.6099853515625
5537,98.67259979248047,939.5399780273438
5538,95.89236450195312,921.9299926757812
5539,96.85317993164062,921.010009765625
5540,96.11247253417969,911.8499755859375
5541,93.87889862060547,894.1199951171875
5542,93.76998901367188,897.0700073242188
5543,90.59290313720703,882.2999877929688
5544,94.72928619384766,912.0800170898438
5545,93.95333862304688,910.0499877929688
5546,97.83768463134766,929.0999755859375
5547,97.31275177001953,935.27001953125
5548,98.19503784179688,935.3099975585938
5549,98.22566223144531,931.5999755859375
5550,96.56365966796875,913.0800170898438
5551,97.390380859375,905.4199829101562
5552,94.71696472167969,898.8200073242188
5553,96.75626373291016,919.4500122070312
5554,98.3630599975586,922.5399780273438
5555,99.82494354248047,926.6400146484375
5556,98.19891357421875,925.719970703125
5557,96.211669921875,913.1500244140625
5558,94.48941802978516,907.260009765625
5559,94.41901397705078,899.9500122070312
5560,92.73184967041016,887.25
5561,92.10266876220703,890.02001953125
5562,94.30550384521484,909.1699829101562
5563,95.09395599365234,910.8699951171875
5564,96.49918365478516,907.5399780273438
5565,96.5850601196289,926.1300048828125
5566,96.16807556152344,921.2899780273438
5567,95.07168579101562,908.469970703125
5568,92.18061828613281,885.5599975585938
5569,90.53612518310547,876.02001953125
5570,90.9696044921875,879.0499877929688
5571,92.12730407714844,895.8800048828125
5572,91.33226013183594,893.5
5573,91.89459991455078,898.4600219726562
5574,93.21159362792969,908.9099731445312
5575,92.99822235107422,908.010009765625
5576,94.68025207519531,921.72998046875
5577,94.05094146728516,909.1500244140625
5578,93.7522964477539,890.8200073242188
5579,92.84750366210938,890.5599975585938
5580,94.59188079833984,908.52001953125
5581,97.49647521972656,926.6599731445312
5582,97.21025848388672,921.0399780273438
5583,98.40489959716797,927.8599853515625
5584,96.31220245361328,909.5700073242188
5585,98.62698364257812,923.1400146484375
5586,93.43903350830078,889.0999755859375
5587,93.02947235107422,883.1300048828125
5588,91.11346435546875,873.760009765625
5589,94.5899887084961,907.469970703125
5590,95.91931915283203,906.4600219726562
5591,95.99691772460938,911.6699829101562
5592,93.95854187011719,916.2000122070312
5593,94.059814453125,916.9000244140625
5594,95.65888977050781,917.6799926757812
5595,95.96308135986328,914.22998046875
5596,95.88480377197266,919.6400146484375
5597,95.50126647949219,916.75
5598,97.32698059082031,916.8599853515625
5599,95.92205810546875,908.5499877929688
5600,97.25835418701172,923.3400268554688
5601,95.98452758789062,916.719970703125
5602,93.3080062866211,904.1900024414062
5603,94.19554901123047,906.280029296875
5604,94.90715789794922,899.75
5605,97.28434753417969,911.3400268554688
5606,97.05824279785156,912.2100219726562
5607,97.26097869873047,922.5499877929688
5608,95.4489974975586,912.5399780273438
5609,94.77649688720703,902.8599853515625
5610,97.69839477539062,911.4500122070312
5611,99.97347259521484,933.969970703125
5612,96.87294006347656,928.8200073242188
5613,96.1357650756836,927.280029296875
5614,96.15318298339844,920.8200073242188
5615,95.29590606689453,903.6099853515625
5616,96.94232940673828,915.1099853515625
5617,94.93373107910156,893.219970703125
5618,93.88092041015625,895.77001953125
5619,90.4098892211914,871.6300048828125
5620,88.64524841308594,850.6300048828125
5621,88.9072494506836,869.2899780273438
5622,89.07635498046875,874.5499877929688
5623,90.99847412109375,896.969970703125
5624,88.4911880493164,868.3699951171875
5625,94.07868194580078,908.3699951171875
5626,95.66424560546875,916.530029296875
5627,97.50247192382812,934.6699829101562
5628,93.22489166259766,908.239990234375
5629,90.95982360839844,892.5900268554688
5630,92.03924560546875,885.5900268554688
5631,94.32403564453125,901.8300170898438
5632,95.68954467773438,909.7100219726562
5633,92.90327453613281,896.2000122070312
5634,93.71820831298828,898.72998046875
5635,94.59172058105469,901.1300048828125
5636,96.220947265625,916.8599853515625
5637,96.55799102783203,919.77001953125
5638,94.89256286621094,915.530029296875
5639,94.48746490478516,912.719970703125
5640,95.21479797363281,914.4500122070312
5641,96.81598663330078,920.5599975585938
5642,97.19134521484375,919.5800170898438
5643,98.26879119873047,930.0800170898438
5644,100.80149841308594,943.9600219726562
5645,98.88645935058594,922.2100219726562
5646,96.96083068847656,911.5999755859375
5647,94.8050765991211,894.2000122070312
5648,96.01670837402344,902.6699829101562
5649,96.19652557373047,907.1400146484375
5650,98.6927490234375,928.6500244140625
5651,94.36801147460938,895.010009765625
5652,92.70439910888672,898.9099731445312
5653,93.62737274169922,909.7899780273438
5654,95.61894226074219,914.2999877929688
5655,95.09459686279297,908.969970703125
5656,95.8006591796875,914.1300048828125
5657,96.90857696533203,927.7999877929688
5658,93.55839538574219,905.969970703125
5659,92.5776596069336,898.5700073242188
5660,95.54987335205078,923.260009765625
5661,95.68618774414062,920.5800170898438
5662,96.54032897949219,928.7899780273438
5663,95.96092224121094,917.5900268554688
5664,96.12738800048828,899.6699829101562
5665,95.98289489746094,900.1699829101562
5666,97.97029876708984,915.760009765625
5667,95.92456817626953,907.219970703125
5668,98.80567932128906,923.25
5669,98.61457824707031,922.8300170898438
5670,100.06785583496094,936.47998046875
5671,98.51564025878906,924.0499877929688
5672,96.25981140136719,917.1099853515625
5673,94.20791625976562,906.530029296875
5674,90.35591888427734,873.3900146484375
5675,93.5265121459961,890.219970703125
5676,96.096923828125,901.5599975585938
5677,97.9743423461914,919.52001953125
5678,95.75528717041016,906.3300170898438
5679,97.29786682128906,921.530029296875
5680,100.6891098022461,952.6900024414062
5681,100.36259460449219,954.6699829101562
5682,96.5605697631836,939.8599853515625
5683,97.407470703125,933.02001953125
5684,95.89916229248047,919.6799926757812
5685,95.20030975341797,908.4400024414062
5686,93.06842803955078,900.9400024414062
5687,92.248046875,895.8900146484375
5688,94.50422668457031,911.219970703125
5689,95.76017761230469,917.280029296875
5690,94.16531372070312,907.0
5691,93.94050598144531,908.3200073242188
5692,95.87644958496094,923.0499877929688
5693,95.6637954711914,919.0599975585938
5694,98.16947174072266,920.0800170898438
5695,98.18689727783203,916.489990234375
5696,96.81379699707031,909.4000244140625
5697,95.81075286865234,902.0
5698,95.0211181640625,900.1199951171875
5699,93.63430786132812,891.1599731445312
5700,93.27519989013672,892.5800170898438
5701,95.85315704345703,906.97998046875
5702,97.2638931274414,914.010009765625
5703,96.40068054199219,915.1199951171875
5704,94.58629608154297,901.3099975585938
5705,94.94038391113281,906.739990234375
5706,92.59149169921875,892.719970703125
5707,95.68898010253906,915.7000122070312
5708,93.93184661865234,905.9400024414062
5709,95.18621063232422,917.6300048828125
5710,95.50983428955078,922.0900268554688
5711,97.11157989501953,927.2000122070312
5712,97.88113403320312,929.52001953125
5713,98.49263763427734,929.260009765625
5714,98.44795989990234,919.510009765625
5715,100.79468536376953,928.27001953125
5716,97.97975158691406,903.4500122070312
5717,98.00552368164062,909.469970703125
5718,95.99024963378906,911.97998046875
5719,95.1570816040039,904.530029296875
5720,93.32551574707031,884.2999877929688
5721,92.09327697753906,878.510009765625
5722,89.86534881591797,870.1300048828125
5723,87.64673614501953,855.010009765625
5724,92.2462387084961,879.5599975585938
5725,96.33233642578125,910.72998046875
5726,97.44642639160156,922.0999755859375
5727,97.01725006103516,916.77001953125
5728,95.44220733642578,897.9400024414062
5729,94.94017028808594,888.469970703125
5730,93.79318237304688,885.6500244140625
5731,95.86357116699219,911.6599731445312
5732,92.33145904541016,898.4500122070312
5733,91.27008819580078,889.8800048828125
5734,92.24136352539062,896.0599975585938
5735,94.26152801513672,907.280029296875
5736,94.2934341430664,895.7999877929688
5737,94.71294403076172,897.5599975585938
5738,93.88404083251953,889.1599731445312
5739,94.07644653320312,903.1199951171875
5740,95.62950897216797,919.5399780273438
5741,93.98505401611328,904.260009765625
5742,93.87716674804688,909.030029296875
5743,93.18933868408203,897.8499755859375
5744,97.46732330322266,918.77001953125
5745,95.15067291259766,889.0900268554688
5746,92.91532135009766,890.9199829101562
5747,92.75399780273438,894.1400146484375
5748,94.75143432617188,906.7100219726562
5749,95.3027114868164,909.3800048828125
5750,95.46421813964844,915.7999877929688
5751,93.60253143310547,896.8099975585938
5752,92.65824890136719,894.5
5753,94.52861785888672,909.6599731445312
5754,93.38333892822266,903.9400024414062
5755,93.28166198730469,898.75
5756,90.8023452758789,877.7100219726562
5757,88.70564270019531,865.3499755859375
5758,91.05274200439453,880.7999877929688
5759,91.88752746582031,883.3599853515625
5760,91.93988037109375,883.1500244140625
5761,94.27926635742188,901.47998046875
5762,96.44661712646484,930.52001953125
5763,95.7216796875,915.0399780273438
5764,92.28108978271484,889.0499877929688
5765,90.16465759277344,866.510009765625
5766,88.91325378417969,867.0
5767,92.7054214477539,882.6500244140625
5768,94.50780487060547,893.02001953125
5769,95.89112091064453,895.1699829101562
5770,94.55493927001953,893.3699951171875
5771,96.92515563964844,914.4000244140625
5772,99.32831573486328,933.02001953125
5773,95.85631561279297,912.52001953125
5774,93.96207427978516,902.6400146484375
5775,91.69322204589844,892.4400024414062
5776,93.21004486083984,908.760009765625
5777,95.15322875976562,916.52001953125
5778,94.79622650146484,920.3300170898438
5779,95.97296905517578,928.02001953125
5780,93.85493469238281,913.260009765625
5781,95.26009368896484,903.0800170898438
5782,92.36825561523438,881.6500244140625
5783,92.26561737060547,880.469970703125
5784,95.00455474853516,900.9500122070312
5785,97.63384246826172,919.9400024414062
5786,97.73460388183594,921.3400268554688
5787,96.2001953125,920.239990234375
5788,95.32271575927734,909.9400024414062
5789,96.12169647216797,916.9500122070312
5790,94.94646453857422,907.9199829101562
5791,96.94261932373047,921.0999755859375
5792,97.11946105957031,925.5399780273438
5793,98.1464614868164,928.280029296875
5794,94.12915802001953,908.7000122070312
5795,95.54817199707031,916.2999877929688
5796,94.98110961914062,915.030029296875
5797,94.01235961914062,911.0
5798,94.51738739013672,910.1500244140625
5799,91.63359069824219,886.3599853515625
5800,96.7665023803711,912.9600219726562
5801,92.4466323852539,889.3400268554688
5802,90.10066986083984,878.5
5803,89.5693130493164,869.27001953125
5804,90.80259704589844,871.239990234375
5805,92.24718475341797,886.97998046875
5806,92.03541564941406,894.3499755859375
5807,94.68451690673828,914.0900268554688
5808,97.77339935302734,928.9099731445312
5809,97.67654418945312,925.9400024414062
5810,93.48937225341797,906.8499755859375
5811,92.75386047363281,913.3599853515625
5812,91.91828918457031,902.97998046875
5813,94.33766174316406,910.3200073242188
5814,93.82444763183594,895.2999877929688
5815,94.40471649169922,898.1500244140625
5816,96.51746368408203,914.0499877929688
5817,97.13885498046875,910.2999877929688
5818,93.85562896728516,893.510009765625
5819,92.78778839111328,885.280029296875
5820,95.58334350585938,896.25
5821,96.5778579711914,902.4199829101562
5822,95.99702453613281,899.6900024414062
5823,95.19773864746094,895.5599975585938
5824,91.88494110107422,883.760009765625
5825,91.53819274902344,884.3300170898438
5826,93.07707214355469,893.4600219726562
5827,93.82804870605469,896.260009765625
5828,94.75536346435547,903.4299926757812
5829,93.2949447631836,897.8699951171875
5830,95.0847396850586,905.2899780273438
5831,96.35761260986328,909.02001953125
5832,95.05841827392578,905.1599731445312
5833,94.92015838623047,901.3099975585938
5834,96.49237823486328,899.9199829101562
5835,97.14067077636719,922.4199829101562
5836,96.112548828125,921.030029296875
5837,95.11742401123047,910.2000122070312
5838,96.5975341796875,908.3200073242188
5839,97.2206802368164,903.8300170898438
5840,96.09654998779297,901.3200073242188
5841,93.60237884521484,879.0
5842,91.16509246826172,873.8200073242188
5843,88.91487121582031,878.6900024414062
5844,91.92518615722656,896.5399780273438
5845,92.99409484863281,902.1900024414062
5846,96.10693359375,914.3699951171875
5847,95.03242492675781,909.030029296875
5848,95.69743347167969,909.6599731445312
5849,94.52703857421875,903.6099853515625
5850,95.37297821044922,900.9500122070312
5851,95.31425476074219,899.760009765625
5852,94.61138916015625,894.5499877929688
5853,90.81602478027344,880.6500244140625
5854,90.94755554199219,894.1500244140625
5855,89.43700408935547,877.4099731445312
5856,88.77442169189453,870.4500122070312
5857,90.52134704589844,868.4400024414062
5858,91.0606689453125,878.25
5859,91.89227294921875,882.719970703125
5860,91.85667419433594,884.8599853515625
5861,92.2828598022461,888.780029296875
5862,89.41873931884766,875.030029296875
5863,89.91402435302734,877.8400268554688
5864,91.10411071777344,880.7999877929688
5865,93.77311706542969,894.2100219726562
5866,92.2567367553711,886.760009765625
5867,90.63156127929688,883.5599975585938
5868,89.19454193115234,874.9299926757812
5869,93.66045379638672,899.3699951171875
5870,97.13846588134766,916.2100219726562
5871,96.85432434082031,921.1599731445312
5872,91.56490325927734,889.6599731445312
5873,93.39627075195312,894.8499755859375
5874,94.14842987060547,899.77001953125
5875,96.156005859375,908.5999755859375
5876,90.41820526123047,874.3499755859375
5877,92.61947631835938,879.9199829101562
5878,93.74673461914062,895.47998046875
5879,94.35527038574219,901.4000244140625
5880,91.18714141845703,881.4400024414062
5881,91.80391693115234,888.97998046875
5882,93.94003295898438,899.2100219726562
5883,94.66674041748047,897.6799926757812
5884,92.32429504394531,878.52001953125
5885,89.60855865478516,868.5700073242188
5886,88.14901733398438,858.22998046875
5887,92.5357894897461,880.77001953125
5888,93.19449615478516,885.260009765625
5889,92.4607162475586,888.0399780273438
5890,92.81553649902344,883.3300170898438
5891,94.61431121826172,887.8900146484375
5892,94.99027252197266,899.7000122070312
5893,94.24305725097656,895.22998046875
5894,95.35302734375,900.010009765625
5895,94.3102035522461,882.4600219726562
5896,93.81278991699219,883.2100219726562
5897,90.18384552001953,875.8599853515625
5898,91.24811553955078,874.5499877929688
5899,92.70711517333984,881.8200073242188
5900,95.3693618774414,899.5499877929688
5901,95.90814971923828,905.8300170898438
5902,97.32068634033203,910.9500122070312
5903,96.92948150634766,920.239990234375
5904,97.47514343261719,921.2000122070312
5905,94.74217224121094,916.2999877929688
5906,94.76183319091797,905.719970703125
5907,94.51170349121094,901.8499755859375
5908,95.65754699707031,893.6900024414062
5909,94.88294982910156,882.3499755859375
5910,92.72994995117188,878.8400268554688
5911,92.38529968261719,892.6500244140625
5912,92.44760131835938,893.2100219726562
5913,95.43181610107422,914.8599853515625
5914,94.77365112304688,910.3599853515625
5915,96.51141357421875,916.77001953125
5916,97.025146484375,924.6900024414062
5917,93.48406982421875,892.4099731445312
5918,92.95800018310547,888.9400024414062
5919,92.9149398803711,890.9400024414062
5920,94.90497589111328,901.9299926757812
5921,95.67703247070312,904.4500122070312
5922,97.1822280883789,912.1799926757812
5923,95.23329162597656,902.6500244140625
5924,95.40708923339844,896.5399780273438
5925,98.11225128173828,910.5499877929688
5926,98.91868591308594,922.4199829101562
5927,96.75204467773438,913.4299926757812
5928,97.2179183959961,915.1599731445312
5929,96.10877227783203,902.4400024414062
5930,97.04625701904297,914.0
5931,95.5611343383789,911.530029296875
5932,96.60478973388672,910.239990234375
5933,97.79112243652344,917.6300048828125
5934,100.08421325683594,922.8400268554688
5935,98.27471923828125,918.3099975585938
5936,96.55823516845703,897.0700073242188
5937,96.72346496582031,902.9000244140625
5938,99.41493225097656,928.5599975585938
5939,98.61537170410156,931.2000122070312
5940,98.04520416259766,934.5999755859375
5941,97.54930114746094,929.47998046875
5942,98.60679626464844,922.1199951171875
5943,97.6287841796875,920.4600219726562
5944,97.45817565917969,926.8400268554688
5945,95.06964874267578,906.9500122070312
5946,96.14401245117188,911.760009765625
5947,95.29312133789062,907.8699951171875
5948,98.38976287841797,925.2899780273438
5949,94.7479248046875,900.6599731445312
5950,95.8784408569336,912.1300048828125
5951,97.04019927978516,914.1400146484375
5952,98.41964721679688,930.6199951171875
5953,98.30352020263672,927.0499877929688
5954,98.39582824707031,921.739990234375
5955,97.47998809814453,907.9199829101562
5956,98.01380157470703,907.0700073242188
5957,97.57589721679688,916.9500122070312
5958,100.36424255371094,930.5499877929688
5959,98.43122100830078,917.530029296875
5960,100.11860656738281,924.2999877929688
5961,98.00473022460938,910.0399780273438
5962,99.28489685058594,927.0599975585938
5963,99.720458984375,929.030029296875
5964,96.65974426269531,911.219970703125
5965,97.27511596679688,918.0700073242188
5966,97.98301696777344,921.6900024414062
5967,98.96823120117188,924.1300048828125
5968,97.62596893310547,907.760009765625
5969,94.1326675415039,887.6799926757812
5970,92.376953125,876.75
5971,90.6916275024414,880.8699951171875
5972,93.71160888671875,900.6300048828125
5973,94.81956481933594,912.4199829101562
5974,96.98075103759766,922.75
5975,96.87712860107422,916.1799926757812
5976,95.21705627441406,903.1699829101562
5977,91.74644470214844,879.969970703125
5978,94.41761016845703,902.9600219726562
5979,93.7420883178711,900.3200073242188
5980,91.885009765625,881.1799926757812
5981,92.49640655517578,885.22998046875
5982,93.89408874511719,891.7000122070312
5983,94.46195220947266,899.6599731445312
5984,92.39144134521484,886.3200073242188
5985,94.62157440185547,886.8099975585938
5986,95.34345245361328,900.7000122070312
5987,96.1945571899414,913.989990234375
5988,95.35523986816406,918.489990234375
5989,94.85382843017578,904.8900146484375
5990,95.94795227050781,895.4400024414062
5991,93.0692138671875,874.8499755859375
5992,95.8153076171875,902.8599853515625
5993,95.23384857177734,900.7100219726562
5994,98.58086395263672,919.5800170898438
5995,96.24851989746094,910.9199829101562
5996,95.0691909790039,905.6599731445312
5997,96.11138916015625,918.0399780273438
5998,96.64173126220703,920.8099975585938
5999,94.3328857421875,906.1199951171875
